============================================================
 SALAMI 7.3 GIT / ATH12K INVESTIGATION
 2026-09-30T17:50:09+00:00
============================================================

=== 1. CURRENT STATE ===
## test-7.3-batch
 M arch/arm64/boot/dts/qcom/sm8550-oneplus-salami.dts
?? build.log

33de5a8680b516f33280ceb80ccca021250bc446

commit 33de5a8680b516f33280ceb80ccca021250bc446
Author:     degdag <degdagmohamed@gmail.com>
AuthorDate: Wed Sep 30 04:03:13 2026 +0000
Commit:     degdag <degdagmohamed@gmail.com>
CommitDate: Wed Sep 30 04:03:13 2026 +0000

    Revert "bus: mhi: core: Fix sys error transition latency"
    
    This reverts commit 22568e8f13a42ab69b7d624741768cbf15dded74.

=== 2. REMOTES ===
giulia	https://github.com/oboev/linux.git (fetch)
giulia	https://github.com/oboev/linux.git (push)
origin	https://github.com/degdag/sm8550-mainline.git (fetch) [blob:none]
origin	https://github.com/degdag/sm8550-mainline.git (push)
torvalds	https://git.kernel.org/pub/scm/linux/kernel/git/torvalds/linux.git (fetch)
torvalds	https://git.kernel.org/pub/scm/linux/kernel/git/torvalds/linux.git (push)

=== 3. LOCAL BRANCHES ===
+ 7.2-salami       69bfc88fde4c (/home/degdag/sm8550-7.2) arm64: dts: qcom: sm8550-oneplus-salami: drop the executable bit
  7.3-salami       e1e100cc5079 arm64: dts: qcom: drop the Xiaomi Pad 6S Pro (sheng) DTS
  sheng-7.2        e45a51599a8b [origin/sheng-7.2] net: ipa: v5.5 data tweaks (QSB limits, AP_LAN_RX endpoint, imem_addr 0x146a8000) and FnR count over QMI
* test-7.3-batch   33de5a8680b5 Revert "bus: mhi: core: Fix sys error transition latency"
  test-7.3-reverts 4e47c8a55ce5 power: sequencing: qcom-wcn: program the AOP WLAN PDC and pulse WLAN_EN

=== 4. ALL REFS THAT LOOK LIKE KERNEL 7.2 / 7.3 ===
69bfc88fde4ccd36bbc4b1d92670e0ed9c6653a9 refs/heads/7.2-salami
e1e100cc50797c50d2a18a294ea9d645210e9380 refs/heads/7.3-salami
e45a51599a8b4dc6f97b0d353b7aa5995808003e refs/heads/sheng-7.2
33de5a8680b516f33280ceb80ccca021250bc446 refs/heads/test-7.3-batch
4e47c8a55ce5b071ac2400df97b4a348eaa1663f refs/heads/test-7.3-reverts
e45a51599a8b4dc6f97b0d353b7aa5995808003e refs/remotes/origin/sheng-7.2
69bfc88fde4ccd36bbc4b1d92670e0ed9c6653a9 refs/tags/7.2-salami-backup
237a1c39e8dfd3e1c6f1f023eea37a48ec04cc63 refs/tags/v7.2
728e68a889bcf257b1e67298b12c360e5c3a13e0 refs/tags/v7.2-rc1
4c45e14df2f4e77982ad70d6d8e3fe750edd4c37 refs/tags/v7.2-rc2
1137d8b5df06137fb49513cc923b3b24d94cb809 refs/tags/v7.2-rc3
6946cd5d0aa4dd10a414ddcb7a10844fdb0ad345 refs/tags/v7.2-rc4
a8e429896436e8c2d288181f875f92af8204bc58 refs/tags/v7.2-rc5
d7dd96eb916519208210bb4a0408fcf4f7fdce5d refs/tags/v7.2-rc6
2ee859ebf156157609f71060ae472711c8cbc326 refs/tags/v7.2-rc7
e5e04726cdd043e309677071ab1b65a4b18f422b refs/tags/v7.3-rc1
5e036ce12de91c6fd674dad33b169c6150be2a7a refs/tags/v7.3-rc2
c2cd463d6ee7d55a3ec0719d93c49ff99022d58f refs/tags/v7.3-rc3
dec005ae90a2946656a090f37bf1cfbd22f08e57 refs/tags/v7.3-rc4
5a956dde5526a634dca7ccad27c051ebcc306089 refs/tags/v7.3-rc5

=== 5. LOCAL TAGS AROUND 7.2 / 7.3 ===
7.2-salami-backup
v7.2
v7.2-rc1
v7.2-rc2
v7.2-rc3
v7.2-rc4
v7.2-rc5
v7.2-rc6
v7.2-rc7
v7.3-rc1
v7.3-rc2
v7.3-rc3
v7.3-rc4
v7.3-rc5

=== 6. REMOTE-TRACKING BRANCHES AROUND 7.2 / 7.3 ===
  giulia/HEAD -> giulia/master
  giulia/master
  origin/sheng-7.2

=== 7. RECENT HISTORY OF CURRENT BRANCH ===
* 33de5a8680b5 (HEAD -> test-7.3-batch) Revert "bus: mhi: core: Fix sys error transition latency"
* 3d43ee9435b7 Revert "PCI/portdrv: Allow probing even without child services"
* e12124b70f1b Revert "PCI: qcom: Rename qcom_pcie_set_slot_nccs() to qcom_pcie_set_slot_cap()"
* 648fe2955170 Revert "bus: mhi: host: Flush the posted write after writing to MHI_SOC_RESET_REQ_OFFSET"
* 485b36dc19d2 Revert "PCI: qcom: Clear Attention Button Present in Slot Capabilities"
* 34fc0423503e Revert "PCI/ASPM: Use pcie_capability_clear_and_set_word() for ASPM disable/restore"
* 01e4f5f42fce Revert "PCI/ASPM: Disable/restore ASPM on every function for multi-function devices"
* 0bbfdc1c0b65 Revert "PCI/ASPM: Mask ASPM states based on Devicetree properties"
* 4e47c8a55ce5 (test-7.3-reverts) power: sequencing: qcom-wcn: program the AOP WLAN PDC and pulse WLAN_EN
* aac05d067525 Revert "PCI: qcom: Implement .reset_root_port() and use for link down"
* 19277173e701 Revert "net: qrtr: Send HELLO message on endpoint register"
* cb9b410a03fa Revert "net: qrtr: resend HELLO on MHI resume"
* e1e100cc5079 (7.3-salami) arm64: dts: qcom: drop the Xiaomi Pad 6S Pro (sheng) DTS
* 087dce936a3a arm64: dts: qcom: sm8550-oneplus-salami: use the new pcie0_port0 label
* 80ca8c83a149 drm/panel: samsung-amb670yf08: drop dsc_slice_per_pkt, 1 is the default upstream
* d6a59d6e285c arm64: dts: qcom: sm8550-oneplus-salami: drop the executable bit
* 95b84cf73c3b arm64: dts: qcom: sm8550-oneplus-salami: name the sound card salamisnd
* 3eaf690edde0 ASoC: qcom: q6apm: use Salami VCPM calibration firmware
* 3663d1708c6e ASoC: qcom: q6apm: register VCPM's transmit calibration so the vocoder sets the TX rate
* 83c07a4f58ec ASoC: qcom: q6apm: gate a playback stream's right slot on its converter
* 31fff87ed4d9 ASoC: qcom: audioreach: carry cross-open links declared by open graphs
* cff7e4f73991 ASoC: qcom: audioreach: run the transmit voice MFCs at the vocoder rate
* 7857fcba1914 ASoC: qcom: audioreach: control-link the vocoder mailboxes to endpoints
* eab1d73f6090 ASoC: qcom: q6apm: open a voice RX graph and its backend in one GRAPH_OPEN
* 07384c181554 ASoC: qcom: audioreach: configure data-logging modules in voice graphs
* acd65ca66503 ASoC: qcom: audioreach: count the module-list header once, not per container
* 3d42d4212392 ASoC: qcom: q6apm: voice bring-up fixes
* f3bee9b7a05c ASoC: qcom: q6apm: drive hostless voice-call graphs
* f75ea0c1f222 ASoC: qcom: audioreach: describe 24-bit PCM as 32-bit words
* 28322feec1dd net: ipa: v5.5 data tweaks (QSB limits, AP_LAN_RX endpoint, imem_addr 0x146a8000) and FnR count over QMI
* 15454e9c8495 arm64: dts: qcom: sm8550/salami: IPA IMEM slice and reserved-memory changes
* d5778f188cb3 clk: qcom: dispcc-sm8550: don't park the MDP RCG at init
* 38f8b4d96e36 iommu/arm-smmu-qcom: add SM8550 MDSS to client list
* 557c3b4e31d9 fixup
* 51423b50c977 fixup
* 12f0d6282a97 Initial support for OnePlus 11 5G
* 97321cd7f26d net: ipa: fix the v5.5 WAN downlink endpoint ids
* 3eefcbf78176 Input: nt36532e: Log fw history as error
* 79986902bef2 SHENG: Add DisplayPort Playback
* 47249d5dd7f7 SHENG: Enable HBR3 on external DP
* 9bc5cbecd344 backlight: ktz8866: Fix to actually disable LCD Bias when panel is off KTZ8866 has only VIN as power supply, ENP and ENN gpios are used to control KTZ8866 LCD Bias. Also fix for dual KTZ8866 case. Don't enable LCD Bias for Slave, since LCD Bias is only provided by Master.
* d114051b390f HID: wn8030: Add offline authentication support
* c69126d49279 HID: wn8030: Prevent MCU in keyboard from sleeping and improve suspend/remove safety
* 926a3eca8f6f Input: nt36532e: Remove data_buf and use proper address for reading point data
* 6447b678457a Input: nt36532e: Fix randomly delayed touch exit events when quickly tapping
* 69456ded52df drm/msm/a6xx: Enable IFPC on Adreno 740 Same as overclocked Adreno 741
* 9c51642ac580 arm64: dts: qcom: sm8550: Describe GPU_CC power plumbing requirements
* aacb2e5fb61e interconnect: qcom: sm8550: Enable QoS configuration
* 1ed53de9f3bb SM8550: Add missing compute context banks to CDSP node
* 856cccd85f6c Input: nt36532e: Use touch data from internal event buffer instead of host processing
* 5ada02d44a76 SHENG: Add rtc-offset node and enable RTC config
* aa56e1ecb202 SHENG: Add nanosic_mcu node
* 0f1acc28c2c7 HID: Add Nanosic WN8030 driver
* 2cd55832b4ca ASoC: codecs: wcd938x: fix wcd938x_get_swr_port
* 27074f2ea426 SHENG: Add iris node
* df89e8efa10b ASoC: cs35l43: suppress log spam
* c4f497928e6b SHENG: Add ps5169 node
* 55d5121d576f usb: typec: Add PS5169 linear redriver driver
* 7963ca0286df SHENG: Add gt9764 node
* 817144fb7b20 media: i2c: dw9768: Add initial focus, custom move delay and gt9764 support
* 1f67f2a0258f ath12k: Force Single Chip MLO support to fix firmware boot Booting new firmwares like "WLAN.HMT.1.1.c2-00259-QCAHMTSWPL_V1.0_V2.0_SILICONZ-1" is broken since https://github.com/torvalds/linux/commit/46d16f7e1d1413ad7ff99c1334d8874623717745 commit, so force enable single chip MLO like it was before.
* a9301449ae48 SHENG: Add camera nodes and memory
* b96f6b8ee85c media: i2c: Add S5KJN1 image sensor driver
* 715f699f342c media: i2c: Add OV32D40 image sensor driver
* 7330a1b7fa7e media: i2c: Add OV02B1B image sensor driver
* 44e413855591 SHENG: Fix supply for l6m and l7m regulators
* d5b056d1c804 SM8550: Add missing master1 to cci1 node
* d82f92159077 SHENG: Add Secondary I2S
* b979716b1201 ASoC: qcom: sc8280xp: Add Secondary I2S support
* 29763178c3f2 SM8550: Fix L2 cache for CPU2 and add cache sizes
* 460b1232ab0d SHENG: Fix reserved memory regions and remove unused regions Test using memtester is successful with 99.8% memory usage, nothing crashed and no access errors in hypervisor log.
* e54a0094ce28 SHENG: use the PMU to power up bluetooth
* 00a9f0be0410 SHENG: Add wcd9380 and sound node
* bf95f737073d Input: nt36532e: Remove initial firmware update delay It's not required anymore, since panel state check was added.
* 63ea74576614 Input: nt36532e: Fix broken state when display isn't fully initialized
* 18bf6e3b8803 SHENG: Add Hall Effect Sensor for magnetic cover detection
* da964279569d SHENG: Enable Flashlight and RGB LED support
* 3c12ccac06ec Input: Add experimental nt36532e touch driver. Xiaomi's nt36532e firmware only reports raw capacitive data instead of regular touch events, so until I find out how to enable regular event parser, basic frame parser will be used, it supports only one finger and it's not really accurate.
* 232537528819 SHENG: Enable GPI DMA nodes
* 614608995b95 SHENG: Remove splash_region node

=== 8. FULL HISTORY AROUND THE 7.3-SALAMI POINTER ===
* e1e100cc5079 (7.3-salami) arm64: dts: qcom: drop the Xiaomi Pad 6S Pro (sheng) DTS
* 087dce936a3a arm64: dts: qcom: sm8550-oneplus-salami: use the new pcie0_port0 label
* 80ca8c83a149 drm/panel: samsung-amb670yf08: drop dsc_slice_per_pkt, 1 is the default upstream
* d6a59d6e285c arm64: dts: qcom: sm8550-oneplus-salami: drop the executable bit
* 95b84cf73c3b arm64: dts: qcom: sm8550-oneplus-salami: name the sound card salamisnd
* 3eaf690edde0 ASoC: qcom: q6apm: use Salami VCPM calibration firmware
* 3663d1708c6e ASoC: qcom: q6apm: register VCPM's transmit calibration so the vocoder sets the TX rate
* 83c07a4f58ec ASoC: qcom: q6apm: gate a playback stream's right slot on its converter
* 31fff87ed4d9 ASoC: qcom: audioreach: carry cross-open links declared by open graphs
* cff7e4f73991 ASoC: qcom: audioreach: run the transmit voice MFCs at the vocoder rate
* 7857fcba1914 ASoC: qcom: audioreach: control-link the vocoder mailboxes to endpoints
* eab1d73f6090 ASoC: qcom: q6apm: open a voice RX graph and its backend in one GRAPH_OPEN
* 07384c181554 ASoC: qcom: audioreach: configure data-logging modules in voice graphs
* acd65ca66503 ASoC: qcom: audioreach: count the module-list header once, not per container
* 3d42d4212392 ASoC: qcom: q6apm: voice bring-up fixes
* f3bee9b7a05c ASoC: qcom: q6apm: drive hostless voice-call graphs
* f75ea0c1f222 ASoC: qcom: audioreach: describe 24-bit PCM as 32-bit words
* 28322feec1dd net: ipa: v5.5 data tweaks (QSB limits, AP_LAN_RX endpoint, imem_addr 0x146a8000) and FnR count over QMI
* 15454e9c8495 arm64: dts: qcom: sm8550/salami: IPA IMEM slice and reserved-memory changes
* d5778f188cb3 clk: qcom: dispcc-sm8550: don't park the MDP RCG at init
* 38f8b4d96e36 iommu/arm-smmu-qcom: add SM8550 MDSS to client list
* 557c3b4e31d9 fixup
* 51423b50c977 fixup
* 12f0d6282a97 Initial support for OnePlus 11 5G
* 97321cd7f26d net: ipa: fix the v5.5 WAN downlink endpoint ids
* 3eefcbf78176 Input: nt36532e: Log fw history as error
* 79986902bef2 SHENG: Add DisplayPort Playback
* 47249d5dd7f7 SHENG: Enable HBR3 on external DP
* 9bc5cbecd344 backlight: ktz8866: Fix to actually disable LCD Bias when panel is off KTZ8866 has only VIN as power supply, ENP and ENN gpios are used to control KTZ8866 LCD Bias. Also fix for dual KTZ8866 case. Don't enable LCD Bias for Slave, since LCD Bias is only provided by Master.
* d114051b390f HID: wn8030: Add offline authentication support
* c69126d49279 HID: wn8030: Prevent MCU in keyboard from sleeping and improve suspend/remove safety
* 926a3eca8f6f Input: nt36532e: Remove data_buf and use proper address for reading point data
* 6447b678457a Input: nt36532e: Fix randomly delayed touch exit events when quickly tapping
* 69456ded52df drm/msm/a6xx: Enable IFPC on Adreno 740 Same as overclocked Adreno 741
* 9c51642ac580 arm64: dts: qcom: sm8550: Describe GPU_CC power plumbing requirements
* aacb2e5fb61e interconnect: qcom: sm8550: Enable QoS configuration
* 1ed53de9f3bb SM8550: Add missing compute context banks to CDSP node
* 856cccd85f6c Input: nt36532e: Use touch data from internal event buffer instead of host processing
* 5ada02d44a76 SHENG: Add rtc-offset node and enable RTC config
* aa56e1ecb202 SHENG: Add nanosic_mcu node
* 0f1acc28c2c7 HID: Add Nanosic WN8030 driver
* 2cd55832b4ca ASoC: codecs: wcd938x: fix wcd938x_get_swr_port
* 27074f2ea426 SHENG: Add iris node
* df89e8efa10b ASoC: cs35l43: suppress log spam
* c4f497928e6b SHENG: Add ps5169 node
* 55d5121d576f usb: typec: Add PS5169 linear redriver driver
* 7963ca0286df SHENG: Add gt9764 node
* 817144fb7b20 media: i2c: dw9768: Add initial focus, custom move delay and gt9764 support
* 1f67f2a0258f ath12k: Force Single Chip MLO support to fix firmware boot Booting new firmwares like "WLAN.HMT.1.1.c2-00259-QCAHMTSWPL_V1.0_V2.0_SILICONZ-1" is broken since https://github.com/torvalds/linux/commit/46d16f7e1d1413ad7ff99c1334d8874623717745 commit, so force enable single chip MLO like it was before.
* a9301449ae48 SHENG: Add camera nodes and memory
* b96f6b8ee85c media: i2c: Add S5KJN1 image sensor driver
* 715f699f342c media: i2c: Add OV32D40 image sensor driver
* 7330a1b7fa7e media: i2c: Add OV02B1B image sensor driver
* 44e413855591 SHENG: Fix supply for l6m and l7m regulators
* d5b056d1c804 SM8550: Add missing master1 to cci1 node
* d82f92159077 SHENG: Add Secondary I2S
* b979716b1201 ASoC: qcom: sc8280xp: Add Secondary I2S support
* 29763178c3f2 SM8550: Fix L2 cache for CPU2 and add cache sizes
* 460b1232ab0d SHENG: Fix reserved memory regions and remove unused regions Test using memtester is successful with 99.8% memory usage, nothing crashed and no access errors in hypervisor log.
* e54a0094ce28 SHENG: use the PMU to power up bluetooth
* 00a9f0be0410 SHENG: Add wcd9380 and sound node
* bf95f737073d Input: nt36532e: Remove initial firmware update delay It's not required anymore, since panel state check was added.
* 63ea74576614 Input: nt36532e: Fix broken state when display isn't fully initialized
* 18bf6e3b8803 SHENG: Add Hall Effect Sensor for magnetic cover detection
* da964279569d SHENG: Enable Flashlight and RGB LED support
* 3c12ccac06ec Input: Add experimental nt36532e touch driver. Xiaomi's nt36532e firmware only reports raw capacitive data instead of regular touch events, so until I find out how to enable regular event parser, basic frame parser will be used, it supports only one finger and it's not really accurate.
* 232537528819 SHENG: Enable GPI DMA nodes
* 614608995b95 SHENG: Remove splash_region node
* e49e31b97513 SHENG: Add ktz8866 nodes
* 1a06647f80d1 backlight: ktz8866: Add hacky support for dual ktz8866
* d5cf41e193f3 SHENG: Add cs35l43 nodes
* 2081f35e8282 ASoC: Add cs35l43 codec driver
* dabb21da47e6 qcom_battmgr: Add support for sm8550 xiaomi adsp changes
* 88d4a3beb3e0 ath12k: Generate random mac address if mac in eeprom is empty.
* 8703de46bcde ath12k: Disable rfkill pin for now Fixes wifi hard block issue on Pad 6S Pro.
* ec4c4e1c5aae drm/msm/dsi: change sync mode to sync on DSI0 rather than DSI1
* 5c66f9071ed3 SM8550: Add sm8550.config fragment
* 8721038148c8 SM8550: Add device tree for Xiaomi Pad 6S Pro 12.4
* 72d3fcf802c4 (tag: v7.3-rc5) Linux 7.3-rc5
*   d266640c6c76 Merge tag 'driver-core-7.3-rc5' of git://git.kernel.org/pub/scm/linux/kernel/git/driver-core/driver-core
|\  
* \   64d34cef2a32 Merge tag 'i2c-fixes-7.3-rc5' of git://git.kernel.org/pub/scm/linux/kernel/git/andi.shyti/linux
|\ \  
* \ \   104484baf748 Merge tag 'wq-for-7.3-rc4-fixes' of git://git.kernel.org/pub/scm/linux/kernel/git/tj/wq
|\ \ \  
* \ \ \   b1fa457bddf0 Merge tag 'cgroup-for-7.3-rc4-fixes-2' of git://git.kernel.org/pub/scm/linux/kernel/git/tj/cgroup
|\ \ \ \  
* \ \ \ \   7cdf91542e1e Merge tag 'sched_ext-for-7.3-rc4-fixes-2' of git://git.kernel.org/pub/scm/linux/kernel/git/tj/sched_ext
|\ \ \ \ \  
* \ \ \ \ \   efb44d93a620 Merge tag 'x86-urgent-2026-09-27' of git://git.kernel.org/pub/scm/linux/kernel/git/tip/tip
|\ \ \ \ \ \  
* \ \ \ \ \ \   673dab7eac16 Merge tag 'sched-urgent-2026-09-27' of git://git.kernel.org/pub/scm/linux/kernel/git/tip/tip
|\ \ \ \ \ \ \  
* \ \ \ \ \ \ \   5ccda18d1ba2 Merge tag 'perf-urgent-2026-09-27' of git://git.kernel.org/pub/scm/linux/kernel/git/tip/tip
|\ \ \ \ \ \ \ \  
| | | | | | * | | db6365ced4d5 workqueue: Fix NULL current_pwq deref in flush dependency check
| | | | * | | | | 94480606a677 sched_ext: Add a size argument to scx_bpf_cid_topo() so struct scx_cid_topo can grow
* | | | | | | | |   fd179f8a05be Merge tag 'ata-7.3-rc5' of git://git.kernel.org/pub/scm/linux/kernel/git/libata/linux
|\ \ \ \ \ \ \ \ \  
| | | | | | * | | | 31c88350b7dd cgroup/cpuset: Return PERR_NOCPUS in remote_partition_enable() on subpartitions_cpus conflict
* | | | | | | | | |   fddfc3ec3179 Merge tag 'pci-v7.3-fixes-2' of git://git.kernel.org/pub/scm/linux/kernel/git/pci/pci
|\ \ \ \ \ \ \ \ \ \  
* \ \ \ \ \ \ \ \ \ \   efb27d476773 Merge tag 'probes-fixes-v7.3-rc4' of git://git.kernel.org/pub/scm/linux/kernel/git/trace/linux-trace
|\ \ \ \ \ \ \ \ \ \ \  
* \ \ \ \ \ \ \ \ \ \ \   eff8d2791c08 Merge tag 'for-linus' of git://git.kernel.org/pub/scm/virt/kvm/kvm
|\ \ \ \ \ \ \ \ \ \ \ \  
| * \ \ \ \ \ \ \ \ \ \ \   c2f24f140c2e Merge tag 'kvm-x86-fixes-7.3-rc5' of https://github.com/kvm-x86/linux into HEAD
| |\ \ \ \ \ \ \ \ \ \ \ \  
| * | | | | | | | | | | | | 93de2a6a4b91 KVM: SEV: Do cache maintenance on the source VM during intra-host migration
| * | | | | | | | | | | | | 12c1f6e03f94 KVM: SEV: Free have_run_cpus during VM destruction even if VM is no longer SEV
* | | | | | | | | | | | | |   6812ce4e4379 Merge tag 'drm-fixes-2026-09-26' of https://gitlab.freedesktop.org/drm/kernel
|\ \ \ \ \ \ \ \ \ \ \ \ \ \  
* \ \ \ \ \ \ \ \ \ \ \ \ \ \   75467f60a3d1 Merge tag 'ipe-pr-20260925' of git://git.kernel.org/pub/scm/linux/kernel/git/wufan/ipe
|\ \ \ \ \ \ \ \ \ \ \ \ \ \ \  
| | * \ \ \ \ \ \ \ \ \ \ \ \ \   a9ed3aa9b87e Merge tag 'drm-misc-fixes-2026-09-24' of https://gitlab.freedesktop.org/drm/misc/kernel into drm-fixes
| | |\ \ \ \ \ \ \ \ \ \ \ \ \ \  
* | | \ \ \ \ \ \ \ \ \ \ \ \ \ \   049380360ca6 Merge tag 'scsi-fixes' of git://git.kernel.org/pub/scm/linux/kernel/git/jejb/scsi
|\ \ \ \ \ \ \ \ \ \ \ \ \ \ \ \ \  
| | * | | | | | | | | | | | | | | | 2776e9c28513 ipe: protect the dm-verity root hash with RCU
| | * | | | | | | | | | | | | | | | 9814077275ec ipe: fix use-after-free when auditing a newly loaded policy
* | | | | | | | | | | | | | | | | |   f14572c203d5 Merge tag 'cifs-fixes-7.3-rc5' of https://git.manguebit.org/linux
|\ \ \ \ \ \ \ \ \ \ \ \ \ \ \ \ \ \  
* \ \ \ \ \ \ \ \ \ \ \ \ \ \ \ \ \ \   aa98230e410f Merge tag 'vfs-7.3-rc5.fixes' of git://git.kernel.org/pub/scm/linux/kernel/git/vfs/vfs
|\ \ \ \ \ \ \ \ \ \ \ \ \ \ \ \ \ \ \  
* \ \ \ \ \ \ \ \ \ \ \ \ \ \ \ \ \ \ \   a2ff1b626e1c Merge tag 'fs_for_v7.3-rc5' of git://git.kernel.org/pub/scm/linux/kernel/git/jack/linux-fs
|\ \ \ \ \ \ \ \ \ \ \ \ \ \ \ \ \ \ \ \  
* \ \ \ \ \ \ \ \ \ \ \ \ \ \ \ \ \ \ \ \   b9dbb658e210 Merge tag 'thermal-7.3-rc5' of git://git.kernel.org/pub/scm/linux/kernel/git/rafael/linux-pm
|\ \ \ \ \ \ \ \ \ \ \ \ \ \ \ \ \ \ \ \ \  
* \ \ \ \ \ \ \ \ \ \ \ \ \ \ \ \ \ \ \ \ \   4ba51ef66a77 Merge tag 'pm-7.3-rc5' of git://git.kernel.org/pub/scm/linux/kernel/git/rafael/linux-pm
|\ \ \ \ \ \ \ \ \ \ \ \ \ \ \ \ \ \ \ \ \ \  
* \ \ \ \ \ \ \ \ \ \ \ \ \ \ \ \ \ \ \ \ \ \   547463efb935 Merge tag 's390-7.3-4' of git://git.kernel.org/pub/scm/linux/kernel/git/s390/linux
|\ \ \ \ \ \ \ \ \ \ \ \ \ \ \ \ \ \ \ \ \ \ \  
* \ \ \ \ \ \ \ \ \ \ \ \ \ \ \ \ \ \ \ \ \ \ \   80e466f0c8ac Merge tag 'gpio-fixes-for-v7.3-rc5' of git://git.kernel.org/pub/scm/linux/kernel/git/brgl/linux
|\ \ \ \ \ \ \ \ \ \ \ \ \ \ \ \ \ \ \ \ \ \ \ \  
| | | | | | * | | | | | | | | | | | | | | | | | | b78b728e21c3 netfs: Fix missing alloc tagging of direct mempool allocations
| | | | | | * | | | | | | | | | | | | | | | | | | 35d442ed1f86 bpf: fs/xattr: don't assume the inode is locked in path_unlink/path_rmdir
| | | | | | * | | | | | | | | | | | | | | | | | | aa5e44b29ffe autofs: fix sbi->pipe file reference leak in autofs_kill_sb()
| | | | | | | | | | | | | | * | | | | | | | | | | 5bfa9f1a9dcb kprobes: Fix permanent hang when flushing the kprobe optimizer
| | | | | | * | | | | | | | | | | | | | | | | | | 76d8e697242e dcache: unpoison the inline name buffer in __d_alloc()
| | | | | | * | | | | | | | | | | | | | | | | | | ae146bc1abde ovl: fix UAF in ovl_do_mkdir() debug print
| | | | | | | | | | | | | | | | * | | | | | | | | 113dcdfadf30 MAINTAINERS: name the libata/linux for-next branch
| | | | | | | | | | * | | | | | | | | | | | | | |   0f50dab8b426 Merge tag 'amd-drm-fixes-7.3-2026-09-24' of https://gitlab.freedesktop.org/drm/amdgpu/kernel into drm-fixes
| | | | | | | | | | |\ \ \ \ \ \ \ \ \ \ \ \ \ \ \  
| | | | | | | | | | * \ \ \ \ \ \ \ \ \ \ \ \ \ \ \   c5d1690ff144 Merge tag 'drm-xe-fixes-2026-09-24' of https://gitlab.freedesktop.org/drm/xe/kernel into drm-fixes
| | | | | | | | | | |\ \ \ \ \ \ \ \ \ \ \ \ \ \ \ \  
* | | | | | | | | | | \ \ \ \ \ \ \ \ \ \ \ \ \ \ \ \   165768bb7026 Merge tag 'firewire-fixes-7.3-rc5' of git://git.kernel.org/pub/scm/linux/kernel/git/ieee1394/linux1394
|\ \ \ \ \ \ \ \ \ \ \ \ \ \ \ \ \ \ \ \ \ \ \ \ \ \ \  
| | | | | | | | | | | * | | | | | | | | | | | | | | | | fd0ba310f9ab Merge tag 'drm-intel-fixes-2026-09-24' of https://gitlab.freedesktop.org/drm/i915/kernel into drm-fixes
| | | | | | | | | | |/| | | | | | | | | | | | | | | | | 
* | | | | | | | | | | | | | | | | | | | | | | | | | | |   ee9c669f9bf5 Merge tag 'sched_ext-for-7.3-rc4-fixes' of git://git.kernel.org/pub/scm/linux/kernel/git/tj/sched_ext
|\ \ \ \ \ \ \ \ \ \ \ \ \ \ \ \ \ \ \ \ \ \ \ \ \ \ \ \  
| | |_|_|_|_|_|_|_|_|_|_|_|_|_|_|_|_|_|_|_|_|_|/ / / / /  
| |/| | | | | | | | | | | | | | | | | | | | | | | | | |   
* | | | | | | | | | | | | | | | | | | | | | | | | | | |   e8dfd03a1c51 Merge tag 'cgroup-for-7.3-rc4-fixes' of git://git.kernel.org/pub/scm/linux/kernel/git/tj/cgroup
|\ \ \ \ \ \ \ \ \ \ \ \ \ \ \ \ \ \ \ \ \ \ \ \ \ \ \ \  
| | |_|_|_|_|_|_|_|_|_|_|_|_|_|_|_|_|_|_|_|_|_|_|/ / / /  
| |/| | | | | | | | | | | | | | | | | | | | | | | | | |   
| | | | | | | | | | | | | | | | | | | | | | | | | | * | cb97bf3d4f91 i2c: qcom-geni: Fix hardcoded clock index in SE_GENI_CLK_SEL
| | | | | | | | | | | | | |_|_|_|_|_|_|_|_|_|_|_|_|/ /  
| | | | | | | | | | | | |/| | | | | | | | | | | | | |   
* | | | | | | | | | | | | | | | | | | | | | | | | | |   f2c53ea949c5 Merge tag 'net-7.3-rc5' of git://git.kernel.org/pub/scm/linux/kernel/git/netdev/net
|\ \ \ \ \ \ \ \ \ \ \ \ \ \ \ \ \ \ \ \ \ \ \ \ \ \ \  
| * | | | | | | | | | | | | | | | | | | | | | | | | | | fc6d80eb5044 tcp: prevent collapsing skbs across boundary in rtx queue
| * | | | | | | | | | | | | | | | | | | | | | | | | | |   1078a38344a8 Merge branch 'vlan-ensure-sufficient-headroom-in-vlan_dev_hard_header'
| |\ \ \ \ \ \ \ \ \ \ \ \ \ \ \ \ \ \ \ \ \ \ \ \ \ \ \  
| | * | | | | | | | | | | | | | | | | | | | | | | | | | | cd5dd68267c4 vlan: ensure sufficient headroom in vlan_dev_hard_header()
| | * | | | | | | | | | | | | | | | | | | | | | | | | | | 907b978e82cb net/sched: sch_teql: fix shadowed err in __teql_resolve()
| | * | | | | | | | | | | | | | | | | | | | | | | | | | | ac704ff08e51 bridge: check llc_mac_hdr_init() return value in br_send_bpdu()
| | * | | | | | | | | | | | | | | | | | | | | | | | | | | 72f9dd522f8d llc: fix skb UAF and leaks on llc_mac_hdr_init() failure
| |/ / / / / / / / / / / / / / / / / / / / / / / / / / /  
| * | | | | | | | | | | | | | | | | | | | | | | | | | | 72b5b9a28b99 llc: reserve device headroom for allocated frames
| * | | | | | | | | | | | | | | | | | | | | | | | | | |   488089055b61 Merge branch 'gve-dqo-fix-handling-of-out-of-range-tso-mss'
| |\ \ \ \ \ \ \ \ \ \ \ \ \ \ \ \ \ \ \ \ \ \ \ \ \ \ \  
| | * | | | | | | | | | | | | | | | | | | | | | | | | | | 296c83b5ccc8 gve: DQO: reject TSO packets with an out of range MSS
| | * | | | | | | | | | | | | | | | | | | | | | | | | | | 3b430ea62340 gve: fix TX drop when GSO MSS is too small for hw
| |/ / / / / / / / / / / / / / / / / / / / / / / / / / /  
* | | | | | | | | | | | | | | | | | | | | | | | | | | |   415f2044228c Merge tag 'landlock-7.3-rc5' of git://git.kernel.org/pub/scm/linux/kernel/git/mic/linux
|\ \ \ \ \ \ \ \ \ \ \ \ \ \ \ \ \ \ \ \ \ \ \ \ \ \ \ \  
| | * | | | | | | | | | | | | | | | | | | | | | | | | | | 83769c23fb18 gve: DQO: fix header length used by gve_can_send_tso() for UDP GSO
| | * | | | | | | | | | | | | | | | | | | | | | | | | | | 06e3f54e8b22 net: flush skb_defer_nodes in dev_cpu_dead()
| | * | | | | | | | | | | | | | | | | | | | | | | | | | | 8db67bb6a1ff net: ethernet: stmmac: dwmac-rk: fix bulk clock leak when the PHY clock fails
| | * | | | | | | | | | | | | | | | | | | | | | | | | | | 56d82862a0a2 af_packet: fix integer overflow in prb_calc_retire_blk_tmo()
| | * | | | | | | | | | | | | | | | | | | | | | | | | | | 8e1937fed673 tipc: Fix a data race on mon->peer_cnt in mon_timeout()
| | * | | | | | | | | | | | | | | | | | | | | | | | | | | b94773dc4df7 net: phy: intel-xway: workaround 100BASE-TX Link-Up issue
| | * | | | | | | | | | | | | | | | | | | | | | | | | | | 61cb282fe97b net/smc: fix UAF on lgr list traversal in smcr_port_err()
| | * | | | | | | | | | | | | | | | | | | | | | | | | | | ba3d1f480c7a net/rds: size a connection's path set by the transport it ends up with
| | * | | | | | | | | | | | | | | | | | | | | | | | | | | 1a983a4e14c6 nfp: hold IPsec RX state under the XArray lock
| | * | | | | | | | | | | | | | | | | | | | | | | | | | |   5b49efa1e162 Merge branch 'net-ena-fix-resource-cleanup-on-probe-failure'
| | |\ \ \ \ \ \ \ \ \ \ \ \ \ \ \ \ \ \ \ \ \ \ \ \ \ \ \  
| | | * | | | | | | | | | | | | | | | | | | | | | | | | | | 9476b4468862 net: ena: fix MMIO read buffer leak on probe failure
| | | * | | | | | | | | | | | | | | | | | | | | | | | | | | 0958ea4355e2 net: ena: fix PHC cleanup on probe failure
| | |/ / / / / / / / / / / / / / / / / / / / / / / / / / /  
| | * | | | | | | | | | | | | | | | | | | | | | | | | | |   a08b39c5d573 Merge branch 'ovs-net-sched-fixes-for-uaf-after-conntrack-extension-realloc'
| | |\ \ \ \ \ \ \ \ \ \ \ \ \ \ \ \ \ \ \ \ \ \ \ \ \ \ \  
| | | * | | | | | | | | | | | | | | | | | | | | | | | | | | dad19b59da05 net/sched: act_ct: fix helper UAF due to extensions realloc

=== 9. COMMITS CONTAINING REVERTS ===
33de5a8680b5 (HEAD -> test-7.3-batch) Revert "bus: mhi: core: Fix sys error transition latency"
3d43ee9435b7 Revert "PCI/portdrv: Allow probing even without child services"
e12124b70f1b Revert "PCI: qcom: Rename qcom_pcie_set_slot_nccs() to qcom_pcie_set_slot_cap()"
648fe2955170 Revert "bus: mhi: host: Flush the posted write after writing to MHI_SOC_RESET_REQ_OFFSET"
485b36dc19d2 Revert "PCI: qcom: Clear Attention Button Present in Slot Capabilities"
34fc0423503e Revert "PCI/ASPM: Use pcie_capability_clear_and_set_word() for ASPM disable/restore"
01e4f5f42fce Revert "PCI/ASPM: Disable/restore ASPM on every function for multi-function devices"
0bbfdc1c0b65 Revert "PCI/ASPM: Mask ASPM states based on Devicetree properties"
aac05d067525 Revert "PCI: qcom: Implement .reset_root_port() and use for link down"
19277173e701 Revert "net: qrtr: Send HELLO message on endpoint register"
cb9b410a03fa Revert "net: qrtr: resend HELLO on MHI resume"
aa98230e410f Merge tag 'vfs-7.3-rc5.fixes' of git://git.kernel.org/pub/scm/linux/kernel/git/vfs/vfs
fabd32421228 Merge patch series "Revert "put_mnt_ns(): leave mounts connected""
2e2142a35d80 Revert "put_mnt_ns(): leave mounts connected"
76ebb69da677 Revert "selftests/filesystems: add mntns cleanup test"
951840561386 packet: use ubuf_info completion for TX_RING packets
5271d81f99dd drm/i915/quirks: Limit eDP rate to HBR2 on HP Pavilion Plus 14-ew1
1e3b08de6327 Revert "drm/virtio: Allow importing prime buffers when 3D is enabled"
40288c9206c1 Merge tag 'drm-fixes-2026-09-19' of https://gitlab.freedesktop.org/drm/kernel
cd011719ba56 Merge tag 'drm-intel-fixes-2026-09-17' of https://gitlab.freedesktop.org/drm/i915/kernel into drm-fixes
f81e6c3fb063 tcp: exclude old ACKs from tcp fast path
fefaac1176bf Merge tag 'wireless-2026-09-16' of https://git.kernel.org/pub/scm/linux/kernel/git/wireless/wireless
a26204be587c Revert "drm/i915/display: Clear SEL_FETCH_PLANE_CTL on plane disable"
30908e727247 Revert "KVM: arm64: vgic-its: Don't save collections the table cannot hold"
ce9d5197d651 wifi: ath12k: ahb: Revert undocumented ABI and dead code
525f0f99a4f7 Merge tag 'drm-fixes-2026-09-12' of https://gitlab.freedesktop.org/drm/kernel
827751b699b7 Merge tag 'riscv-for-linus-7.3-rc3' of git://git.kernel.org/pub/scm/linux/kernel/git/riscv/linux
a5c41fa7f925 Revert "nouveau/gsp: fix suspend/resume regression on r570 firmware"
829157e762ed Revert "drm/amdgpu: debugfs: avoid extra EOLs in amdgpu_gem_info"
b48513199554 Merge tag 'irq-urgent-2026-09-06' of git://git.kernel.org/pub/scm/linux/kernel/git/tip/tip
65119e86fe46 Merge tag 'pmdomain-v7.3-rc1' of git://git.kernel.org/pub/scm/linux/kernel/git/ulfh/linux-pm
e67091609cf8 Revert "irqchip/mbigen: Fix mbigen node address layout"
bc35965f6940 Merge tag 'mm-hotfixes-stable-2026-09-03-17-45' of git://git.kernel.org/pub/scm/linux/kernel/git/akpm/mm
0ba6912f7e97 Revert "once: don't use a work queue to reset sleepable static key"
d50b6442bef6 usb: typec: mux: avoid duplicated mux switches
2d2184ac9036 Revert "riscv: Reset pmm when PR_TAGGED_ADDR_ENABLE is not set"
9fca7779ad18 Revert "pmdomain: qcom: rpmhpd: Add missing MXC and MMCX power domains for Eliza"
045b5bef916d usb: xhci: Fix HCS_ERST_MAX conversion
637836563deb Merge tag 'locking-urgent-2026-08-30' of git://git.kernel.org/pub/scm/linux/kernel/git/tip/tip
344be13211d0 Merge tag 'acpi-7.3-rc1-3' of git://git.kernel.org/pub/scm/linux/kernel/git/rafael/linux-pm
23680bf5f8c6 net: stmmac: restore NET_IP_ALIGN in the RX DMA offset
3b446d169a93 Revert "ACPI: scan: Defer device power initialization"
b81e34131907 Merge tag 'thermal-7.3-rc1-2' of git://git.kernel.org/pub/scm/linux/kernel/git/rafael/linux-pm
c8504fc1245f ntfs: bound $AttrDef table walk to the loaded table size
aa4174127fe6 Revert "thermal/core: Allocate the thermal class dynamically"
1087c29d9c5f Revert "thermal/core: Use the thermal class pointer as init guard"
ce14fe4cd756 Merge tag 'cifs-fixes-7.3-rc1' of https://git.manguebit.org/linux
ce31ec06d3c0 Revert "cifs: remove all cifs files before kill super"
cf9610f9116d Merge tag 'pinctrl-v7.3-1' of git://git.kernel.org/pub/scm/linux/kernel/git/linusw/linux-pinctrl
46094a7708b7 locking: Revert switching guards to _irq_{disable,enable}()
50720728b18e Merge tag 'ipsec-2026-08-18' of git://git.kernel.org/pub/scm/linux/kernel/git/klassert/ipsec
98716c9fce21 ntfs: fix off-by-one page overflow in ntfs_decompress()
7711f4417f18 Merge tag 'gpio-updates-for-v7.3-rc1-v2' of git://git.kernel.org/pub/scm/linux/kernel/git/brgl/linux
cbe8aadf1551 Merge tag 'soc-dt-7.3' of git://git.kernel.org/pub/scm/linux/kernel/git/soc/soc
0fda52de8bbd Revert "esp: do not unref managed frag pages in esp_ssg_unref()"
d5b95e612cde Revert "i2c: designware: defer probe if child GpioInt controllers are not bound"
b26d316aaa8e Merge tag 'clk-fixes-for-linus' of git://git.kernel.org/pub/scm/linux/kernel/git/clk/linux
7581e7c73e8f Merge tag 'drm-misc-fixes-2026-08-13' of https://gitlab.freedesktop.org/drm/misc/kernel into drm-fixes
3aa1dcaa4f6f Revert "wifi: mt76: Disable napi when removing device"
2bbea6b819be Revert "drm/sched: Switch default policy to fair"
9e9da8625427 Revert "drm/sched: Remove FIFO and RR and simplify to a single run queue"
67cf83ac8316 Revert "drm/sched: Embed run queue singleton into the scheduler"
aa82a2530257 Revert "accel/amdxdna: Remove drm_sched_init_args->num_rqs usage"
05463d54efd7 Revert "accel/rocket: Remove drm_sched_init_args->num_rqs usage"
d5b15e570455 Revert "accel/ethosu: Remove drm_sched_init_args->num_rqs usage"
4788c25fcd6b Revert "drm/amdgpu: Remove drm_sched_init_args->num_rqs usage"
4ce955c53391 Revert "drm/etnaviv: Remove drm_sched_init_args->num_rqs usage"
6c7b7e512058 Revert "drm/imagination: Remove drm_sched_init_args->num_rqs usage"
b9f3f3f00bc8 Revert "drm/lima: Remove drm_sched_init_args->num_rqs usage"
2683a0e7c4cc Revert "drm/msm: Remove drm_sched_init_args->num_rqs usage"
5b07bcb10343 Revert "drm/nouveau: Remove drm_sched_init_args->num_rqs usage"
c9126bf8fcb5 Revert "drm/panfrost: Remove drm_sched_init_args->num_rqs usage"
09e6a5d433ef Revert "drm/panthor: Remove drm_sched_init_args->num_rqs usage"
c41282f9ca22 Revert "drm/sched: Remove drm_sched_init_args->num_rqs usage"
6ef022fbe26d Revert "drm/v3d: Remove drm_sched_init_args->num_rqs usage"
482025714dba Revert "drm/xe: Remove drm_sched_init_args->num_rqs usage"
6853da8cdb66 Revert "drm/sched: Remove drm_sched_init_args->num_rqs"
fedfa225fd6f Revert "Merge branch 'ib-rsk7204' into devel"
7ae8acad2d5c Merge tag 'qcom-clk-fixes-for-7.2' of https://git.kernel.org/pub/scm/linux/kernel/git/qcom/linux into clk-fixes
1f5d8228ca2c Revert "riscv: dts: spacemit: k3: add i2s0-i2s5 nodes"
ed4edddad19b NFSD: Encode only the status in NFS-ACL v2 GETACL error replies
476906f83cf4 Merge tag 'v7.3-rockchip-dts64-1' of https://git.kernel.org/pub/scm/linux/kernel/git/mmind/linux-rockchip into soc/dt
7e14e42edfaa Revert "riscv: hwprobe: Fix stale vDSO data for late-initialized keys at boot"
bcc44b6785f2 Merge tag 'drm-fixes-2026-08-08' of https://gitlab.freedesktop.org/drm/kernel
7cbe91a4be85 Merge tag 'thermal-7.2-rc7' of git://git.kernel.org/pub/scm/linux/kernel/git/rafael/linux-pm
315f4bd234b3 Merge tag 'net-7.2-rc7' of git://git.kernel.org/pub/scm/linux/kernel/git/netdev/net
b96c529cd255 Revert "drm/amdgpu: fix aperture mapping leak"
336e0cd57681 Revert "drm/amdgpu: fix aperture mapping leak"
1c8629651cb5 tls: rx: restore msg_iter before TLS 1.3 optimistic retry
24fb36c1936b ASoC: cpcap: Remove modem-specific voice call support
ff8da20b6f47 Revert "thermal/drivers/hwmon: Cleanup coding style a bit"
dc334b36ede1 Revert "printf: Compile the kunit test with DISABLE_BRANCH_PROFILING DISABLE_BRANCH_PROFILING"
a84c80421506 Merge tag 'scsi-fixes' of git://git.kernel.org/pub/scm/linux/kernel/git/jejb/scsi
0ca7040f2099 Revert "wifi: mac80211: don't encrypt pre-auth (ETH_P_PREAUTH) frames"
5d0c32d6ec00 Merge tag 'io_uring-7.2-20260731' of git://git.kernel.org/pub/scm/linux/kernel/git/axboe/linux
04b3818c3bbc Revert "pinctrl: s32cc: implement GPIO functionality"
f93d951ce0d0 Revert "thermal: hwmon: Register a hwmon device for each thermal zone"
c89039b724cc Revert "thermal: hwmon: Use extra_groups for adding temperature attributes"
1881f2efbf7f Revert "net: thunderbolt: Enable end-to-end flow control also in transmit"
5c458073553f Merge git://git.kernel.org/pub/scm/linux/kernel/git/netdev/net

=== 10. REVERT COMMITS ON CURRENT BRANCH ===
33de5a8680b5 (HEAD -> test-7.3-batch) Revert "bus: mhi: core: Fix sys error transition latency"
3d43ee9435b7 Revert "PCI/portdrv: Allow probing even without child services"
e12124b70f1b Revert "PCI: qcom: Rename qcom_pcie_set_slot_nccs() to qcom_pcie_set_slot_cap()"
648fe2955170 Revert "bus: mhi: host: Flush the posted write after writing to MHI_SOC_RESET_REQ_OFFSET"
485b36dc19d2 Revert "PCI: qcom: Clear Attention Button Present in Slot Capabilities"
34fc0423503e Revert "PCI/ASPM: Use pcie_capability_clear_and_set_word() for ASPM disable/restore"
01e4f5f42fce Revert "PCI/ASPM: Disable/restore ASPM on every function for multi-function devices"
0bbfdc1c0b65 Revert "PCI/ASPM: Mask ASPM states based on Devicetree properties"
aac05d067525 Revert "PCI: qcom: Implement .reset_root_port() and use for link down"
19277173e701 Revert "net: qrtr: Send HELLO message on endpoint register"
cb9b410a03fa Revert "net: qrtr: resend HELLO on MHI resume"
aa98230e410f Merge tag 'vfs-7.3-rc5.fixes' of git://git.kernel.org/pub/scm/linux/kernel/git/vfs/vfs
fabd32421228 Merge patch series "Revert "put_mnt_ns(): leave mounts connected""
2e2142a35d80 Revert "put_mnt_ns(): leave mounts connected"
76ebb69da677 Revert "selftests/filesystems: add mntns cleanup test"
951840561386 packet: use ubuf_info completion for TX_RING packets
5271d81f99dd drm/i915/quirks: Limit eDP rate to HBR2 on HP Pavilion Plus 14-ew1
1e3b08de6327 Revert "drm/virtio: Allow importing prime buffers when 3D is enabled"
40288c9206c1 Merge tag 'drm-fixes-2026-09-19' of https://gitlab.freedesktop.org/drm/kernel
cd011719ba56 Merge tag 'drm-intel-fixes-2026-09-17' of https://gitlab.freedesktop.org/drm/i915/kernel into drm-fixes
f81e6c3fb063 tcp: exclude old ACKs from tcp fast path
fefaac1176bf Merge tag 'wireless-2026-09-16' of https://git.kernel.org/pub/scm/linux/kernel/git/wireless/wireless
a26204be587c Revert "drm/i915/display: Clear SEL_FETCH_PLANE_CTL on plane disable"
30908e727247 Revert "KVM: arm64: vgic-its: Don't save collections the table cannot hold"
ce9d5197d651 wifi: ath12k: ahb: Revert undocumented ABI and dead code
525f0f99a4f7 Merge tag 'drm-fixes-2026-09-12' of https://gitlab.freedesktop.org/drm/kernel
827751b699b7 Merge tag 'riscv-for-linus-7.3-rc3' of git://git.kernel.org/pub/scm/linux/kernel/git/riscv/linux
a5c41fa7f925 Revert "nouveau/gsp: fix suspend/resume regression on r570 firmware"
829157e762ed Revert "drm/amdgpu: debugfs: avoid extra EOLs in amdgpu_gem_info"
b48513199554 Merge tag 'irq-urgent-2026-09-06' of git://git.kernel.org/pub/scm/linux/kernel/git/tip/tip
65119e86fe46 Merge tag 'pmdomain-v7.3-rc1' of git://git.kernel.org/pub/scm/linux/kernel/git/ulfh/linux-pm
e67091609cf8 Revert "irqchip/mbigen: Fix mbigen node address layout"
bc35965f6940 Merge tag 'mm-hotfixes-stable-2026-09-03-17-45' of git://git.kernel.org/pub/scm/linux/kernel/git/akpm/mm
0ba6912f7e97 Revert "once: don't use a work queue to reset sleepable static key"
d50b6442bef6 usb: typec: mux: avoid duplicated mux switches
2d2184ac9036 Revert "riscv: Reset pmm when PR_TAGGED_ADDR_ENABLE is not set"
9fca7779ad18 Revert "pmdomain: qcom: rpmhpd: Add missing MXC and MMCX power domains for Eliza"
045b5bef916d usb: xhci: Fix HCS_ERST_MAX conversion
637836563deb Merge tag 'locking-urgent-2026-08-30' of git://git.kernel.org/pub/scm/linux/kernel/git/tip/tip
344be13211d0 Merge tag 'acpi-7.3-rc1-3' of git://git.kernel.org/pub/scm/linux/kernel/git/rafael/linux-pm
23680bf5f8c6 net: stmmac: restore NET_IP_ALIGN in the RX DMA offset
3b446d169a93 Revert "ACPI: scan: Defer device power initialization"
b81e34131907 Merge tag 'thermal-7.3-rc1-2' of git://git.kernel.org/pub/scm/linux/kernel/git/rafael/linux-pm
c8504fc1245f ntfs: bound $AttrDef table walk to the loaded table size
aa4174127fe6 Revert "thermal/core: Allocate the thermal class dynamically"
1087c29d9c5f Revert "thermal/core: Use the thermal class pointer as init guard"
ce14fe4cd756 Merge tag 'cifs-fixes-7.3-rc1' of https://git.manguebit.org/linux
ce31ec06d3c0 Revert "cifs: remove all cifs files before kill super"
cf9610f9116d Merge tag 'pinctrl-v7.3-1' of git://git.kernel.org/pub/scm/linux/kernel/git/linusw/linux-pinctrl
46094a7708b7 locking: Revert switching guards to _irq_{disable,enable}()
50720728b18e Merge tag 'ipsec-2026-08-18' of git://git.kernel.org/pub/scm/linux/kernel/git/klassert/ipsec
98716c9fce21 ntfs: fix off-by-one page overflow in ntfs_decompress()
7711f4417f18 Merge tag 'gpio-updates-for-v7.3-rc1-v2' of git://git.kernel.org/pub/scm/linux/kernel/git/brgl/linux
cbe8aadf1551 Merge tag 'soc-dt-7.3' of git://git.kernel.org/pub/scm/linux/kernel/git/soc/soc
0fda52de8bbd Revert "esp: do not unref managed frag pages in esp_ssg_unref()"
d5b95e612cde Revert "i2c: designware: defer probe if child GpioInt controllers are not bound"
b26d316aaa8e Merge tag 'clk-fixes-for-linus' of git://git.kernel.org/pub/scm/linux/kernel/git/clk/linux
7581e7c73e8f Merge tag 'drm-misc-fixes-2026-08-13' of https://gitlab.freedesktop.org/drm/misc/kernel into drm-fixes
3aa1dcaa4f6f Revert "wifi: mt76: Disable napi when removing device"
2bbea6b819be Revert "drm/sched: Switch default policy to fair"
9e9da8625427 Revert "drm/sched: Remove FIFO and RR and simplify to a single run queue"
67cf83ac8316 Revert "drm/sched: Embed run queue singleton into the scheduler"
aa82a2530257 Revert "accel/amdxdna: Remove drm_sched_init_args->num_rqs usage"
05463d54efd7 Revert "accel/rocket: Remove drm_sched_init_args->num_rqs usage"
d5b15e570455 Revert "accel/ethosu: Remove drm_sched_init_args->num_rqs usage"
4788c25fcd6b Revert "drm/amdgpu: Remove drm_sched_init_args->num_rqs usage"
4ce955c53391 Revert "drm/etnaviv: Remove drm_sched_init_args->num_rqs usage"
6c7b7e512058 Revert "drm/imagination: Remove drm_sched_init_args->num_rqs usage"
b9f3f3f00bc8 Revert "drm/lima: Remove drm_sched_init_args->num_rqs usage"
2683a0e7c4cc Revert "drm/msm: Remove drm_sched_init_args->num_rqs usage"
5b07bcb10343 Revert "drm/nouveau: Remove drm_sched_init_args->num_rqs usage"
c9126bf8fcb5 Revert "drm/panfrost: Remove drm_sched_init_args->num_rqs usage"
09e6a5d433ef Revert "drm/panthor: Remove drm_sched_init_args->num_rqs usage"
c41282f9ca22 Revert "drm/sched: Remove drm_sched_init_args->num_rqs usage"
6ef022fbe26d Revert "drm/v3d: Remove drm_sched_init_args->num_rqs usage"
482025714dba Revert "drm/xe: Remove drm_sched_init_args->num_rqs usage"
6853da8cdb66 Revert "drm/sched: Remove drm_sched_init_args->num_rqs"
fedfa225fd6f Revert "Merge branch 'ib-rsk7204' into devel"
7ae8acad2d5c Merge tag 'qcom-clk-fixes-for-7.2' of https://git.kernel.org/pub/scm/linux/kernel/git/qcom/linux into clk-fixes
1f5d8228ca2c Revert "riscv: dts: spacemit: k3: add i2s0-i2s5 nodes"
ed4edddad19b NFSD: Encode only the status in NFS-ACL v2 GETACL error replies
476906f83cf4 Merge tag 'v7.3-rockchip-dts64-1' of https://git.kernel.org/pub/scm/linux/kernel/git/mmind/linux-rockchip into soc/dt
7e14e42edfaa Revert "riscv: hwprobe: Fix stale vDSO data for late-initialized keys at boot"
bcc44b6785f2 Merge tag 'drm-fixes-2026-08-08' of https://gitlab.freedesktop.org/drm/kernel
7cbe91a4be85 Merge tag 'thermal-7.2-rc7' of git://git.kernel.org/pub/scm/linux/kernel/git/rafael/linux-pm
315f4bd234b3 Merge tag 'net-7.2-rc7' of git://git.kernel.org/pub/scm/linux/kernel/git/netdev/net
b96c529cd255 Revert "drm/amdgpu: fix aperture mapping leak"
336e0cd57681 Revert "drm/amdgpu: fix aperture mapping leak"
1c8629651cb5 tls: rx: restore msg_iter before TLS 1.3 optimistic retry
24fb36c1936b ASoC: cpcap: Remove modem-specific voice call support
ff8da20b6f47 Revert "thermal/drivers/hwmon: Cleanup coding style a bit"
dc334b36ede1 Revert "printf: Compile the kunit test with DISABLE_BRANCH_PROFILING DISABLE_BRANCH_PROFILING"
a84c80421506 Merge tag 'scsi-fixes' of git://git.kernel.org/pub/scm/linux/kernel/git/jejb/scsi
0ca7040f2099 Revert "wifi: mac80211: don't encrypt pre-auth (ETH_P_PREAUTH) frames"
5d0c32d6ec00 Merge tag 'io_uring-7.2-20260731' of git://git.kernel.org/pub/scm/linux/kernel/git/axboe/linux
04b3818c3bbc Revert "pinctrl: s32cc: implement GPIO functionality"
f93d951ce0d0 Revert "thermal: hwmon: Register a hwmon device for each thermal zone"
c89039b724cc Revert "thermal: hwmon: Use extra_groups for adding temperature attributes"
1881f2efbf7f Revert "net: thunderbolt: Enable end-to-end flow control also in transmit"
5c458073553f Merge git://git.kernel.org/pub/scm/linux/kernel/git/netdev/net

=== 11. REFLOG — VERY IMPORTANT ===
33de5a8680b5 refs/heads/test-7.3-batch@{2026-09-30 04:03:13 +0000}: revert: Revert "bus: mhi: core: Fix sys error transition latency"
33de5a8680b5 HEAD@{2026-09-30 04:03:13 +0000}: revert: Revert "bus: mhi: core: Fix sys error transition latency"
3d43ee9435b7 refs/heads/test-7.3-batch@{2026-09-30 04:03:12 +0000}: revert: Revert "PCI/portdrv: Allow probing even without child services"
3d43ee9435b7 HEAD@{2026-09-30 04:03:12 +0000}: revert: Revert "PCI/portdrv: Allow probing even without child services"
e12124b70f1b refs/heads/test-7.3-batch@{2026-09-30 04:03:11 +0000}: revert: Revert "PCI: qcom: Rename qcom_pcie_set_slot_nccs() to qcom_pcie_set_slot_cap()"
e12124b70f1b HEAD@{2026-09-30 04:03:11 +0000}: revert: Revert "PCI: qcom: Rename qcom_pcie_set_slot_nccs() to qcom_pcie_set_slot_cap()"
648fe2955170 refs/heads/test-7.3-batch@{2026-09-30 04:03:10 +0000}: revert: Revert "bus: mhi: host: Flush the posted write after writing to MHI_SOC_RESET_REQ_OFFSET"
485b36dc19d2 refs/heads/test-7.3-batch@{2026-09-30 04:03:10 +0000}: revert: Revert "PCI: qcom: Clear Attention Button Present in Slot Capabilities"
648fe2955170 HEAD@{2026-09-30 04:03:10 +0000}: revert: Revert "bus: mhi: host: Flush the posted write after writing to MHI_SOC_RESET_REQ_OFFSET"
485b36dc19d2 HEAD@{2026-09-30 04:03:10 +0000}: revert: Revert "PCI: qcom: Clear Attention Button Present in Slot Capabilities"
34fc0423503e refs/heads/test-7.3-batch@{2026-09-30 04:03:09 +0000}: revert: Revert "PCI/ASPM: Use pcie_capability_clear_and_set_word() for ASPM disable/restore"
01e4f5f42fce refs/heads/test-7.3-batch@{2026-09-30 04:03:09 +0000}: revert: Revert "PCI/ASPM: Disable/restore ASPM on every function for multi-function devices"
34fc0423503e HEAD@{2026-09-30 04:03:09 +0000}: revert: Revert "PCI/ASPM: Use pcie_capability_clear_and_set_word() for ASPM disable/restore"
01e4f5f42fce HEAD@{2026-09-30 04:03:09 +0000}: revert: Revert "PCI/ASPM: Disable/restore ASPM on every function for multi-function devices"
0bbfdc1c0b65 refs/heads/test-7.3-batch@{2026-09-30 04:03:08 +0000}: revert: Revert "PCI/ASPM: Mask ASPM states based on Devicetree properties"
0bbfdc1c0b65 HEAD@{2026-09-30 04:03:08 +0000}: revert: Revert "PCI/ASPM: Mask ASPM states based on Devicetree properties"
4e47c8a55ce5 refs/heads/test-7.3-batch@{2026-09-30 04:03:07 +0000}: branch: Created from test-7.3-reverts
4e47c8a55ce5 HEAD@{2026-09-30 04:03:07 +0000}: checkout: moving from test-7.3-reverts to test-7.3-batch
4e47c8a55ce5 refs/heads/test-7.3-reverts@{2026-09-30 03:30:47 +0000}: cherry-pick: power: sequencing: qcom-wcn: program the AOP WLAN PDC and pulse WLAN_EN
4e47c8a55ce5 HEAD@{2026-09-30 03:30:47 +0000}: cherry-pick: power: sequencing: qcom-wcn: program the AOP WLAN PDC and pulse WLAN_EN
aac05d067525 HEAD@{2026-09-30 03:30:46 +0000}: checkout: moving from test-7.3-reverts to test-7.3-reverts
075b74841bd0 refs/remotes/giulia/HEAD@{2026-09-30 03:26:26 +0000}: fetch
075b74841bd0 refs/remotes/giulia/master@{2026-09-30 03:26:26 +0000}: fetch giulia: storing head
aac05d067525 refs/heads/test-7.3-reverts@{2026-09-30 01:09:49 +0000}: revert: Revert "PCI: qcom: Implement .reset_root_port() and use for link down"
aac05d067525 HEAD@{2026-09-30 01:09:49 +0000}: revert: Revert "PCI: qcom: Implement .reset_root_port() and use for link down"
19277173e701 refs/heads/test-7.3-reverts@{2026-09-30 01:09:48 +0000}: revert: Revert "net: qrtr: Send HELLO message on endpoint register"
19277173e701 HEAD@{2026-09-30 01:09:48 +0000}: revert: Revert "net: qrtr: Send HELLO message on endpoint register"
cb9b410a03fa refs/heads/test-7.3-reverts@{2026-09-30 01:09:47 +0000}: revert: Revert "net: qrtr: resend HELLO on MHI resume"
cb9b410a03fa HEAD@{2026-09-30 01:09:47 +0000}: revert: Revert "net: qrtr: resend HELLO on MHI resume"
e1e100cc5079 refs/heads/test-7.3-reverts@{2026-09-30 01:09:46 +0000}: branch: Created from 7.3-salami
e1e100cc5079 HEAD@{2026-09-30 01:09:46 +0000}: checkout: moving from 7.3-salami to test-7.3-reverts
69bfc88fde4c worktrees/sm8550-7.2/HEAD@{2026-09-29 22:14:15 +0000}: reset: moving to HEAD
69bfc88fde4c worktrees/sm8550-7.2/HEAD@{2026-09-29 22:14:05 +0000}: 
e1e100cc5079 HEAD@{2026-09-29 22:14:01 +0000}: checkout: moving from 7.2-salami to 7.3-salami
69bfc88fde4c HEAD@{2026-09-29 22:10:37 +0000}: checkout: moving from 7.3-salami to 7.2-salami
e1e100cc5079 refs/heads/7.3-salami@{2026-09-29 19:51:28 +0000}: commit: arm64: dts: qcom: drop the Xiaomi Pad 6S Pro (sheng) DTS
e1e100cc5079 HEAD@{2026-09-29 19:51:28 +0000}: commit: arm64: dts: qcom: drop the Xiaomi Pad 6S Pro (sheng) DTS
087dce936a3a refs/heads/7.3-salami@{2026-09-29 19:50:20 +0000}: commit: arm64: dts: qcom: sm8550-oneplus-salami: use the new pcie0_port0 label
087dce936a3a HEAD@{2026-09-29 19:50:20 +0000}: commit: arm64: dts: qcom: sm8550-oneplus-salami: use the new pcie0_port0 label
80ca8c83a149 refs/heads/7.3-salami@{2026-09-29 19:44:45 +0000}: commit: drm/panel: samsung-amb670yf08: drop dsc_slice_per_pkt, 1 is the default upstream
80ca8c83a149 HEAD@{2026-09-29 19:44:45 +0000}: commit: drm/panel: samsung-amb670yf08: drop dsc_slice_per_pkt, 1 is the default upstream
d6a59d6e285c refs/heads/7.3-salami@{2026-09-29 19:41:50 +0000}: rebase (finish): refs/heads/7.3-salami onto 72d3fcf802c45d00b300f25b848a93c3a2bd7c7e
d6a59d6e285c HEAD@{2026-09-29 19:41:50 +0000}: rebase (finish): returning to refs/heads/7.3-salami
d6a59d6e285c HEAD@{2026-09-29 19:41:50 +0000}: rebase (pick): arm64: dts: qcom: sm8550-oneplus-salami: drop the executable bit
95b84cf73c3b HEAD@{2026-09-29 19:41:43 +0000}: rebase (pick): arm64: dts: qcom: sm8550-oneplus-salami: name the sound card salamisnd
3eaf690edde0 HEAD@{2026-09-29 19:41:35 +0000}: rebase (pick): ASoC: qcom: q6apm: use Salami VCPM calibration firmware
3663d1708c6e HEAD@{2026-09-29 19:41:27 +0000}: rebase (pick): ASoC: qcom: q6apm: register VCPM's transmit calibration so the vocoder sets the TX rate
83c07a4f58ec HEAD@{2026-09-29 19:41:16 +0000}: rebase (pick): ASoC: qcom: q6apm: gate a playback stream's right slot on its converter
31fff87ed4d9 HEAD@{2026-09-29 19:41:16 +0000}: rebase (pick): ASoC: qcom: audioreach: carry cross-open links declared by open graphs
cff7e4f73991 HEAD@{2026-09-29 19:41:16 +0000}: rebase (pick): ASoC: qcom: audioreach: run the transmit voice MFCs at the vocoder rate
7857fcba1914 HEAD@{2026-09-29 19:41:15 +0000}: rebase (pick): ASoC: qcom: audioreach: control-link the vocoder mailboxes to endpoints
eab1d73f6090 HEAD@{2026-09-29 19:41:15 +0000}: rebase (pick): ASoC: qcom: q6apm: open a voice RX graph and its backend in one GRAPH_OPEN
07384c181554 HEAD@{2026-09-29 19:41:14 +0000}: rebase (pick): ASoC: qcom: audioreach: configure data-logging modules in voice graphs
acd65ca66503 HEAD@{2026-09-29 19:41:14 +0000}: rebase (pick): ASoC: qcom: audioreach: count the module-list header once, not per container
3d42d4212392 HEAD@{2026-09-29 19:41:14 +0000}: rebase (pick): ASoC: qcom: q6apm: voice bring-up fixes
f3bee9b7a05c HEAD@{2026-09-29 19:41:13 +0000}: rebase (pick): ASoC: qcom: q6apm: drive hostless voice-call graphs
f75ea0c1f222 HEAD@{2026-09-29 19:41:12 +0000}: rebase (continue): ASoC: qcom: audioreach: describe 24-bit PCM as 32-bit words
28322feec1dd HEAD@{2026-09-29 19:38:03 +0000}: rebase (pick): net: ipa: v5.5 data tweaks (QSB limits, AP_LAN_RX endpoint, imem_addr 0x146a8000) and FnR count over QMI
15454e9c8495 HEAD@{2026-09-29 19:38:02 +0000}: rebase (continue): arm64: dts: qcom: sm8550/salami: IPA IMEM slice and reserved-memory changes
d5778f188cb3 HEAD@{2026-09-29 19:36:33 +0000}: rebase (pick): clk: qcom: dispcc-sm8550: don't park the MDP RCG at init
38f8b4d96e36 HEAD@{2026-09-29 19:36:32 +0000}: rebase (continue): iommu/arm-smmu-qcom: add SM8550 MDSS to client list
557c3b4e31d9 HEAD@{2026-09-29 19:34:45 +0000}: rebase (continue): fixup
51423b50c977 HEAD@{2026-09-29 19:33:23 +0000}: rebase (pick): fixup
12f0d6282a97 HEAD@{2026-09-29 19:33:22 +0000}: rebase (continue): Initial support for OnePlus 11 5G
97321cd7f26d HEAD@{2026-09-29 19:25:21 +0000}: rebase (pick): net: ipa: fix the v5.5 WAN downlink endpoint ids
3eefcbf78176 HEAD@{2026-09-29 19:25:08 +0000}: rebase (pick): Input: nt36532e: Log fw history as error
79986902bef2 HEAD@{2026-09-29 19:24:59 +0000}: rebase (pick): SHENG: Add DisplayPort Playback
47249d5dd7f7 HEAD@{2026-09-29 19:24:48 +0000}: rebase (pick): SHENG: Enable HBR3 on external DP
9bc5cbecd344 HEAD@{2026-09-29 19:24:45 +0000}: rebase (pick): backlight: ktz8866: Fix to actually disable LCD Bias when panel is off
d114051b390f HEAD@{2026-09-29 19:24:44 +0000}: rebase (pick): HID: wn8030: Add offline authentication support
c69126d49279 HEAD@{2026-09-29 19:24:43 +0000}: rebase (pick): HID: wn8030: Prevent MCU in keyboard from sleeping and improve suspend/remove safety
926a3eca8f6f HEAD@{2026-09-29 19:24:41 +0000}: rebase (pick): Input: nt36532e: Remove data_buf and use proper address for reading point data
6447b678457a HEAD@{2026-09-29 19:24:34 +0000}: rebase (pick): Input: nt36532e: Fix randomly delayed touch exit events when quickly tapping
69456ded52df HEAD@{2026-09-29 19:24:32 +0000}: rebase (pick): drm/msm/a6xx: Enable IFPC on Adreno 740
9c51642ac580 HEAD@{2026-09-29 19:24:31 +0000}: rebase (pick): arm64: dts: qcom: sm8550: Describe GPU_CC power plumbing requirements
aacb2e5fb61e HEAD@{2026-09-29 19:24:31 +0000}: rebase (pick): interconnect: qcom: sm8550: Enable QoS configuration
1ed53de9f3bb HEAD@{2026-09-29 19:24:31 +0000}: rebase (pick): SM8550: Add missing compute context banks to CDSP node
856cccd85f6c HEAD@{2026-09-29 19:24:29 +0000}: rebase (pick): Input: nt36532e: Use touch data from internal event buffer instead of host processing
5ada02d44a76 HEAD@{2026-09-29 19:24:27 +0000}: rebase (pick): SHENG: Add rtc-offset node and enable RTC config
aa56e1ecb202 HEAD@{2026-09-29 19:24:25 +0000}: rebase (pick): SHENG: Add nanosic_mcu node
0f1acc28c2c7 HEAD@{2026-09-29 19:24:23 +0000}: rebase (pick): HID: Add Nanosic WN8030 driver
2cd55832b4ca HEAD@{2026-09-29 19:24:18 +0000}: rebase (pick): ASoC: codecs: wcd938x: fix wcd938x_get_swr_port
27074f2ea426 HEAD@{2026-09-29 19:24:18 +0000}: rebase (pick): SHENG: Add iris node
df89e8efa10b HEAD@{2026-09-29 19:24:16 +0000}: rebase (pick): ASoC: cs35l43: suppress log spam
c4f497928e6b HEAD@{2026-09-29 19:23:41 +0000}: rebase (pick): SHENG: Add ps5169 node
55d5121d576f HEAD@{2026-09-29 19:23:39 +0000}: rebase (pick): usb: typec: Add PS5169 linear redriver driver
7963ca0286df HEAD@{2026-09-29 19:23:39 +0000}: rebase (pick): SHENG: Add gt9764 node
817144fb7b20 HEAD@{2026-09-29 19:23:37 +0000}: rebase (pick): media: i2c: dw9768: Add initial focus, custom move delay and gt9764 support
1f67f2a0258f HEAD@{2026-09-29 19:23:37 +0000}: rebase (pick): ath12k: Force Single Chip MLO support to fix firmware boot
a9301449ae48 HEAD@{2026-09-29 19:23:36 +0000}: rebase (pick): SHENG: Add camera nodes and memory
b96f6b8ee85c HEAD@{2026-09-29 19:23:33 +0000}: rebase (pick): media: i2c: Add S5KJN1 image sensor driver
715f699f342c HEAD@{2026-09-29 19:23:33 +0000}: rebase (pick): media: i2c: Add OV32D40 image sensor driver
7330a1b7fa7e HEAD@{2026-09-29 19:23:31 +0000}: rebase (pick): media: i2c: Add OV02B1B image sensor driver
44e413855591 HEAD@{2026-09-29 19:23:24 +0000}: rebase (pick): SHENG: Fix supply for l6m and l7m regulators
d5b056d1c804 HEAD@{2026-09-29 19:23:17 +0000}: rebase (pick): SM8550: Add missing master1 to cci1 node
d82f92159077 HEAD@{2026-09-29 19:23:15 +0000}: rebase (pick): SHENG: Add Secondary I2S
b979716b1201 HEAD@{2026-09-29 19:23:13 +0000}: rebase (pick): ASoC: qcom: sc8280xp: Add Secondary I2S support
29763178c3f2 HEAD@{2026-09-29 19:23:13 +0000}: rebase (pick): SM8550: Fix L2 cache for CPU2 and add cache sizes
460b1232ab0d HEAD@{2026-09-29 19:23:06 +0000}: rebase (pick): SHENG: Fix reserved memory regions and remove unused regions
e54a0094ce28 HEAD@{2026-09-29 19:23:04 +0000}: rebase (pick): SHENG: use the PMU to power up bluetooth
00a9f0be0410 HEAD@{2026-09-29 19:23:03 +0000}: rebase (pick): SHENG: Add wcd9380 and sound node
bf95f737073d HEAD@{2026-09-29 19:23:01 +0000}: rebase (pick): Input: nt36532e: Remove initial firmware update delay
63ea74576614 HEAD@{2026-09-29 19:22:59 +0000}: rebase (pick): Input: nt36532e: Fix broken state when display isn't fully initialized
18bf6e3b8803 HEAD@{2026-09-29 19:22:57 +0000}: rebase (pick): SHENG: Add Hall Effect Sensor for magnetic cover detection
da964279569d HEAD@{2026-09-29 19:22:55 +0000}: rebase (pick): SHENG: Enable Flashlight and RGB LED support
3c12ccac06ec HEAD@{2026-09-29 19:22:53 +0000}: rebase (pick): Input: Add experimental nt36532e touch driver.
232537528819 HEAD@{2026-09-29 19:22:50 +0000}: rebase (pick): SHENG: Enable GPI DMA nodes
614608995b95 HEAD@{2026-09-29 19:22:49 +0000}: rebase (pick): SHENG: Remove splash_region node
e49e31b97513 HEAD@{2026-09-29 19:22:07 +0000}: rebase (pick): SHENG: Add ktz8866 nodes
1a06647f80d1 HEAD@{2026-09-29 19:22:05 +0000}: rebase (pick): backlight: ktz8866: Add hacky support for dual ktz8866
d5cf41e193f3 HEAD@{2026-09-29 19:22:04 +0000}: rebase (pick): SHENG: Add cs35l43 nodes
2081f35e8282 HEAD@{2026-09-29 19:22:02 +0000}: rebase (pick): ASoC: Add cs35l43 codec driver
dabb21da47e6 HEAD@{2026-09-29 19:21:59 +0000}: rebase (pick): qcom_battmgr: Add support for sm8550 xiaomi adsp changes
88d4a3beb3e0 HEAD@{2026-09-29 19:21:57 +0000}: rebase (pick): ath12k: Generate random mac address if mac in eeprom is empty.
8703de46bcde HEAD@{2026-09-29 19:21:54 +0000}: rebase (pick): ath12k: Disable rfkill pin for now
ec4c4e1c5aae HEAD@{2026-09-29 19:17:58 +0000}: rebase (pick): drm/msm/dsi: change sync mode to sync on DSI0 rather than DSI1
5c66f9071ed3 HEAD@{2026-09-29 19:17:56 +0000}: rebase (pick): SM8550: Add sm8550.config fragment
8721038148c8 HEAD@{2026-09-29 19:17:55 +0000}: rebase (pick): SM8550: Add device tree for Xiaomi Pad 6S Pro 12.4
72d3fcf802c4 HEAD@{2026-09-29 19:17:52 +0000}: rebase (start): checkout v7.3-rc5
69bfc88fde4c refs/heads/7.3-salami@{2026-09-29 19:17:47 +0000}: branch: Created from 7.2-salami
69bfc88fde4c HEAD@{2026-09-29 19:17:47 +0000}: checkout: moving from 7.2-salami to 7.3-salami
69bfc88fde4c refs/heads/7.2-salami@{2026-09-28 19:05:51 +0000}: rebase (finish): refs/heads/7.2-salami onto 5fd1ec80d915ac6a83fb9eb6860a76f9c71fc4af
69bfc88fde4c HEAD@{2026-09-28 19:05:51 +0000}: rebase (finish): returning to refs/heads/7.2-salami
69bfc88fde4c HEAD@{2026-09-28 19:05:51 +0000}: rebase (pick): arm64: dts: qcom: sm8550-oneplus-salami: drop the executable bit
5fd1ec80d915 HEAD@{2026-09-28 19:05:51 +0000}: rebase (start): checkout 5fd1ec80d915
7f3f72af2ea1 refs/heads/7.2-salami@{2026-09-28 18:58:04 +0000}: commit: arm64: dts: qcom: sm8550-oneplus-salami: drop the executable bit
7f3f72af2ea1 HEAD@{2026-09-28 18:58:04 +0000}: commit: arm64: dts: qcom: sm8550-oneplus-salami: drop the executable bit
6136ed32b3c0 refs/heads/7.2-salami@{2026-09-28 18:57:26 +0000}: commit: arm64: dts: qcom: sm8550-oneplus-salami: describe the SWR2 dout port
6136ed32b3c0 HEAD@{2026-09-28 18:57:26 +0000}: commit: arm64: dts: qcom: sm8550-oneplus-salami: describe the SWR2 dout port
5fd1ec80d915 refs/heads/7.2-salami@{2026-09-28 18:53:57 +0000}: commit: arm64: dts: qcom: sm8550-oneplus-salami: name the sound card salamisnd
5fd1ec80d915 HEAD@{2026-09-28 18:53:57 +0000}: commit: arm64: dts: qcom: sm8550-oneplus-salami: name the sound card salamisnd
d77cca742091 refs/heads/7.2-salami@{2026-09-26 02:08:06 +0100}: commit: ASoC: qcom: q6apm: use Salami VCPM calibration firmware
d77cca742091 HEAD@{2026-09-26 02:08:06 +0100}: commit: ASoC: qcom: q6apm: use Salami VCPM calibration firmware
10d6187d28f0 refs/heads/7.2-salami@{2026-09-26 01:51:55 +0100}: am: ASoC: qcom: q6apm: register VCPM's transmit calibration so the vocoder sets the TX rate
10d6187d28f0 HEAD@{2026-09-26 01:51:55 +0100}: am: ASoC: qcom: q6apm: register VCPM's transmit calibration so the vocoder sets the TX rate
398a68d9b405 refs/heads/7.2-salami@{2026-09-26 01:51:49 +0100}: am: ASoC: qcom: q6apm: gate a playback stream's right slot on its converter
398a68d9b405 HEAD@{2026-09-26 01:51:49 +0100}: am: ASoC: qcom: q6apm: gate a playback stream's right slot on its converter
e3c57257d73a refs/heads/7.2-salami@{2026-09-26 01:51:43 +0100}: am: ASoC: qcom: audioreach: carry cross-open links declared by open graphs
e3c57257d73a HEAD@{2026-09-26 01:51:43 +0100}: am: ASoC: qcom: audioreach: carry cross-open links declared by open graphs
de9573c1a4c3 refs/heads/7.2-salami@{2026-09-26 01:51:38 +0100}: am: ASoC: qcom: audioreach: run the transmit voice MFCs at the vocoder rate
de9573c1a4c3 HEAD@{2026-09-26 01:51:38 +0100}: am: ASoC: qcom: audioreach: run the transmit voice MFCs at the vocoder rate
80e9dbfc04d1 refs/heads/7.2-salami@{2026-09-26 01:51:29 +0100}: am: ASoC: qcom: audioreach: control-link the vocoder mailboxes to endpoints
80e9dbfc04d1 HEAD@{2026-09-26 01:51:29 +0100}: am: ASoC: qcom: audioreach: control-link the vocoder mailboxes to endpoints
2f93488599f6 refs/heads/7.2-salami@{2026-09-26 01:51:22 +0100}: am: ASoC: qcom: q6apm: open a voice RX graph and its backend in one GRAPH_OPEN
2f93488599f6 HEAD@{2026-09-26 01:51:22 +0100}: am: ASoC: qcom: q6apm: open a voice RX graph and its backend in one GRAPH_OPEN
f164fbf4bba3 refs/heads/7.2-salami@{2026-09-26 01:51:14 +0100}: am: ASoC: qcom: audioreach: configure data-logging modules in voice graphs
f164fbf4bba3 HEAD@{2026-09-26 01:51:14 +0100}: am: ASoC: qcom: audioreach: configure data-logging modules in voice graphs
5658a497c65f refs/heads/7.2-salami@{2026-09-26 01:50:56 +0100}: am: ASoC: qcom: audioreach: count the module-list header once, not per container
5658a497c65f HEAD@{2026-09-26 01:50:56 +0100}: am: ASoC: qcom: audioreach: count the module-list header once, not per container
f0418ae28a91 refs/heads/7.2-salami@{2026-09-26 01:50:49 +0100}: am: ASoC: qcom: q6apm: voice bring-up fixes

=== 12. ATH12K COMMITS ACROSS ALL LOCAL REFS ===
1f67f2a0258f ath12k: Force Single Chip MLO support to fix firmware boot Booting new firmwares like "WLAN.HMT.1.1.c2-00259-QCAHMTSWPL_V1.0_V2.0_SILICONZ-1" is broken since https://github.com/torvalds/linux/commit/46d16f7e1d1413ad7ff99c1334d8874623717745 commit, so force enable single chip MLO like it was before.
88d4a3beb3e0 ath12k: Generate random mac address if mac in eeprom is empty.
8703de46bcde ath12k: Disable rfkill pin for now Fixes wifi hard block issue on Pad 6S Pro.
fefaac1176bf Merge tag 'wireless-2026-09-16' of https://git.kernel.org/pub/scm/linux/kernel/git/wireless/wireless
ce9d5197d651 wifi: ath12k: ahb: Revert undocumented ABI and dead code
3a2c4d55e32a treewide: refresh kmalloc_obj() conversions
ca56ac35a72e ath12k: Force Single Chip MLO support to fix firmware boot Booting new firmwares like "WLAN.HMT.1.1.c2-00259-QCAHMTSWPL_V1.0_V2.0_SILICONZ-1" is broken since https://github.com/torvalds/linux/commit/46d16f7e1d1413ad7ff99c1334d8874623717745 commit, so force enable single chip MLO like it was before.
fc2ad11f9435 ath12k: Generate random mac address if mac in eeprom is empty.
e411f94b846b ath12k: Disable rfkill pin for now Fixes wifi hard block issue on Pad 6S Pro.
4fa4977a0d90 Merge tag 'wireless-next-2026-08-06' of https://git.kernel.org/pub/scm/linux/kernel/git/wireless/wireless-next
a9477331f26f wifi: ath12k: wcn7850: send the MLO host capability the firmware requires
c07b9ee39f9d wifi: ath12k: wcn7850: download the QDSS trace configuration
998dd35eaac9 wifi: ath12k: wcn7850: align the QMI/WMI host contract with downstream
1e33f8acd837 wifi: ath12k: fix encrypted EAPOL TX in encap offload mode
5c458073553f Merge git://git.kernel.org/pub/scm/linux/kernel/git/netdev/net
4c6eb712a91f wifi: ath12k: fix stride mismatch in mac_phy_caps_parse()
c6ab3b1dfa3e wifi: ath12k: Share RootPD state across UserPDs to avoid duplicate operations
96f46607bbce wifi: ath12k: add AHB platform descriptor support
43c521c11ce8 wifi: ath12k: skip MLO multicast links during crash recovery in Tx path
534459ac562b wifi: ath12k: Use different RX release ring sizes as per memory profiles
0090ec7ad252 wifi: ath12k: rename firmware_mode enum members to use QMI namespace
0702eddffff1 wifi: ath12k: move firmware_mode enum to qmi.h
8e415b806848 wifi: ath12k: validate TLV length in process_tpc_stats()
878654eb78c6 wifi: ath12k: fix overreads in ath12k_wmi_process_csa_switch_count_event()
edc84a9396ac Merge tag 'wireless-2026-07-26' of https://git.kernel.org/pub/scm/linux/kernel/git/wireless/wireless-next
469d7e6077c1 wifi: ath12k: resolve PENDING ML peer ID from MLO_PEER_MAP HTT event
a7619b3bcba4 wifi: ath12k: defer dp_peer registration when firmware allocates MLD peer ID
1726a7a10c4f wifi: ath12k: do not advertise MLD peer ID for firmware-allocate devices
378e659029d5 wifi: ath12k: introduce host_alloc_ml_id hardware parameter
a08455ee85a2 wifi: ath12k: add support for HTT_T2H_MSG_TYPE_MLO_RX_PEER_MAP
dd121ed779dd wifi: ath12k: keep ATH12K_PEER_ML_ID_VALID set in ath12k_sta::ml_peer_id
21ca38bb6b53 wifi: ath12k: factor out peer assoc send-and-wait into a helper
47abd2ca2815 wifi: ath12k: fix out-of-bounds clear_bit in ath12k_mac_dp_peer_cleanup()
90883c513ca0 Merge tag 'ath-next-20260722' of git://git.kernel.org/pub/scm/linux/kernel/git/ath/ath
7698656a2f7b wifi: ath12k: Avoid buffer overread in ath12k_wmi_op_rx()
c42b27336eef wifi: ath12k: fix survey indexing across bands
af50baccaa5f wifi: ath12k: Set DTIM policy to stick mode for station interface
d6850f1984eb wifi: ath12k: Constify struct ath12k_dp_arch_ops
6c90f68f97de wifi: ath12k: fix scan command endianness on big endian
7b0bd40e97a0 wifi: ath12k: Correctly copy the hint BSSID in WMI scan request
42399be44b13 wifi: ath12k: allocate HOST_DDR and BDF regions after Q6 RO region
ecb517f97e62 wifi: ath12k: refactor QMI memory assignment
3fe59edd1901 wifi: ath12k: switch to name-based reserved memory lookup
e23d90cfcbe2 wifi: ath12k: Set congestion control max MSDU count
408ec3ffcc76 wifi: ath12k: update IPQ5332 BDF address offset
ff651212f2e2 wifi: ath12k: fix ML-STA authentication timeout on QCC2072
be72d6aecea4 wifi: ath12k: Set IEEE80211_OFFLOAD_ENCAP_4ADDR after tx_encap_type vdev param
b93c1dc44684 wifi: ath12k: add QMI capability negotiation for dynamic memory mode
9eb29fd47595 wifi: ath12k: fix rx_mpdu_start layout for QCC2072
6b31c3451b12 wifi: ath12k: Reduce RX SRNG interrupt timer threshold to 200us
6385fd09a399 wifi: ath12k: Fix ath12k_wifi7_mac_op_tx() style issues
01cc0f59aac3 wifi: ath12k: fix MLO peer delete race
f066e1a93703 wifi: ath12k: fix dp_link_peer dangling references on AP vdev rollback
d418509383b0 wifi: ath12k: Switch to generic PAS TZ APIs
70231dcd7822 wifi: ath12k: fix NULL pointer dereference in rhash table destroy
a2fe9dc70f3b wifi: ath12k: Fix low MLO RX throughput on WCN7850
55f3aa06951c wifi: ath12k: Flush the posted write after writing to PCIE_SOC_GLOBAL_RESET
84442442e04b wifi: cfg80211: remove WIPHY_FLAG_DISABLE_WEXT
913998f903fb wifi: ath12k: correct monitor destination ring size
58aeb412495a wifi: ath12k: change MAC buffer ring size to 4096
56f8f12c1a3c wifi: ath12k: Skip peer link info update in rx_status for monitor MSDUs
5a2b5d6a5a4a wifi: ath12k: Skip setting RX_FLAG_8023 for Ethernet-II (DIX) frames in monitor mode
b1d8d626e206 wifi: ath12k: Show per-radio center freq in dp stats
6cc84fce7b99 wifi: ath12k: Add timestamp to dp stats display
34620d1890cc wifi: ath12k: Use runtime device count in dp stats display
e47d6c9bb416 wifi: ath12k: Advertise multicast Ethernet encapsulation offload support
784f7dabf5d3 wifi: ath12k: advertise ieee_link_id in vdev start MLO params
fe2b006c15f6 wifi: ath12k: reset REOQ LUT addresses before firmware stop
c2d60ab8e382 wifi: ath12k: expand UserPD ID mask to support up to 8 PDs
fffa54aeaeb2 wifi: ath12k: tighten RX monitor TLV bounds check
4c09bbf0c1e1 wifi: ath12k: add dp_mon support 32-bit TLV headers
9d1d61121b05 wifi: ath12k: add HAL ops for monitor TLV header decode and alignment
e264a3dbe866 wifi: ath12k: refactor HAL TLV32/64 decode helpers
d762bbc08ca7 wifi: ath12k: fix TLV32 length mask
eaf478b3ea68 wifi: ath12k: avoid setting 320MHz support on non 6GHz band
007b638ed724 wifi: ath12k: remove unused QMI definitions
26d529b99861 wifi: ath12k: use %u for unsigned variables in QMI debug logs
c29d1550e166 wifi: ath12k: Fix inconsistencies in struct qmi_elem_info initializers
74e1a4762c79 wifi: ath12k: enable threaded NAPI when DP IRQ affinity is unavailable
63abe299b12b wifi: ath12k: enable IEEE80211_VHT_EXT_NSS_BW_CAPABLE when NSS ratio is reported
fdea4d44e4b9 wifi: ath12k: fix EAPOL TX failure caused by stale tcl_metadata bits
1c316d02c399 wifi: ath12k: Update Qualcomm copyrights
565257a85769 wifi: ath12k: Handle 4-address EAPOL frames from WBM error path
f818260ac66b wifi: ath12k: Add support for 4-address frame notification
6d0572f61539 wifi: ath12k: Add support for 4-address NULL frame handling
729cad3c3c9e wifi: ath12k: Add 4-address mode support for eth offload
2f57f737dbf3 wifi: ath12k: Add support for 4-address mode
e1125b0ab6fd wifi: ath12k: Set WDS vdev parameter for 4-address station interface
675aa75bfc29 wifi: ath12k: Prevent incorrect vif chanctx switch when handling multi-radio contexts
05337d0b9c5a wifi: ath12k: add hardware parameters for maximum supported clients
47809a7c8348 wifi: ath12k: fix NULL deref in change_sta_links for unready link
c972636efc63 wifi: ath12k: fix inconsistent arvif state in vdev_create error paths
51d510589f5c wifi: ath12k: allow peer_id 0 in dp peer lookup
98d4f92ab6a1 wifi: ath12k: fix memory leak in ath12k_wifi7_dp_rx_h_verify_tkip_mic()
10085a654a4c wifi: ath12k: fix incorrect HT/VHT/HE/EHT MCS reporting in monitor mode
6f5dc19f46f4 Merge tag 'ath-next-20260526' of git://git.kernel.org/pub/scm/linux/kernel/git/ath/ath
d5c336161088 wifi: ath12k: fix error unwind on arch_init() failure in PCI probe
6a20b34fe3b3 Merge git://git.kernel.org/pub/scm/linux/kernel/git/netdev/net
afa1bd86eddd wifi: ath12k: Add debugfs support to simulate incumbent signal interference
e7f9be2c7bff wifi: ath12k: Add support for handling incumbent signal interference in 6 GHz
60fb2cf51e77 wifi: ath12k: fix EHT TX MCS limitation due to wrong 20 MHz-only parsing
1e8ab2e2e962 wifi: ath12k: add channel 177 to the 5 GHz channel list
6a4c4656b0d2 Merge git://git.kernel.org/pub/scm/linux/kernel/git/netdev/net
0e1308803d2c wifi: ath12k: fix peer_id usage in normal RX path
81594a12d5ce wifi: ath12k: initialize RSSI dBm conversion event state
05c5078de822 wifi: ath12k: fix leak in some ath12k_wmi_xxx() functions
e12d2d3983ac wifi: ath12k: add thermal cooling device support
0ab4dc09b781 wifi: ath12k: reorder group start/stop for safe thermal sysfs cleanup
cd93e8c23ebb wifi: ath12k: refactor per-radio thermal hwmon setup and cleanup
612556eb774f wifi: ath12k: configure firmware thermal throttling via WMI
845b613b57c6 wifi: ath12k: handle thermal throttle stats WMI event
31d4f8d427f2 wifi: ath12k: unify error handling in some ath12k_wmi_xxx() functions
d88c3a5117c5 wifi: ath12k: use kzalloc_flex
c4aa897fe234 wifi: ath12k: Handle DP_RX_DECAP_TYPE_8023 type in Rx path
2419d92ad387 wifi: ath: Unify user-visible "Qualcomm" name
0e39eea57626 wifi: ath: Use the unified QMI service ID instead of defining it locally
4498664e2d58 wifi: ath12k: use lockdep_assert_in_rcu_read_lock() for RCU assertions
f3ba9e05cc7b wifi: ath12k: fix OF node refcount imbalance in WSI graph traversal
4a1b53417739 wifi: ath12k: prepare REO update element only for primary link
590182b72213 wifi: ath12k: Fix invalid IRQ requests during AHB probe
5c2ab62af09f wifi: ath12k: Remove macro HAL_RX_EHT_SIG_OFDMA_EB2_MCS
90ef329e73c6 wifi: ath12k: Fix ath12k_dp_htt_tlv_iter()'s iter() signature
a49300ad9796 wifi: ath12k: Fix HTC prototype ath12k_base parameters
9a4f673eb08d wifi: ath12k: avoid dynamic alloc when parsing wmi tb
65abaa9e722e wifi: ath12k: Use michael_mic() from cfg80211
8fb66931fe31 wifi: ath12k: Enable IPQ5424 WiFi device support
38cff745fa7c wifi: ath12k: Add CE remap hardware parameters for IPQ5424
7e2131ba332f wifi: ath12k: add ath12k_hw_regs for IPQ5424
74f5a619b1a6 wifi: ath12k: add ath12k_hw_version_map entry for IPQ5424
b1ad1a052bed wifi: ath12k: Add ath12k_hw_params for IPQ5424
0ec4b904be72 wifi: ath12k: Create symlink for each radio in a wiphy
7d7dc26f72ab wifi: ath12k: Skip adding inactive partner vdev info
af5708ed67fc wifi: ath12k: Support channel change stats
ba563287beaa wifi: ath12k: Rename hw_link_id to radio_idx in ath12k_ah_to_ar()
8ffb33d7709b Merge git://git.kernel.org/pub/scm/linux/kernel/git/netdev/net
5592d60ef2d8 Merge tag 'ath-next-20260324' of git://git.kernel.org/pub/scm/linux/kernel/git/ath/ath
4242625f2729 wifi: ath12k: Pass the correct value of each TID during a stop AMPDU session
7bbb578fc43e wifi: ath12k: Remove unused DFS Unit Test definitions
e570593b568f wifi: ath12k: Clean up the WMI Unit Test command interface
27401c9b1432 wifi: ath12k: Use .mbn firmware for AHB devices
616217a989e0 wifi: ath12k: Fix legacy rate mapping for monitor mode capture
aecb569d7fb6 wifi: ath12k: Fix the assignment of logical link index
1635ecc61a24 wifi: ath12k: account TX stats only when ACK/BA status is present
08e6183ed256 wifi: move action code from per-type frame structs
0b1324cdd8de Merge git://git.kernel.org/pub/scm/linux/kernel/git/netdev/net
c64760e0bce2 Merge tag 'ath-next-20260303' of https://git.kernel.org/pub/scm/linux/kernel/git/ath/ath
9003a0e3b6a7 Merge tag 'ath-current-20260302' of git://git.kernel.org/pub/scm/linux/kernel/git/ath/ath
cf7cbf97c630 wifi: ath12k: Remove the unused argument from the Rx data path
80a1147469b0 wifi: ath12k: Enable monitor mode support on IPQ5332
f33a8e418268 wifi: ath12k: Set up MLO after SSR
e098c26b3524 wifi: mac80211: fetch unsolicited probe response template by link ID
0495b6413215 wifi: mac80211: fetch FILS discovery template by link ID
151322bccdbd wifi: ath12k: add basic hwmon temperature reporting
0ef4738f0d38 wifi: ath12k: fix indentation in ath12k_qmi_aux_uc_load()
7259b1a0e54c wifi: ath12k: fix station lookup failure when disconnecting from AP
8f153eb74546 wifi: ath12k: use correct pdev id when requesting firmware stats
189f164e573e Convert remaining multi-line kmalloc_obj/flex GFP_KERNEL uses
32a92f8c8932 Convert more 'alloc_obj' cases to default GFP_KERNEL arguments
323bbfcf1ef8 Convert 'alloc_flex' family to use the new default GFP_KERNEL argument
bf4afc53b77a Convert 'alloc_obj' family to use the new default GFP_KERNEL argument
69050f8d6d07 treewide: Replace kmalloc with kmalloc_obj for non-scalar types
505d195b0f96 Merge tag 'char-misc-7.0-rc1' of git://git.kernel.org/pub/scm/linux/kernel/git/gregkh/char-misc
19dd0cc36a52 Merge tag 'ath-next-20260202' of git://git.kernel.org/pub/scm/linux/kernel/git/ath/ath
2c1ba9c2adf0 wifi: ath12k: clear stale link mapping of ahvif->links_map
05e810c8cffb wifi: ath12k: Add support TX hardware queue stats
f20de310882d wifi: ath12k: Add support RX PDEV stats
e4763898bb13 wifi: ath12k: Fix index decrement when array_len is zero
7b789ea39045 wifi: ath12k: support OBSS PD configuration for AP mode
6dbd496a170b wifi: ath12k: add WMI support for spatial reuse parameter configuration
303c1a66a220 Merge tag 'wireless-next-2026-01-29' of https://git.kernel.org/pub/scm/linux/kernel/git/wireless/wireless-next
dbd91d4f55ac Merge 6.19-rc7 into char-misc-next
9abf22075da9 Merge git://git.kernel.org/pub/scm/linux/kernel/git/netdev/net
d8e1f4a19310 wifi: ath12k: enable QCC2072 support
853deed04be3 wifi: ath12k: fix PCIE_LOCAL_REG_QRTR_NODE_ID definition for QCC2072
d6c5d412f600 wifi: ath12k: send peer meta data version to firmware
d518b2d601ac wifi: ath12k: limit number of channels per WMI command
37b34a1c545a wifi: ath12k: handle REO status ring for QCC2072
b7ffeb0f62fd wifi: ath12k: handle REO CMD ring for QCC2072
023ace9f9232 wifi: ath12k: add hardware ops support for QCC2072
28badc78142e wifi: ath12k: add HAL descriptor and ops for QCC2072
b065ccf4193e wifi: ath12k: support downloading auxiliary ucode image for QCC2072
68cc3ac88118 wifi: ath12k: support LPASS_SHARED target memory type
12048e2c052b wifi: ath12k: add hardware parameters for QCC2072
089e0e746d59 wifi: ath12k: add hardware registers for QCC2072
b5151c9b6e3a wifi: ath12k: fix mac phy capability parsing
6281d4f4df22 wifi: ath12k: refactor 320 MHz bandwidth support parsing
7f852de00032 wifi: ath12k: fix preferred hardware mode calculation
1f165022d5f0 wifi: ath12k: refactor REO status ring handling
9615a6727e9d wifi: ath12k: refactor REO CMD ring handling
7a6b6386deb7 wifi: ath12k: refactor PCI window register access
e62102ac9b77 wifi: ath12k: do WoW offloads only on primary link
40feb23c7263 wifi: ath12k: clean up on error in ath12k_dp_setup()
8fb264d1a0c5 wifi: ath12k: remove redundant pci_set_drvdata() call
9269caf5a7ff wifi: ath11k: fix comment typo in monitor mode handling
31707572108d wifi: ath12k: Fix wrong P2P device link id issue
f88e9fc30a26 wifi: ath12k: fix dead lock while flushing management frames
8b8d6ee53dfd wifi: ath12k: Fix scan state stuck in ABORTING after cancel_remain_on_channel
39c90b1a1dbe wifi: ath12k: cancel scan only on active scan vdev
1fed08c5519d wifi: ath12k: don't force radio frequency check in freq_to_idx()
bb97131fbf9b wifi: ath12k: fix dma_free_coherent() pointer
51731792a25c net: qrtr: Drop the MHI auto_queue feature for IPCR DL channels
631ee338f04d Merge branch 'ath12k-ng' into ath-next
5a58414fe107 wifi: ath12k: Skip DP peer creation for scan vdev
a1e19289932a wifi: ath12k: move firmware stats request outside of atomic context
5a384854d81f wifi: ath12k: add the missing RCU lock in ath12k_dp_tx_free_txbuf()
0eb272033b64 Merge tag 'ath-next-20251111' of git://git.kernel.org/pub/scm/linux/kernel/git/ath/ath
7cd7392a0778 wifi: ath12k: Remove Wi-Fi 7 header dependencies from common ath12k module
965aea91545a wifi: ath12k: Move MSDU END TLV processing to Wi-Fi 7 module
5db19c488413 wifi: ath12k: Move MU user processing to Wi-Fi 7 module
e5419861e415 wifi: ath12k: Move remaining SIG TLV parsing to Wi-Fi 7 module
00b67b7c44b4 wifi: ath12k: Move EHT SIG processing to Wi-Fi 7 module
dde5748c2940 wifi: ath12k: Move HE SIG processing to Wi-Fi 7 module
f4bcbaebf411 wifi: ath12k: Move HT/VHT SIG processing to Wi-Fi 7 module
52758ff7b50a wifi: ath12k: Move TX monitor functionality to Wi-Fi 7 module
e475119ba251 wifi: ath12k: Move RX status TLV parsing to Wi-Fi 7 module
906b5ac9c2b5 wifi: ath12k: Move MPDU pop functionality to Wi-Fi 7 module
e00164657ce8 wifi: ath12k: Move monitor status processing to Wi-Fi 7 module
24b21a9be2c9 wifi: ath12k: Move monitor ring processing to Wi-Fi 7 module
1ec9871fbb80 Merge git://git.kernel.org/pub/scm/linux/kernel/git/netdev/net
2977567b244f wifi: ath12k: Fix timeout error during beacon stats retrieval
bd6ec8111e65 wifi: ath12k: Make firmware stats reset caller-driven
9b73cdad5889 Merge tag 'wireless-next-2025-11-05' of https://git.kernel.org/pub/scm/linux/kernel/git/wireless/wireless-next
2f6adeaf92c4 Merge tag 'ath-next-20251103' of git://git.kernel.org/pub/scm/linux/kernel/git/ath/ath into wireless-next
f87034a7576f wifi: ath12k: Replace lock/unlock with guard()
96b42732bc75 wifi: ath12k: Use dp objects in performance critical paths
219dd14992fc wifi: ath12k: Build all the files in wifi7 directory into ath12k_wifi7.ko
951cca9cc68d wifi: ath12k: Remove arch-specific HAL dependencies from common DP
147daefc59f0 wifi: ath12k: Move ath12k_dp_rx_get_peer_id API to Wi-Fi 7
d43133a38b0c wifi: ath12k: Move ath12k_dp_rx_frags_cleanup API to Wi-Fi 7
c87060251024 wifi: ath12k: Remove the wifi7 header inclusions in common code
c26f294fef2a wifi: ath12k: Move ieee80211_ops callback to the arch specific module
05774dffb974 wifi: ath12k: Add helper to free DP link peer
35fcf4fa196c wifi: ath12k: Move DP specific link stats to DP link peer
775fe5acc18d wifi: ath12k: Move DP device stats to ath12k_dp
73c928346d09 wifi: ath12k: Add callbacks in arch_ops for rx APIs
85cb0757d7e1 net: Convert proto_ops connect() callbacks to use sockaddr_unsized
e70515039d44 wifi: ath12k: unassign arvif on scan vdev create failure
448bf7b51426 wifi: ath12k: enforce vdev limit in ath12k_mac_vdev_create()
09486128caef wifi: ath12k: Set EHT fixed rates for associated STAs
5ee9cb2c236b wifi: ath12k: add EHT rates to ath12k_mac_op_set_bitrate_mask()
ab31a9b73c95 wifi: ath12k: Add EHT fixed GI/LTF
6c95151e2e77 wifi: ath12k: Add EHT MCS/NSS rates to Peer Assoc
ec1d9b79be5d wifi: ath12k: add EHT rate handling to existing set rate functions
770bff79424b wifi: ath12k: generalize GI and LTF fixed rate functions
088a099690e4 wifi: ath12k: fix error handling in creating hardware group
00575bb44b2c wifi: ath12k: fix reusing m3 memory
be5febd51c47 wifi: ath12k: fix potential memory leak in ath12k_wow_arp_ns_offload()
9222582ec524 Revert "wifi: ath12k: Fix missing station power save configuration"
6633dca572d8 wifi: ath12k: Add lockdep warn for RCU
11157e0910fd wifi: ath12k: Use ath12k_dp_peer in per packet Tx & Rx paths
5525f12fa671 wifi: ath12k: Attach and detach ath12k_dp_link_peer to ath12k_dp_peer
ee16dcf573d5 wifi: ath12k: Define ath12k_dp_peer structure & APIs for create & delete
a88cf5f71adf wifi: ath12k: Add hash table for ath12k_dp_link_peer
0cafe8cc8566 wifi: ath12k: Move ath12k_dp_link_peer list from ath12k_base to ath12k_dp
57ccca410237 wifi: ath12k: Add hash table for ath12k_link_sta in ath12k_base
9e0b56a33384 wifi: ath12k: Rename ath12k_peer to ath12k_dp_link_peer
07174dc94269 wifi: ath12k: Move DP related functions from peer.c to dp_peer.c file
197498315de7 wifi: ath12k: Assert base_lock is held before allocating REO update element
a41281f6518e wifi: ath12k: restore register window after global reset
f7746cfcdbc5 wifi: ath12k: add support for BSS color change
d36978846728 Merge tag 'ath-current-20251006' of git://git.kernel.org/pub/scm/linux/kernel/git/ath/ath
38e3a9408496 wifi: ath12k: Add MODULE_FIRMWARE() entries
9c5f229b1312 wifi: ath12k: fix TX and RX MCS rate configurations in HE mode
8c21b32c2cc8 wifi: ath12k: fix VHT MCS assignment
b94f523cc5a1 wifi: ath12k: Fix NSS value update in ext_rx_stats
6917e268c433 wifi: ath12k: Defer vdev bring-up until CSA finalize to avoid stale beacon
43ba986e7ac7 wifi: ath12k: track dropped MSDU buffer type packets in REO exception ring
36f9edbb9d0f wifi: ath12k: Fix MSDU buffer types handling in RX error path
d34a368be24d wifi: ath12k: Remove struct wmi_bcn_send_from_host_cmd
25122460e7f9 wifi: ath12k: Drop hal_ prefix from hardware register names
49ba5debad42 wifi: ath12k: Rename hal_ops to ops
6250af607309 wifi: ath12k: Remove the unused ring inits in wcn
2bb41934527d wifi: ath12k: Segregate the common and wifi7 specific structures
ea23813a2e44 wifi: ath12k: Move HAL Cookie Conversion and RBM related APIs to wifi7 directory
17540a7c9b36 wifi: ath12k: Move HAL REO and Rx buf related APIs to wifi7 directory
356942d328a4 wifi: ath12k: Move HAL Tx, REO and link idle setup related APIs to wifi7 directory
eba935ec922f wifi: ath12k: Move HAL CE status and set link desc addr APIs to wifi7 directory
3d947cef0a51 wifi: ath12k: Move HAL CE desc related APIs to wifi7 directory
cb419f582f36 wifi: ath12k: Move HAL SRNG shadow config and get ring id APIs to wifi7 directory
e9f00e22963e wifi: ath12k: Move HAL CE setup and SRNG related APIs to wifi7 directory
b38213660ab9 wifi: ath12k: Use hal handle instead of ab handle
a337bff1db71 wifi: ath12k: Add direct HAL pointer in ath12k_dp
492dea1892da wifi: ath12k: Move hal_params and regs to hal from hw
1c1d4b491d20 wifi: ath12k: Move wbm_rbm_map to hw specific hal files
369cb192c2ec wifi: ath12k: Initialize hal_ops through hal_init
74ed243dad18 wifi: ath12k: Initialize desc_size through hal_init
c0600b35e08d wifi: ath12k: Move srng config and hal_ops to hw specific hal files
c57176c0dad9 wifi: ath12k: Rearrange PPDU radio stats
9e0ee04f818f wifi: ath12k: Refactor data path pdev struct
92282074e1d2 wifi: ath12k: free skb during idr cleanup callback
07fdad3a9375 Merge tag 'net-next-6.18' of git://git.kernel.org/pub/scm/linux/kernel/git/netdev/net-next
38057e323657 Merge tag 'soc-drivers-6.18' of git://git.kernel.org/pub/scm/linux/kernel/git/soc/soc
af66c7640cf9 wifi: ath12k: Refactor ath12k_vif structure
39538dc8860a wifi: ath12k: Add framework for hardware specific DP interrupt handler
914c890d3b90 wifi: ath12k: Add framework for hardware specific ieee80211_ops registration
8042e30acd1f wifi: ath12k: Rearrange DP fields in ath12k_hw_group struct
614c23e24ee8 wifi: ath12k: Support arch-specific DP device allocation
3a52762b539f wifi: ath12k: Convert ath12k_dp member in ath12k_base to pointer
9eb6f553026e wifi: ath12k: enforce CPU endian format for all QMI data
b706fb4e580b wifi: ath12k: Use 1KB Cache Flush Command for QoS TID Descriptors

=== 13. ATH12K COMMITS MATCHING KEYWORDS ===
4e47c8a55ce5 (test-7.3-reverts) power: sequencing: qcom-wcn: program the AOP WLAN PDC and pulse WLAN_EN
1f67f2a0258f ath12k: Force Single Chip MLO support to fix firmware boot Booting new firmwares like "WLAN.HMT.1.1.c2-00259-QCAHMTSWPL_V1.0_V2.0_SILICONZ-1" is broken since https://github.com/torvalds/linux/commit/46d16f7e1d1413ad7ff99c1334d8874623717745 commit, so force enable single chip MLO like it was before.
88d4a3beb3e0 ath12k: Generate random mac address if mac in eeprom is empty.
8703de46bcde ath12k: Disable rfkill pin for now Fixes wifi hard block issue on Pad 6S Pro.
6a5719cc3ef2 net: qrtr: resend HELLO on MHI resume
fefaac1176bf Merge tag 'wireless-2026-09-16' of https://git.kernel.org/pub/scm/linux/kernel/git/wireless/wireless
769ec67d0abc Merge tag 'ath-current-20260914' of git://git.kernel.org/pub/scm/linux/kernel/git/ath/ath
ce9d5197d651 wifi: ath12k: ahb: Revert undocumented ABI and dead code
91ec20351349 Merge tag 'net-next-7.3' of git://git.kernel.org/pub/scm/linux/kernel/git/netdev/net-next
ca56ac35a72e ath12k: Force Single Chip MLO support to fix firmware boot Booting new firmwares like "WLAN.HMT.1.1.c2-00259-QCAHMTSWPL_V1.0_V2.0_SILICONZ-1" is broken since https://github.com/torvalds/linux/commit/46d16f7e1d1413ad7ff99c1334d8874623717745 commit, so force enable single chip MLO like it was before.
fc2ad11f9435 ath12k: Generate random mac address if mac in eeprom is empty.
e411f94b846b ath12k: Disable rfkill pin for now Fixes wifi hard block issue on Pad 6S Pro.
6da796747eeb arm64: dts: qcom: sm8650-oneplus-giulia: wire up Bluetooth
cf81f0a3db2a Bluetooth: btqca: Fix qca_set_bdaddr() waiting for wrong HCI event
4fa4977a0d90 Merge tag 'wireless-next-2026-08-06' of https://git.kernel.org/pub/scm/linux/kernel/git/wireless/wireless-next
0307efd32f29 Merge tag 'ath-next-20260803' of git://git.kernel.org/pub/scm/linux/kernel/git/ath/ath
a9477331f26f wifi: ath12k: wcn7850: send the MLO host capability the firmware requires
c07b9ee39f9d wifi: ath12k: wcn7850: download the QDSS trace configuration
998dd35eaac9 wifi: ath12k: wcn7850: align the QMI/WMI host contract with downstream
9347b5161409 PCI: qcom: sm8650: replay downstream's CESTA/CRM programming and D0 vote
6e62a11693ae power: sequencing: qcom-wcn: program the AOP WLAN PDC and pulse WLAN_EN
4f25071afe92 wifi: ath10k: snoc: use memcpy_fromio() for MSA ramdump
1e33f8acd837 wifi: ath12k: fix encrypted EAPOL TX in encap offload mode
5c458073553f Merge git://git.kernel.org/pub/scm/linux/kernel/git/netdev/net
2812e64e1575 Merge tag 'net-7.2-rc6' of git://git.kernel.org/pub/scm/linux/kernel/git/netdev/net
4c6eb712a91f wifi: ath12k: fix stride mismatch in mac_phy_caps_parse()
82f0e98ba302 Merge tag 'wireless-2026-07-29' of https://git.kernel.org/pub/scm/linux/kernel/git/wireless/wireless
c6ab3b1dfa3e wifi: ath12k: Share RootPD state across UserPDs to avoid duplicate operations
96f46607bbce wifi: ath12k: add AHB platform descriptor support
43c521c11ce8 wifi: ath12k: skip MLO multicast links during crash recovery in Tx path
534459ac562b wifi: ath12k: Use different RX release ring sizes as per memory profiles
0090ec7ad252 wifi: ath12k: rename firmware_mode enum members to use QMI namespace
0702eddffff1 wifi: ath12k: move firmware_mode enum to qmi.h
8e415b806848 wifi: ath12k: validate TLV length in process_tpc_stats()
208d7fdb8597 wifi: ath11k: fix overreads in ath11k_wmi_process_csa_switch_count_event()
878654eb78c6 wifi: ath12k: fix overreads in ath12k_wmi_process_csa_switch_count_event()
650a21e0bfe4 Merge tag 'ath-current-20260727' of git://git.kernel.org/pub/scm/linux/kernel/git/ath/ath
edc84a9396ac Merge tag 'wireless-2026-07-26' of https://git.kernel.org/pub/scm/linux/kernel/git/wireless/wireless-next
469d7e6077c1 wifi: ath12k: resolve PENDING ML peer ID from MLO_PEER_MAP HTT event
a7619b3bcba4 wifi: ath12k: defer dp_peer registration when firmware allocates MLD peer ID
1726a7a10c4f wifi: ath12k: do not advertise MLD peer ID for firmware-allocate devices
378e659029d5 wifi: ath12k: introduce host_alloc_ml_id hardware parameter
a08455ee85a2 wifi: ath12k: add support for HTT_T2H_MSG_TYPE_MLO_RX_PEER_MAP
dd121ed779dd wifi: ath12k: keep ATH12K_PEER_ML_ID_VALID set in ath12k_sta::ml_peer_id
21ca38bb6b53 wifi: ath12k: factor out peer assoc send-and-wait into a helper
47abd2ca2815 wifi: ath12k: fix out-of-bounds clear_bit in ath12k_mac_dp_peer_cleanup()
d326f83e819c Merge tag 'net-7.2-rc5' of git://git.kernel.org/pub/scm/linux/kernel/git/netdev/net
90883c513ca0 Merge tag 'ath-next-20260722' of git://git.kernel.org/pub/scm/linux/kernel/git/ath/ath
fec15bb3dab0 Merge tag 'wireless-2026-07-22' of https://git.kernel.org/pub/scm/linux/kernel/git/wireless/wireless
9ef9dd30058c wifi: ath11k: Avoid buffer overread in ath11k_wmi_tlv_op_rx()
7698656a2f7b wifi: ath12k: Avoid buffer overread in ath12k_wmi_op_rx()
c42b27336eef wifi: ath12k: fix survey indexing across bands
af50baccaa5f wifi: ath12k: Set DTIM policy to stick mode for station interface
d6850f1984eb wifi: ath12k: Constify struct ath12k_dp_arch_ops
6c90f68f97de wifi: ath12k: fix scan command endianness on big endian
6fe2dddf59bb wifi: ath11k: Correctly copy the hint BSSID in WMI scan request
7b0bd40e97a0 wifi: ath12k: Correctly copy the hint BSSID in WMI scan request
42399be44b13 wifi: ath12k: allocate HOST_DDR and BDF regions after Q6 RO region
ecb517f97e62 wifi: ath12k: refactor QMI memory assignment
3fe59edd1901 wifi: ath12k: switch to name-based reserved memory lookup
e23d90cfcbe2 wifi: ath12k: Set congestion control max MSDU count
408ec3ffcc76 wifi: ath12k: update IPQ5332 BDF address offset
ff651212f2e2 wifi: ath12k: fix ML-STA authentication timeout on QCC2072
be72d6aecea4 wifi: ath12k: Set IEEE80211_OFFLOAD_ENCAP_4ADDR after tx_encap_type vdev param
b55a04ebb52d Merge tag 'ath-current-20260713' of git://git.kernel.org/pub/scm/linux/kernel/git/ath/ath
b93c1dc44684 wifi: ath12k: add QMI capability negotiation for dynamic memory mode
9eb29fd47595 wifi: ath12k: fix rx_mpdu_start layout for QCC2072
6b31c3451b12 wifi: ath12k: Reduce RX SRNG interrupt timer threshold to 200us
6385fd09a399 wifi: ath12k: Fix ath12k_wifi7_mac_op_tx() style issues
01cc0f59aac3 wifi: ath12k: fix MLO peer delete race
f066e1a93703 wifi: ath12k: fix dp_link_peer dangling references on AP vdev rollback
d418509383b0 wifi: ath12k: Switch to generic PAS TZ APIs
70231dcd7822 wifi: ath12k: fix NULL pointer dereference in rhash table destroy
a2fe9dc70f3b wifi: ath12k: Fix low MLO RX throughput on WCN7850
55f3aa06951c wifi: ath12k: Flush the posted write after writing to PCIE_SOC_GLOBAL_RESET
7f11e7062965 wifi: ath11k: fix potential buffer underflow in ath11k_hal_rx_msdu_list_get()
913998f903fb wifi: ath12k: correct monitor destination ring size
58aeb412495a wifi: ath12k: change MAC buffer ring size to 4096
56f8f12c1a3c wifi: ath12k: Skip peer link info update in rx_status for monitor MSDUs
5a2b5d6a5a4a wifi: ath12k: Skip setting RX_FLAG_8023 for Ethernet-II (DIX) frames in monitor mode
b1d8d626e206 wifi: ath12k: Show per-radio center freq in dp stats
6cc84fce7b99 wifi: ath12k: Add timestamp to dp stats display
34620d1890cc wifi: ath12k: Use runtime device count in dp stats display
e47d6c9bb416 wifi: ath12k: Advertise multicast Ethernet encapsulation offload support
784f7dabf5d3 wifi: ath12k: advertise ieee_link_id in vdev start MLO params
fe2b006c15f6 wifi: ath12k: reset REOQ LUT addresses before firmware stop
c2d60ab8e382 wifi: ath12k: expand UserPD ID mask to support up to 8 PDs
fffa54aeaeb2 wifi: ath12k: tighten RX monitor TLV bounds check
4c09bbf0c1e1 wifi: ath12k: add dp_mon support 32-bit TLV headers
9d1d61121b05 wifi: ath12k: add HAL ops for monitor TLV header decode and alignment
e264a3dbe866 wifi: ath12k: refactor HAL TLV32/64 decode helpers
d762bbc08ca7 wifi: ath12k: fix TLV32 length mask
eaf478b3ea68 wifi: ath12k: avoid setting 320MHz support on non 6GHz band
007b638ed724 wifi: ath12k: remove unused QMI definitions
26d529b99861 wifi: ath12k: use %u for unsigned variables in QMI debug logs
c29d1550e166 wifi: ath12k: Fix inconsistencies in struct qmi_elem_info initializers
74e1a4762c79 wifi: ath12k: enable threaded NAPI when DP IRQ affinity is unavailable
26ae421f7f49 Merge tag 'pci-v7.2-changes' of git://git.kernel.org/pub/scm/linux/kernel/git/pci/pci
44105c5d0a13 Merge branch 'pci/virtualization'
251c8e86539a power: sequencing: pcie-m2: Sort PCI device IDs in ascending order
b85966adbf5d Merge tag 'net-next-7.2' of git://git.kernel.org/pub/scm/linux/kernel/git/netdev/net-next
31e6aeafcdde Merge tag 'pwrseq-updates-for-v7.2-rc1' of git://git.kernel.org/pub/scm/linux/kernel/git/brgl/linux
6a4f64c3a3ad PCI: Avoid SBR for Qualcomm WCN6855/WCN7850 WiFi, SDX62/SDX65 modems
972c4dd19cb9 Merge tag 'wireless-next-2026-06-10' of https://git.kernel.org/pub/scm/linux/kernel/git/wireless/wireless-next
17126c933301 Merge tag 'ath-next-20260609' of git://git.kernel.org/pub/scm/linux/kernel/git/ath/ath
63abe299b12b wifi: ath12k: enable IEEE80211_VHT_EXT_NSS_BW_CAPABLE when NSS ratio is reported
fdea4d44e4b9 wifi: ath12k: fix EAPOL TX failure caused by stale tcl_metadata bits
21d83c6e9e45 wifi: ath: Update copyright in testmode_i.h
ae667b0f98b8 wifi: ath10k: Update Qualcomm copyrights
053a93808d46 wifi: ath11k: Update Qualcomm copyrights
1c316d02c399 wifi: ath12k: Update Qualcomm copyrights
2abcfdd91e6a power: sequencing: pcie-m2: Add PCI ID 0x1103 for WCN6855 Bluetooth
d03291b8c7fd Merge tag 'ath-next-20260602' of git://git.kernel.org/pub/scm/linux/kernel/git/ath/ath
565257a85769 wifi: ath12k: Handle 4-address EAPOL frames from WBM error path
f818260ac66b wifi: ath12k: Add support for 4-address frame notification
6d0572f61539 wifi: ath12k: Add support for 4-address NULL frame handling
729cad3c3c9e wifi: ath12k: Add 4-address mode support for eth offload
2f57f737dbf3 wifi: ath12k: Add support for 4-address mode
e1125b0ab6fd wifi: ath12k: Set WDS vdev parameter for 4-address station interface
675aa75bfc29 wifi: ath12k: Prevent incorrect vif chanctx switch when handling multi-radio contexts
05337d0b9c5a wifi: ath12k: add hardware parameters for maximum supported clients
47809a7c8348 wifi: ath12k: fix NULL deref in change_sta_links for unready link
c972636efc63 wifi: ath12k: fix inconsistent arvif state in vdev_create error paths
51d510589f5c wifi: ath12k: allow peer_id 0 in dp peer lookup
98d4f92ab6a1 wifi: ath12k: fix memory leak in ath12k_wifi7_dp_rx_h_verify_tkip_mic()
10085a654a4c wifi: ath12k: fix incorrect HT/VHT/HE/EHT MCS reporting in monitor mode
4d8af936b4fe wifi: ath11k: add MSDU length validation for TKIP MIC error
6b471e9aefee wifi: ath11k: fix invalid data access in ath11k_dp_rx_h_undecap_nwifi
e7d6bd24e883 Merge tag 'wireless-next-2026-05-28' of https://git.kernel.org/pub/scm/linux/kernel/git/wireless/wireless-next
6f5dc19f46f4 Merge tag 'ath-next-20260526' of git://git.kernel.org/pub/scm/linux/kernel/git/ath/ath
d5c336161088 wifi: ath12k: fix error unwind on arch_init() failure in PCI probe
0e3c08f1b7b7 Merge tag 'wireless-2026-05-21' of https://git.kernel.org/pub/scm/linux/kernel/git/wireless/wireless
8499d0949d6a Merge tag 'ath-current-20260519' of git://git.kernel.org/pub/scm/linux/kernel/git/ath/ath
afa1bd86eddd wifi: ath12k: Add debugfs support to simulate incumbent signal interference
e7f9be2c7bff wifi: ath12k: Add support for handling incumbent signal interference in 6 GHz
60fb2cf51e77 wifi: ath12k: fix EHT TX MCS limitation due to wrong 20 MHz-only parsing
1e8ab2e2e962 wifi: ath12k: add channel 177 to the 5 GHz channel list
fcee7d82f27d Merge tag 'net-7.1-rc3' of git://git.kernel.org/pub/scm/linux/kernel/git/netdev/net
b89e0100a5f6 Merge tag 'wireless-2026-05-06' of https://git.kernel.org/pub/scm/linux/kernel/git/wireless/wireless
714ae274e869 Merge tag 'ath-current-20260505' of git://git.kernel.org/pub/scm/linux/kernel/git/ath/ath
0e1308803d2c wifi: ath12k: fix peer_id usage in normal RX path
81594a12d5ce wifi: ath12k: initialize RSSI dBm conversion event state
05c5078de822 wifi: ath12k: fix leak in some ath12k_wmi_xxx() functions
6855a52318b3 Merge tag 'wireless-next-2026-04-30' of https://git.kernel.org/pub/scm/linux/kernel/git/wireless/wireless-next
e12d2d3983ac wifi: ath12k: add thermal cooling device support
0ab4dc09b781 wifi: ath12k: reorder group start/stop for safe thermal sysfs cleanup
cd93e8c23ebb wifi: ath12k: refactor per-radio thermal hwmon setup and cleanup
612556eb774f wifi: ath12k: configure firmware thermal throttling via WMI
845b613b57c6 wifi: ath12k: handle thermal throttle stats WMI event
31d4f8d427f2 wifi: ath12k: unify error handling in some ath12k_wmi_xxx() functions
d88c3a5117c5 wifi: ath12k: use kzalloc_flex
c4aa897fe234 wifi: ath12k: Handle DP_RX_DECAP_TYPE_8023 type in Rx path
334a70c454e4 Merge tag 'ath-next-20260427' of git://git.kernel.org/pub/scm/linux/kernel/git/ath/ath
d997c32157d2 Merge tag 'ath-current-20260427' of git://git.kernel.org/pub/scm/linux/kernel/git/ath/ath
4498664e2d58 wifi: ath12k: use lockdep_assert_in_rcu_read_lock() for RCU assertions
f3ba9e05cc7b wifi: ath12k: fix OF node refcount imbalance in WSI graph traversal
4a1b53417739 wifi: ath12k: prepare REO update element only for primary link
590182b72213 wifi: ath12k: Fix invalid IRQ requests during AHB probe
5c2ab62af09f wifi: ath12k: Remove macro HAL_RX_EHT_SIG_OFDMA_EB2_MCS
90ef329e73c6 wifi: ath12k: Fix ath12k_dp_htt_tlv_iter()'s iter() signature
a49300ad9796 wifi: ath12k: Fix HTC prototype ath12k_base parameters
91a4855d6c03 Merge tag 'net-next-7.1' of git://git.kernel.org/pub/scm/linux/kernel/git/netdev/net-next
d60bc1401583 Merge tag 'pwrseq-updates-for-v7.1-rc1' of git://git.kernel.org/pub/scm/linux/kernel/git/brgl/linux
e9dc62f25ba6 Merge tag 'for-net-next-2026-04-13' of git://git.kernel.org/pub/scm/linux/kernel/git/bluetooth/bluetooth-next
7b75867803a8 Bluetooth: hci_qca: disable power control for WCN7850 when bt_en is not defined
118cbd428e43 Merge tag 'wireless-next-2026-04-10' of https://git.kernel.org/pub/scm/linux/kernel/git/wireless/wireless-next
9a4f673eb08d wifi: ath12k: avoid dynamic alloc when parsing wmi tb
65abaa9e722e wifi: ath12k: Use michael_mic() from cfg80211
613c83766884 wifi: mac80211, cfg80211: Export michael_mic() and move it to cfg80211
c9b7f640426c Merge tag 'ath-next-20260407' of git://git.kernel.org/pub/scm/linux/kernel/git/ath/ath
8fb66931fe31 wifi: ath12k: Enable IPQ5424 WiFi device support
38cff745fa7c wifi: ath12k: Add CE remap hardware parameters for IPQ5424
7e2131ba332f wifi: ath12k: add ath12k_hw_regs for IPQ5424
74f5a619b1a6 wifi: ath12k: add ath12k_hw_version_map entry for IPQ5424
b1ad1a052bed wifi: ath12k: Add ath12k_hw_params for IPQ5424
3ebaf730b583 dt-bindings: net: wireless: add ath12k wifi device IPQ5424
0ec4b904be72 wifi: ath12k: Create symlink for each radio in a wiphy
7d7dc26f72ab wifi: ath12k: Skip adding inactive partner vdev info
af5708ed67fc wifi: ath12k: Support channel change stats
ba563287beaa wifi: ath12k: Rename hw_link_id to radio_idx in ath12k_ah_to_ar()
b4464d8f313f power: sequencing: pcie-m2: add SERIAL_DEV_BUS dependency
19b8c8fc83f7 power: sequencing: pcie-m2: enforce PCI and OF dependencies
3f736aecbdc8 power: sequencing: pcie-m2: Create serdev device for WCN7850 bluetooth
45dbf8fcea4d Merge tag 'wireless-2026-03-26' of https://git.kernel.org/pub/scm/linux/kernel/git/wireless/wireless
eb5fa758f795 arm64: dts: qcom: glymur-crd: Enable WLAN and Bluetooth
6525a549ecba Merge tag 'ath-current-20260324' of git://git.kernel.org/pub/scm/linux/kernel/git/ath/ath
4242625f2729 wifi: ath12k: Pass the correct value of each TID during a stop AMPDU session
cf3287fb2c1f PCI/pwrctrl: Ensure that remote endpoint node parent has supply requirement
7bbb578fc43e wifi: ath12k: Remove unused DFS Unit Test definitions
e570593b568f wifi: ath12k: Clean up the WMI Unit Test command interface
27401c9b1432 wifi: ath12k: Use .mbn firmware for AHB devices
616217a989e0 wifi: ath12k: Fix legacy rate mapping for monitor mode capture
aecb569d7fb6 wifi: ath12k: Fix the assignment of logical link index
1635ecc61a24 wifi: ath12k: account TX stats only when ACK/BA status is present
dbbda7dd6835 Merge tag 'wireless-next-2026-03-04' of https://git.kernel.org/pub/scm/linux/kernel/git/wireless/wireless-next
2697c45a481a Merge tag 'wireless-2026-03-04' of https://git.kernel.org/pub/scm/linux/kernel/git/wireless/wireless
c64760e0bce2 Merge tag 'ath-next-20260303' of https://git.kernel.org/pub/scm/linux/kernel/git/ath/ath
9003a0e3b6a7 Merge tag 'ath-current-20260302' of git://git.kernel.org/pub/scm/linux/kernel/git/ath/ath
cf7cbf97c630 wifi: ath12k: Remove the unused argument from the Rx data path
80a1147469b0 wifi: ath12k: Enable monitor mode support on IPQ5332
f33a8e418268 wifi: ath12k: Set up MLO after SSR
6508c9752451 wifi: ath11k: Silence remoteproc probe deferral prints
151322bccdbd wifi: ath12k: add basic hwmon temperature reporting
0ef4738f0d38 wifi: ath12k: fix indentation in ath12k_qmi_aux_uc_load()
7259b1a0e54c wifi: ath12k: fix station lookup failure when disconnecting from AP
8f153eb74546 wifi: ath12k: use correct pdev id when requesting firmware stats
37a93dd5c49b Merge tag 'net-next-7.0' of git://git.kernel.org/pub/scm/linux/kernel/git/netdev/net-next
333225e1e9ea Merge tag 'wireless-next-2026-02-04' of https://git.kernel.org/pub/scm/linux/kernel/git/wireless/wireless-next
2c1ba9c2adf0 wifi: ath12k: clear stale link mapping of ahvif->links_map
05e810c8cffb wifi: ath12k: Add support TX hardware queue stats
f20de310882d wifi: ath12k: Add support RX PDEV stats
e4763898bb13 wifi: ath12k: Fix index decrement when array_len is zero
7b789ea39045 wifi: ath12k: support OBSS PD configuration for AP mode
6dbd496a170b wifi: ath12k: add WMI support for spatial reuse parameter configuration
303c1a66a220 Merge tag 'wireless-next-2026-01-29' of https://git.kernel.org/pub/scm/linux/kernel/git/wireless/wireless-next
7227e984c36b Merge tag 'for-net-next-2026-01-29' of git://git.kernel.org/pub/scm/linux/kernel/git/bluetooth/bluetooth-next
eba86d86eec8 Bluetooth: hci_qca: Enable HFP hardware offload for WCN6855 and WCN7850
ff3bb47ab4ca Bluetooth: btqca: move WCN7850 workaround to the caller
a410d3fb30d9 Merge tag 'ath-next-20260120' of git://git.kernel.org/pub/scm/linux/kernel/git/ath/ath
9abf22075da9 Merge git://git.kernel.org/pub/scm/linux/kernel/git/netdev/net
0a80e38d0fe1 Merge tag 'net-6.19-rc7' of git://git.kernel.org/pub/scm/linux/kernel/git/netdev/net
9146fe282990 Merge tag 'wireless-2026-11-22' of https://git.kernel.org/pub/scm/linux/kernel/git/wireless/wireless
d8e1f4a19310 wifi: ath12k: enable QCC2072 support
853deed04be3 wifi: ath12k: fix PCIE_LOCAL_REG_QRTR_NODE_ID definition for QCC2072
d6c5d412f600 wifi: ath12k: send peer meta data version to firmware
d518b2d601ac wifi: ath12k: limit number of channels per WMI command
37b34a1c545a wifi: ath12k: handle REO status ring for QCC2072
b7ffeb0f62fd wifi: ath12k: handle REO CMD ring for QCC2072
023ace9f9232 wifi: ath12k: add hardware ops support for QCC2072
28badc78142e wifi: ath12k: add HAL descriptor and ops for QCC2072
b065ccf4193e wifi: ath12k: support downloading auxiliary ucode image for QCC2072
68cc3ac88118 wifi: ath12k: support LPASS_SHARED target memory type
12048e2c052b wifi: ath12k: add hardware parameters for QCC2072
089e0e746d59 wifi: ath12k: add hardware registers for QCC2072
b5151c9b6e3a wifi: ath12k: fix mac phy capability parsing
6281d4f4df22 wifi: ath12k: refactor 320 MHz bandwidth support parsing
7f852de00032 wifi: ath12k: fix preferred hardware mode calculation
1f165022d5f0 wifi: ath12k: refactor REO status ring handling
9615a6727e9d wifi: ath12k: refactor REO CMD ring handling
7a6b6386deb7 wifi: ath12k: refactor PCI window register access
e62102ac9b77 wifi: ath12k: do WoW offloads only on primary link
40feb23c7263 wifi: ath12k: clean up on error in ath12k_dp_setup()
8fb264d1a0c5 wifi: ath12k: remove redundant pci_set_drvdata() call
e7df8567878f Merge tag 'ath-current-20260113' of git://git.kernel.org/pub/scm/linux/kernel/git/ath/ath into wireless
31707572108d wifi: ath12k: Fix wrong P2P device link id issue
f88e9fc30a26 wifi: ath12k: fix dead lock while flushing management frames
8b8d6ee53dfd wifi: ath12k: Fix scan state stuck in ABORTING after cancel_remain_on_channel
39c90b1a1dbe wifi: ath12k: cancel scan only on active scan vdev
669aa3e3faa8 Merge tag 'wireless-next-2026-01-12' of https://git.kernel.org/pub/scm/linux/kernel/git/wireless/wireless-next
1fed08c5519d wifi: ath12k: don't force radio frequency check in freq_to_idx()
bb97131fbf9b wifi: ath12k: fix dma_free_coherent() pointer
4ea5bebe17ba Merge tag 'ath-next-20260105' of git://git.kernel.org/pub/scm/linux/kernel/git/ath/ath
631ee338f04d Merge branch 'ath12k-ng' into ath-next
5a58414fe107 wifi: ath12k: Skip DP peer creation for scan vdev
8f7aa3d3c732 Merge tag 'net-next-6.19' of git://git.kernel.org/pub/scm/linux/kernel/git/netdev/net-next
eba81b0a6de3 net: dsa: cpu_dp->orig_ethtool_ops might be NULL
a1e19289932a wifi: ath12k: move firmware stats request outside of atomic context
5a384854d81f wifi: ath12k: add the missing RCU lock in ath12k_dp_tx_free_txbuf()
e949824730da Merge tag 'wireless-next-2025-11-12' of https://git.kernel.org/pub/scm/linux/kernel/git/wireless/wireless-next
0eb272033b64 Merge tag 'ath-next-20251111' of git://git.kernel.org/pub/scm/linux/kernel/git/ath/ath
7cd7392a0778 wifi: ath12k: Remove Wi-Fi 7 header dependencies from common ath12k module
965aea91545a wifi: ath12k: Move MSDU END TLV processing to Wi-Fi 7 module
5db19c488413 wifi: ath12k: Move MU user processing to Wi-Fi 7 module
e5419861e415 wifi: ath12k: Move remaining SIG TLV parsing to Wi-Fi 7 module
00b67b7c44b4 wifi: ath12k: Move EHT SIG processing to Wi-Fi 7 module
dde5748c2940 wifi: ath12k: Move HE SIG processing to Wi-Fi 7 module
f4bcbaebf411 wifi: ath12k: Move HT/VHT SIG processing to Wi-Fi 7 module
52758ff7b50a wifi: ath12k: Move TX monitor functionality to Wi-Fi 7 module
e475119ba251 wifi: ath12k: Move RX status TLV parsing to Wi-Fi 7 module
906b5ac9c2b5 wifi: ath12k: Move MPDU pop functionality to Wi-Fi 7 module
e00164657ce8 wifi: ath12k: Move monitor status processing to Wi-Fi 7 module
24b21a9be2c9 wifi: ath12k: Move monitor ring processing to Wi-Fi 7 module
1ec9871fbb80 Merge git://git.kernel.org/pub/scm/linux/kernel/git/netdev/net
c2c2ccfd4ba7 Merge tag 'net-6.18-rc5' of git://git.kernel.org/pub/scm/linux/kernel/git/netdev/net
2977567b244f wifi: ath12k: Fix timeout error during beacon stats retrieval
bd6ec8111e65 wifi: ath12k: Make firmware stats reset caller-driven
9065b9687523 wifi: ath11k: zero init info->status in wmi_process_mgmt_tx_comp()
9b73cdad5889 Merge tag 'wireless-next-2025-11-05' of https://git.kernel.org/pub/scm/linux/kernel/git/wireless/wireless-next
7d1988a94385 Merge tag 'wireless-2025-11-05' of https://git.kernel.org/pub/scm/linux/kernel/git/wireless/wireless
2f6adeaf92c4 Merge tag 'ath-next-20251103' of git://git.kernel.org/pub/scm/linux/kernel/git/ath/ath into wireless-next
4c740c4d8bac Merge tag 'ath-current-20251103' of git://git.kernel.org/pub/scm/linux/kernel/git/ath/ath
f87034a7576f wifi: ath12k: Replace lock/unlock with guard()
96b42732bc75 wifi: ath12k: Use dp objects in performance critical paths
219dd14992fc wifi: ath12k: Build all the files in wifi7 directory into ath12k_wifi7.ko
951cca9cc68d wifi: ath12k: Remove arch-specific HAL dependencies from common DP
147daefc59f0 wifi: ath12k: Move ath12k_dp_rx_get_peer_id API to Wi-Fi 7
d43133a38b0c wifi: ath12k: Move ath12k_dp_rx_frags_cleanup API to Wi-Fi 7
c87060251024 wifi: ath12k: Remove the wifi7 header inclusions in common code
c26f294fef2a wifi: ath12k: Move ieee80211_ops callback to the arch specific module
05774dffb974 wifi: ath12k: Add helper to free DP link peer
35fcf4fa196c wifi: ath12k: Move DP specific link stats to DP link peer
775fe5acc18d wifi: ath12k: Move DP device stats to ath12k_dp
73c928346d09 wifi: ath12k: Add callbacks in arch_ops for rx APIs
e70515039d44 wifi: ath12k: unassign arvif on scan vdev create failure
448bf7b51426 wifi: ath12k: enforce vdev limit in ath12k_mac_vdev_create()
09486128caef wifi: ath12k: Set EHT fixed rates for associated STAs
5ee9cb2c236b wifi: ath12k: add EHT rates to ath12k_mac_op_set_bitrate_mask()
ab31a9b73c95 wifi: ath12k: Add EHT fixed GI/LTF
6c95151e2e77 wifi: ath12k: Add EHT MCS/NSS rates to Peer Assoc
ec1d9b79be5d wifi: ath12k: add EHT rate handling to existing set rate functions

=== 14. MHI COMMITS MATCHING KEYWORDS ===
33de5a8680b5 (HEAD -> test-7.3-batch) Revert "bus: mhi: core: Fix sys error transition latency"
648fe2955170 Revert "bus: mhi: host: Flush the posted write after writing to MHI_SOC_RESET_REQ_OFFSET"
4e47c8a55ce5 (test-7.3-reverts) power: sequencing: qcom-wcn: program the AOP WLAN PDC and pulse WLAN_EN
cb9b410a03fa Revert "net: qrtr: resend HELLO on MHI resume"
5bfa9f1a9dcb kprobes: Fix permanent hang when flushing the kprobe optimizer
b8d1d5b63a8e x86/mce: Fix hardware debug register corruption on task migration
6a5719cc3ef2 net: qrtr: resend HELLO on MHI resume
1d653a183973 fprobe: Terminate the fgraph_data list when the reservation is not filled
b5a051f6b840 Merge tag 'net-7.3-rc4' of git://git.kernel.org/pub/scm/linux/kernel/git/netdev/net
a5f7a5bb3b7f x86/kprobes: Fix crash when probing CS CALL instructions
31550d585589 net: wwan: mhi_wwan_mbim: check skb_copy_bits() return value
5d063822ac51 net: wwan: mhi_wwan_mbim: guard against a cyclic NDP chain
06f5634ec558 tracing: Keep the entry count when the histogram stats allocation fails
b22845487096 fgraph: Remove unused FGRAPH_MAX_INDEX
7812d6dab069 bootconfig: Fix integer overflow in initrd size check
462d0b066b61 tools/bootconfig: Fix integer overflow and truncation in size checks
d22c3e0088e8 selftests/ftrace: Fix unique symbol check in kprobe_non_uniq_symbol.tc
d7dbdd2ee01e tracing: Fix to avoid creating trace instances with duplicate names
0c4256196b3a kprobes: Protect kprobe_blacklist with RCU
86b7a239ec6b tracing/probes: Fix use-after-free on field name/type of events with multiple probes
871e07b6e384 tracing/probes: Fix code indent in get_bitoffset_of_field()
47e93045a2db tracing/probes: Fix BTF kflag check for anonymous struct member access
f36d94a20ca1 tracing/probes: Fix anon_stack check for unnamed bitfields in btf_find_struct_member
544d85de4dc2 net: qrtr: Send HELLO message on endpoint register
6e0803a17055 MAINTAINERS: add Lance Yang as a hung task detector co-maintainer
738ef4cd8281 uprobes: guard trace cleanup against error pointers
fb580e196497 tools/testing/selftests/mm: test anonymous page offset merge behaviour
6b7460ad1af8 tools/testing/vma: expand VMA merge tests to assert anon pgoff
93c0c8dc87f6 mm/rmap: use anon pgoff to track MAP_PRIVATE file-backed anon folios
5f653f8b7a34 mm/migrate: calculate large folio page index using PFN
8e658ecc3be2 mm/huge_memory: update remove_migration_pmd() to accept a folio
e7006fbd608f mm: clean up vma_address_end()
50c5f35a64aa mm/rmap: track whether the page VMA mapped pgoff is anonymous
6a993c7fbc3e mm: propagate VMA anonymous page offset on map, remap, split + merge
746b9e0a4777 tools/testing/vma: add tests for copy_vma() self-merge
9998bc06d75b mm/vma: fix self-merge check in copy_vma()
dba10745e9b4 mm: introduce and use vma_filebacked_address()
2a8de2d1d6a5 mm: update print_bad_page_map() to show anon index if appropriate
c02fe674feaf mm: abstract vma_address() and introduce vma_anon_address()
7e6543d1f939 mm: introduce linear_anon_page_index()
51943a18ad4b mm: provide vma_[flags_]is_cow_mapping() and remove is_cow_mapping()
0bd14001eb26 mm/vma: introduce VMA anon page offset field and add helpers
a9a01be2834a tracing: Fix logged instance name on creation failure
bb91730f16c0 landlock: Add tracepoints for ptrace and scope denials
01ce260f5ccf landlock: Add landlock_deny_access_fs and landlock_deny_access_net
3f1f106e4c14 landlock: Add tracepoints for rule checking
132d84b16b5f landlock: Add landlock_enforce_domain tracepoint
67567f03a4bf landlock: Add create_domain and free_domain tracepoints
63747c94774d landlock: Add landlock_add_rule_fs and landlock_add_rule_net tracepoints
b4540a72be41 landlock: Add create_ruleset and free_ruleset tracepoints
8a5f63637890 ring-buffer: Fix subbuf resize race with ring buffer readers
234b1a72e970 ring-buffer: Free cpu_buffer::free_page with subbuf_order
53cb675d7206 clk: samsung: Don't include <linux/mod_devicetable.h>
aa27e55f2440 hung_task: update DETECT_HUNG_TASK_BLOCKER Kconfig help
b16b03ebb39d ring-buffer: drop unneeded semicolon
a8aaf7445bfc tracing: Cleanup event_enable_trigger_parse() by using __free()
6da796747eeb arm64: dts: qcom: sm8650-oneplus-giulia: wire up Bluetooth
29a86c5e6361 fprobe: Simplify fprobe_remove_ips() by reusing existing helpers
91542863abad ring-buffer: Fix crash passing ERR_PTR to kthread_stop()
8b8292d6487c ftrace: Fix off-by-one fentry site disable in ftrace_free_mem()
f0ece16ffca7 eventfs: Use children field for rcu head and add memory barriers
fd73b6917021 eventfs: Fix use-after-free in eventfs_remove_rec()
d093d4524bb1 tracing/boot: Add support for eprobe, fprobe, and tprobe events
faa0e9064a16 tracing/mmiotrace: Use trace_assign_type() in mmio_print_mark()
cf81f0a3db2a Bluetooth: btqca: Fix qca_set_bdaddr() waiting for wrong HCI event
c13fcd3951dc selftests/ftrace: Force C locale in ftracetest
24aa630f6259 selftests/ftrace: Convert ELF entry point to file offset in uprobe test
70200b99a36e Merge tag 'mhi-for-v7.3' of ssh://gitolite.kernel.org/pub/scm/linux/kernel/git/mani/mhi into char-misc-next
c07b9ee39f9d wifi: ath12k: wcn7850: download the QDSS trace configuration
998dd35eaac9 wifi: ath12k: wcn7850: align the QMI/WMI host contract with downstream
9347b5161409 PCI: qcom: sm8650: replay downstream's CESTA/CRM programming and D0 vote
6e62a11693ae power: sequencing: qcom-wcn: program the AOP WLAN PDC and pulse WLAN_EN
97b03277ce77 Documentation: document panic_on_unrecoverable_memory_failure sysctl
3e0659f93bae mm/memory-failure: add panic option for unrecoverable pages
737a97548c4a mm/memory-failure: report MF_MSG_KERNEL for unrecoverable kernel pages
8a276c0086cf mm/memory-failure: surface unhandlable kernel pages as -ENOTRECOVERABLE
8d7483174458 mm/memory-failure: drop dead error_states[] entry for reserved pages
6e3abef2a27e selftests/ftrace: refactor eprobes test to fix argument checks
d19cdc167e69 signal: avoid shared siginfo namespace rewrites
260b20d9b78b ring-buffer: Fix subbuf_ids memory leak in rb_allocate_cpu_buffer() error path
a5edf881c952 mm/damon/core: remove damon_region->nr_accesses_bp
9255add1fc85 mm/damon/core: remove damon_moving_sum() and its unit test
5744423b4686 mm/damon/vaddr: remove attrs param from __damon_va_check_access()
74a03cad1b9d mm/damon/paddr: remove attrs param from __damon_pa_check_access()
3a61be80e86c mm/damon/core: remove attrs param from damon_update_region_access_rate()
8bd5540d8eb3 mm/damon/core: remove nr_accesses_bp setups and updates
51bd0de225a7 selftests/damon/drgn_dump_damon_status: do not dump nr_accesses_bp
ca7e1c3f0683 mm/damon/tests/core-kunit: remove nr_accesses_bp setup and tests
5c1eece7c961 mm/damon/core: remove damon_verify_merge_regions_of()
e33eb22d718b mm/damon/core: remove damon_verify_reset_aggregated()
653902082cc8 mm/damon/core: remove damon_warn_fix_nr_accesses_corruption()
e4375bcf0fb2 mm/damon/sysfs-schemes: use damon_nr_accesses_mvsum() for damo regions
bcea0202d465 mm/damon/core: use damon_nr_accesses_mvsum() for damos region tracing
8ea1a3a70aba mm/damon/core: use damon_nr_accesses_mvsum() in __damos_valid_target()
1b43501d688d mm/damon/core: handle unreset nr_accesses in damon_nr_accesses_mvsum()
a44821c65c85 mm/damon/core: always update ->last_nr_accesses for intervals change
f8dbb118fa43 mm/damon/tests/core-kunit: test damon_mvsum()
9f3786d8602f mm/damon/core: introduce damon_nr_accesses_mvsum()
2812e64e1575 Merge tag 'net-7.2-rc6' of git://git.kernel.org/pub/scm/linux/kernel/git/netdev/net
4c6eb712a91f wifi: ath12k: fix stride mismatch in mac_phy_caps_parse()
9656bcd4c321 PCI: epf-mhi: Implement mhi_cntrl->flush_async() to flush DMA read/write
5993e10b82a4 bus: mhi: ep: Flush async transfers before notifying disconnect in mhi_ep_abort_transfer()
7cc5ddce0a62 bus: mhi: ep: Add mhi_cntrl->flush_async() callback to flush the async read/write
abe5c5f1ad55 bus: mhi: Clean up some kernel-doc warnings
0d5b9e66591d bus: mhi: host: Fix controller cleanup on EDL sysfs failure
5fe63c1bba57 bus: mhi: pci_generic: Add SAHARA channel support for Foxconn products
0936a8780ec2 bus: mhi: host: pci_generic: Set 'mhi_cntrl->no_m3' flag
753aa72545ce bus: mhi: host: Add support for devices with no M3 state
24f4423cbc89 bus: mhi: host: Flush the posted write after writing to MHI_SOC_RESET_REQ_OFFSET
82f0e98ba302 Merge tag 'wireless-2026-07-29' of https://git.kernel.org/pub/scm/linux/kernel/git/wireless/wireless
c22c7b735f98 tracing/filters: Fix false positive match in regex_match_full()
ac8719969e6c tracing: Check return value of __register_event() in trace_module_add_events()
12b80cdbc54c tracing/mmiotrace: Add NULL check for mmio_trace_array in logging functions
c786d2bdf1f3 tracing/mmiotrace: Reset dropped_count in mmio_reset_data()
43c521c11ce8 wifi: ath12k: skip MLO multicast links during crash recovery in Tx path
534459ac562b wifi: ath12k: Use different RX release ring sizes as per memory profiles
0090ec7ad252 wifi: ath12k: rename firmware_mode enum members to use QMI namespace
0702eddffff1 wifi: ath12k: move firmware_mode enum to qmi.h
8cf2f40ceb85 fprobe: Fix module reference count leak on error in register_fprobe()
094470f3f45b mm/lruvec: trace LRU add drains and drain-all requests
aca0cd1bf165 tracing/fprobe: Roll back on enable_trace_fprobe() failure
00a8ce2a2a9f tracing/probes: Reject $arg0 in meta argument expansion
c00e735410d7 tracing/probes: Treating longer symbol name on event comparation
d0d7dc1a70da docs: trace: fprobe: fix 'thos' spelling
650a21e0bfe4 Merge tag 'ath-current-20260727' of git://git.kernel.org/pub/scm/linux/kernel/git/ath/ath
b11d9af16d52 kernel/trace/trace_printk: Use kstrdup() instead of kmalloc() and strcpy()
8432a8772bea tracing: Point constant hist field type to string literal
469d7e6077c1 wifi: ath12k: resolve PENDING ML peer ID from MLO_PEER_MAP HTT event
a7619b3bcba4 wifi: ath12k: defer dp_peer registration when firmware allocates MLD peer ID
1726a7a10c4f wifi: ath12k: do not advertise MLD peer ID for firmware-allocate devices
378e659029d5 wifi: ath12k: introduce host_alloc_ml_id hardware parameter
a08455ee85a2 wifi: ath12k: add support for HTT_T2H_MSG_TYPE_MLO_RX_PEER_MAP
dd121ed779dd wifi: ath12k: keep ATH12K_PEER_ML_ID_VALID set in ath12k_sta::ml_peer_id
21ca38bb6b53 wifi: ath12k: factor out peer assoc send-and-wait into a helper
47abd2ca2815 wifi: ath12k: fix out-of-bounds clear_bit in ath12k_mac_dp_peer_cleanup()
79097812153b tracing: Fix use-after-free freeing trigger private data
8f76afb9b114 tracing: Fix context switch counter truncation
1a087033a6ba selftests/ftrace: Reset triggers at top level before instance loop
b4eb07bde606 tracing: Fix union collision of module and refcnt for dynamic events
d326f83e819c Merge tag 'net-7.2-rc5' of git://git.kernel.org/pub/scm/linux/kernel/git/netdev/net
7698656a2f7b wifi: ath12k: Avoid buffer overread in ath12k_wmi_op_rx()
af50baccaa5f wifi: ath12k: Set DTIM policy to stick mode for station interface
ff651212f2e2 wifi: ath12k: fix ML-STA authentication timeout on QCC2072
b55a04ebb52d Merge tag 'ath-current-20260713' of git://git.kernel.org/pub/scm/linux/kernel/git/ath/ath
5be3a9db6008 tracing/probes: Fix extra whitespace in trace_probe_kernel.h
5b385fd434c7 tracing/kprobe: Remove redundant memset in kprobe_perf_func()
3d785646cc48 tracing/fprobe: Remove redundant memset in fentry_perf_func()
36db65d0e5de tracing/fprobe: Remove redundant snprintf in trace_fprobe_match_command_head()
0fb6fd1eb3e7 tracing/probes: Simplify BTF_KIND_PTR case in fetch_type_from_btf_type()
78d252c935c9 tracing/probes: Cleanup pointer arithmetic in store_trace_entry_data()
5428fca0cd54 tracing/probes: Remove unused parameter from parse_probe_var_retval()
6e9328ed75af tracing/probes: Remove redundant bounds check in trace_probe_compare_arg_type()
794b5640aa7b tracing/probes: Remove redundant boolean conversion in trace_probe_has_single_file()
323853e2d125 tracing/probes: Remove duplicate MAX_ARRAY_LEN macro definition
f418d68d71fd tracing/eprobe: Fix exact system name matching in eprobe_dyn_event_match()
8ce20bfba489 tracing/probes: Fix potential underflow in LEN_OR_ZERO macro
a9d6fb284039 tracing/probes: Prevent out-of-bounds write in __trace_probe_log_err()
15f197856d68 tracing/probes: Avoid temporary buffer truncation in trace_probe_match_command_args()
23f851ac0078 arm64: kprobes: Allow reentering kprobes while single-stepping
879a6754d3d1 arm64: kprobes: Only handle faults originating from XOL slot
535332e9fb99 greybus: Drop #include of <linux/mod_devicetable.h>
1a416ae446af selftests/ftrace: Add test case for a symbol in a module without module name
01cc0f59aac3 wifi: ath12k: fix MLO peer delete race
f066e1a93703 wifi: ath12k: fix dp_link_peer dangling references on AP vdev rollback
1a0ffe10bfb9 tracing/probes: Eliminate recursion in parse_probe_arg()
47e4ec687166 tracing/probes: Extend max length of argument string
0b420da72e45 tracing/probes: Sort ERRORS list in trace_probe.h alphabetically
7e79d7fbaf1f tracing/probes: Refactor parse_probe_arg()
2590d67a1ce8 tracing/probes: Refactor parse_probe_vars()
b20c8177092f tracing: fprobe: Remove __packed from generic __fprobe_header
7d8d6ad659c0 tracing/probes: Add a new testcase for BTF typecasts
49b0a3f60529 tracing/probes: Add this_cpu_read() and this_cpu_ptr() dereference method to fetcharg
738b78ee4bfa tracing/probes: Add $current variable support
f21834524025 tracing/probes: Support field specifier option for typecast
52c76ec18eba tracing/probes: Type casting always involves nested calls
60432df556d5 tracing/probes: Support nested typecast
438a8d6a8293 tracing/probes: Support typecast for various probe events
777bcbd2ac7d tools/bootconfig: Ignore comment lines in dynamic_events/kprobe_events file
a2fe9dc70f3b wifi: ath12k: Fix low MLO RX throughput on WCN7850
499b4cb6710f clk: qcom: camcc-sc8280xp: unregister CAMCC_GDSC_CLK
20f01a5565ce selftests/ftrace: fix spelling error in poll test comment
c5c413534d40 selftests/tracing: Have trigger-hist-poll.tc use sched_process_exit
22a78be4123d selftests/ftrace: Fix reading enabled_functions in add_remove_fprobe_module test
0fe8010fc5b1 wifi: ath11k: Flush the posted write after writing to PCIE_SOC_GLOBAL_RESET
6d86ce0da0d5 net: phy: Drop #inclusion of <linux/mod_devicetable.h> from <linux/mdio.h>
ad7a9a2d295c MAINTAINERS: Add Jeff Hugo as the Reviewer of MHI bus
6f12862600bb bus: mhi: ep: Fix device refcount leak in the error path of MHI device creation
22568e8f13a4 bus: mhi: core: Fix sys error transition latency
0a6070839b1e tracing: Prevent out-of-bounds read in glob matching
c37e0a4b79a6 ring-buffer: Fix event length with forced 8-byte alignment
347318325974 arm64: dts: qcom: sm8550: add PCIe MHI register regions
85595d3f9648 init/main.c: use bootconfig_cmdline_requested() for the runtime opt-in
378517ca3be0 bootconfig: skip runtime kernel.* render once prepended early
bfdf7ec54f1a x86/setup: prepend embedded bootconfig cmdline before parse_early_param
de0428ed555b Documentation: bootconfig: document build-time cmdline rendering
462afde2150f bootconfig: add xbc_prepend_embedded_cmdline() helper
1bbab483d300 bootconfig: clean build-time tools/bootconfig from make clean
fc9d90470463 bootconfig: render embedded bootconfig as a kernel cmdline at build time
7afe198fc1ed bootconfig: render descendant keys when xbc_snprint_cmdline() root has a value
dccddc39aa7d tracing/probes: Support dumping fetcharg program for debugging dynamic events
427c240a027f tracing/probes: Allow eprobe to use variable without $ prefix
ffd9dada630d kprobes: Replace __ASSEMBLY__ with __ASSEMBLER__ in header file
823b37855829 tracing/probes: ignore id update from btf_type_skip_modifiers
7e07baaa9e41 tracing/probes: Rename FETCH_OP_DATA to FETCH_OP_IMMSTR
50133489c337 tracing/probes: make file offset error message probe-agnostic
b6c4dd07150d tracing: trace_fprobe: fix typo in function name
bc7b086a4552 riscv: probes: save original sp in rethook trampoline
4f7442f7e71d perf/probe: Ignore comment lines in dynamic_events/kprobe_events file
dec4d8118c17 bootconfig: fix NULL-pointer arithmetic in xbc_snprint_cmdline()
58aeb412495a wifi: ath12k: change MAC buffer ring size to 4096
fffa54aeaeb2 wifi: ath12k: tighten RX monitor TLV bounds check
4c09bbf0c1e1 wifi: ath12k: add dp_mon support 32-bit TLV headers
9d1d61121b05 wifi: ath12k: add HAL ops for monitor TLV header decode and alignment
e264a3dbe866 wifi: ath12k: refactor HAL TLV32/64 decode helpers
d762bbc08ca7 wifi: ath12k: fix TLV32 length mask
a369299c3f78 tracing/probes: Make the $ prefix mandatory for comm access
367c49d6e283 tracing/fprobe: Fix NULL pointer dereference in fprobe_fgraph_entry()
9a667b7750dd tracing/probes: Fix double addition of offset for @+FOFFSET
206b25c09080 tracing: eprobe: read the complete FILTER_PTR_STRING pointer
cda1fbfc5313 tracing/events: Fix to check the simple_tsk_fn creation
251a8fe1b9ae tracing/probes: Remove WARN_ON_ONCE from parse_btf_arg
53191cc449db PCI: epf-mhi: Use dmaengine_prep_config_single() to simplify code
72c8646956ff tracing: probes: fix typo in a log message
26ae421f7f49 Merge tag 'pci-v7.2-changes' of git://git.kernel.org/pub/scm/linux/kernel/git/pci/pci
44105c5d0a13 Merge branch 'pci/virtualization'
0000d9ccbcfa Merge tag 'char-misc-7.2-rc1' of git://git.kernel.org/pub/scm/linux/kernel/git/gregkh/char-misc
251c8e86539a power: sequencing: pcie-m2: Sort PCI device IDs in ascending order
cae43f22de82 Documentation: mm: update the admin guide for mTHP collapse
b7f16963efe7 mm/khugepaged: run khugepaged for all orders
5fea7eb1a331 mm/khugepaged: avoid unnecessary mTHP collapse attempts
90ed32d00054 mm/khugepaged: introduce mTHP collapse support
2c7d0fa84dcf mm/khugepaged: introduce collapse_possible_orders helper functions
ceaa0b641311 mm/khugepaged: improve tracepoints for mTHP orders
b5b8b329c4b4 mm/khugepaged: add per-order mTHP collapse failure statistics
3a460f245f00 mm/khugepaged: skip collapsing mTHP to smaller orders
e22f2fe72c74 mm/khugepaged: generalize collapse_huge_page for mTHP collapse
da98790891a4 mm/khugepaged: require collapse_huge_page to enter/exit with the lock dropped
5a9c05d86683 mm/khugepaged: generalize __collapse_huge_page_* for mTHP support
45b310faeefa mm/khugepaged: rework max_ptes_* handling with helper functions
d04fa025671e mm/khugepaged: generalize alloc_charge_folio()
472ebd691d97 mm/khugepaged: generalize hugepage_vma_revalidate for mTHP support
595ca21f797e tpm: Initialize name_size_alg for non-NULL name in tpm_buf_append_name()
808c447df2fe selftests/ftrace: Drop invalid top-level local in test_ownership
f3ad1c87d820 spi: uniphier: Fix completion initialization order before devm_request_irq()
31e6aeafcdde Merge tag 'pwrseq-updates-for-v7.2-rc1' of git://git.kernel.org/pub/scm/linux/kernel/git/brgl/linux
5b0eee4cd812 sparc64: uprobes: add missing break
6a4f64c3a3ad PCI: Avoid SBR for Qualcomm WCN6855/WCN7850 WiFi, SDX62/SDX65 modems
7cdaeef19bc8 virtio-mem: Destroy mutex before freeing virtio_mem
7c59cc9cf729 virtio-balloon: Destroy mutex before freeing virtio_balloon
fdea4d44e4b9 wifi: ath12k: fix EAPOL TX failure caused by stale tcl_metadata bits
39f9c91bce7c Merge tag 'mhi-for-v7.2' of ssh://gitolite.kernel.org/pub/scm/linux/kernel/git/mani/mhi into char-misc-next
2abcfdd91e6a power: sequencing: pcie-m2: Add PCI ID 0x1103 for WCN6855 Bluetooth
979c294509f9 cfi: Include uaccess.h for get_kernel_nofault()
6f9b73071c15 pwm: th1520: Remove requirement for mul_u64_u64_div_u64_roundup
0652a3daa787 tracing: Fix CFI violation in probestub being called by tprobes
9d3678808a3e Docs/admin-guide/mm/damon/usage: update for memcg damon filter
2fd777ebdfaa Docs/mm/damon/design: update for memcg damon filter
543ab01db7ac mm/damon/sysfs: setup damon_filter->memcg_id from path
b2025ce0662b mm/damon/sysfs-schemes: move memcg_path_to_id() to sysfs-common
c71f8e13462d mm/damon/sysfs: add filters/<F>/path file
ba3be5430ffa mm/damon/paddr: support DAMON_FILTER_TYPE_MEMCG
d9f23f2f822a mm/damon/core: introduce DAMON_FILTER_TYPE_MEMCG
69a743520114 Docs/admin-guide/mm/damon/usage: document data attributes monitoring
f4e98954234b Docs/mm/damon/design: document data attributes monitoring
14885da09b0f selftests/damon/sysfs.sh: test probes dir
b9b7bad279de mm/damon: trace probe_hits
5b0de1bc3325 mm/damon/sysfs-schemes: implement probe/hits file
a1536db4dc8b mm/damon/sysfs-schemes: implement probe dir
b574a82d10de mm/damon/sysfs-schemes: implement tried_regions/<r>/probes/
24e969aa296c mm/damon/sysfs: setup probes on DAMON core API parameters
8caba1448278 mm/damon/sysfs: implement filter dir files
956bf44e4576 mm/damon/sysfs: implement filter dir
af7cb41af9a9 mm/damon/sysfs: implement filters directory
7d49f5aaee63 mm/damon/sysfs: implement probe dir
90a8322934ae mm/damon/sysfs: implement probes dir
09acfaced2d4 mm/damon/paddr: support data attributes monitoring
9b1f8c8d015b mm/damon/core: do data attributes monitoring
1a9e84758918 mm/damon/core: introduce damon_ops->apply_probes
57c6332f2548 mm/damon/core: introduce damon_region->probe_hits
d0de4b29c722 mm/damon/core: commit probes
f557693dd8ac mm/damon/core: introduce damon_filter
18c777859f28 mm/damon/core: embed damon_probe objects in damon_ctx
45c49d9fd608 mm/damon/core: introduce struct damon_probe
69efd863a785 tracing/eprobes: Allow use of BTF names to dereference pointers
47809a7c8348 wifi: ath12k: fix NULL deref in change_sta_links for unready link
c972636efc63 wifi: ath12k: fix inconsistent arvif state in vdev_create error paths
51d510589f5c wifi: ath12k: allow peer_id 0 in dp peer lookup
98d4f92ab6a1 wifi: ath12k: fix memory leak in ath12k_wifi7_dp_rx_h_verify_tkip_mic()
585abc02be3d tracing: Replace BUG_ON with lockdep_assert_held in uprobe_buffer functions
cf24cbb4e586 tracing: Use flexible array for entry fetch code
4304c8165281 tracing/probes: Ensure the uprobe buffer size is bigger than event size
4e8729e6598b ring-buffer: Better comment the use of RB_MISSED_EVENTS
85e0f27dd139 tracing/probes: Point the error offset correctly for eprobe argument error
f13f1b0cb564 seq_buf: export seq_buf_putmem_hex() and add KUnit tests
4221aadd720b mm/vmscan: add balance_pgdat begin/end tracepoints
8928e4a3be34 ring-buffer: Show persistent buffer dropped events in trace_pipe file
8913e2a48b8d ring-buffer: Have dropped subbuffers be persistent across reboots
7cf02d0aa6bd ring-buffer: Cleanup buffer_data_page related code
ea250b7ef9ff ring-buffer: Cleanup persistent ring buffer validation
e500acc34b55 ring-buffer: Show commit numbers in buffer_meta file

=== 15. QRTR COMMITS MATCHING KEYWORDS ===
648fe2955170 Revert "bus: mhi: host: Flush the posted write after writing to MHI_SOC_RESET_REQ_OFFSET"
19277173e701 Revert "net: qrtr: Send HELLO message on endpoint register"
cb9b410a03fa Revert "net: qrtr: resend HELLO on MHI resume"
6a5719cc3ef2 net: qrtr: resend HELLO on MHI resume
31550d585589 net: wwan: mhi_wwan_mbim: check skb_copy_bits() return value
5d063822ac51 net: wwan: mhi_wwan_mbim: guard against a cyclic NDP chain
adf50c47a47f Merge tag 'net-7.3-rc2' of git://git.kernel.org/pub/scm/linux/kernel/git/netdev/net
544d85de4dc2 net: qrtr: Send HELLO message on endpoint register
70200b99a36e Merge tag 'mhi-for-v7.3' of ssh://gitolite.kernel.org/pub/scm/linux/kernel/git/mani/mhi into char-misc-next
315f4bd234b3 Merge tag 'net-7.2-rc7' of git://git.kernel.org/pub/scm/linux/kernel/git/netdev/net
7fc1c937b6b3 net: qrtr: ns: Raise lookup limit to 128
9656bcd4c321 PCI: epf-mhi: Implement mhi_cntrl->flush_async() to flush DMA read/write
5993e10b82a4 bus: mhi: ep: Flush async transfers before notifying disconnect in mhi_ep_abort_transfer()
7cc5ddce0a62 bus: mhi: ep: Add mhi_cntrl->flush_async() callback to flush the async read/write
abe5c5f1ad55 bus: mhi: Clean up some kernel-doc warnings
0936a8780ec2 bus: mhi: host: pci_generic: Set 'mhi_cntrl->no_m3' flag
753aa72545ce bus: mhi: host: Add support for devices with no M3 state
24f4423cbc89 bus: mhi: host: Flush the posted write after writing to MHI_SOC_RESET_REQ_OFFSET
d326f83e819c Merge tag 'net-7.2-rc5' of git://git.kernel.org/pub/scm/linux/kernel/git/netdev/net
3b536db8fb32 net: qrtr: restrict socket creation to the initial network namespace
ff194cffd586 net: qrtr: ns: Raise node count limit to 512
3367c5a129f7 drm/panel: sofef00: Fix DSI transfer errors on backlight update
846baa5ab461 remoteproc: qcom_q6v5_mss: Fix MDM9607 subsystem control instance ID
499b4cb6710f clk: qcom: camcc-sc8280xp: unregister CAMCC_GDSC_CLK
0fe8010fc5b1 wifi: ath11k: Flush the posted write after writing to PCIE_SOC_GLOBAL_RESET
ad7a9a2d295c MAINTAINERS: Add Jeff Hugo as the Reviewer of MHI bus
6f12862600bb bus: mhi: ep: Fix device refcount leak in the error path of MHI device creation
347318325974 arm64: dts: qcom: sm8550: add PCIe MHI register regions
0000d9ccbcfa Merge tag 'char-misc-7.2-rc1' of git://git.kernel.org/pub/scm/linux/kernel/git/gregkh/char-misc
20054869770c net: qrtr: fix 32-bit integer overflow in qrtr_endpoint_post()
a2171131ecda net: qrtr: fix refcount saturation and potential UAF in qrtr_port_remove
39f9c91bce7c Merge tag 'mhi-for-v7.2' of ssh://gitolite.kernel.org/pub/scm/linux/kernel/git/mani/mhi into char-misc-next
3b09ff541145 net: qrtr: fix node refcount leak on ctrl packet alloc failure
519ddf194b15 bus: mhi: ep: Protect mhi_ep_handle_syserr() in the error path
ce3e534ee9c8 bus: mhi: ep: Add missing state_lock protection for mhi_state access
9dece4435d39 bus: mhi: ep: Fix potential deadlock in mhi_ep_reset_worker()
86f6dc05ea05 bus: mhi: host: pci_generic: Round up nr_irqs to power of two
95084f1883a7 net: mana: Fix crash from unvalidated SHM offset read from BAR0 during FLR
8c79aac429b5 wifi: ath11k: cancel SSR work items during PCI shutdown
40286d6379aa Merge tag 'pci-v7.1-changes' of git://git.kernel.org/pub/scm/linux/kernel/git/pci/pci
9ad24ba4085e Merge branch 'net-qrtr-ns-a-bunch-of-fixs'
7809fea20c94 net: qrtr: ns: Fix use-after-free in driver remove()
27d5e84e810b net: qrtr: ns: Limit the total number of nodes
68efba36446a net: qrtr: ns: Free the node during ctrl_cmd_bye()
5640227d9a21 net: qrtr: ns: Limit the maximum number of lookups
d5ee2ff98322 net: qrtr: ns: Limit the maximum server registration per node
8153aaf6b9e7 Merge branch 'pci/endpoint'
68c6d134edbf Merge tag 'mhi-for-v7.1' of ssh://gitolite.kernel.org/pub/scm/linux/kernel/git/mani/mhi into char-misc-next
dac97a6bd6c4 accel/qaic: Retain bootlogs that overflow
2feec5ae5df7 accel/qaic: Handle DBC deactivation if the owner went away
e4cf6087cab3 net: qrtr: fix endian handling of confirm_rx field
2428083101f6 net: qrtr: replace qrtr_tx_flow radix_tree with xarray to fix memory leak
fc3bbf34e643 drm/shmem-helper: Fix huge page mapping in fault handler
7254b31a13aa media: videobuf2: Set vma_flags in vb2_dma_sg_mmap
d6db827b430b ASoC: qcom: qdsp6: Fix q6apm remove ordering during ADSP stop and start
3b1679e086bb tracing: Fix enabling multiple events on the kernel command line and bootconfig
f227b246307e bus: mhi: host: pci_generic: Add pm_runtime_forbid() in remove callback
cfdb41adf1c2 bus: mhi: host: pci_generic: Switch to async power up to avoid boot delays
8bd1254c92c9 bus: mhi: host: pci_generic: Enable IP_SW and IP_ETH channels for Qcom QDU100 device
4d687d06c340 drm/amd/display: guard NULL manual-trigger callback in cursor programming
209111d694dd net: wwan: mhi_wwan_ctrl: Add NMEA channel support
2030c4358bd8 Revert "net: wwan: mhi_wwan_mbim: Avoid -Wflex-array-member-not-at-end warning"
740aeaf40f0b Merge tag 'mhi-for-v6.20' of ssh://gitolite.kernel.org/pub/scm/linux/kernel/git/mani/mhi into char-misc-next
853deed04be3 wifi: ath12k: fix PCIE_LOCAL_REG_QRTR_NODE_ID definition for QCC2072
4ea5bebe17ba Merge tag 'ath-next-20260105' of git://git.kernel.org/pub/scm/linux/kernel/git/ath/ath
d5bdf88d1f9d drm/fb-helper: Fix vblank timeout during suspend/reset
4a9ba211d026 bus: mhi: host: Drop the auto_queue support
51731792a25c net: qrtr: Drop the MHI auto_queue feature for IPCR DL channels
820c866c42de mhi: host: Add support for loading dual ELF image format
4fcb8ab4a09b net: wwan: mhi: Keep modem name match with Foxconn T99W640
fb64bf480691 Merge tag 'mhi-for-v6.19' of ssh://gitolite.kernel.org/pub/scm/linux/kernel/git/mani/mhi into char-misc-next
4361e1d91309 drm/xe: Fix MTL vm_max_level
4aa17144d5ab NFSD: free copynotify stateid in nfs4_free_ol_stateid()
fd6e385528d8 accel/qaic: Fix bootlog initialization ordering
6093a688a07d Merge tag 'char-misc-6.18-rc1' of git://git.kernel.org/pub/scm/linux/kernel/git/gregkh/char-misc
d943fa61aeeb Merge tag 'mhi-for-v6.18' of ssh://gitolite.kernel.org/pub/scm/linux/kernel/git/mani/mhi into char-misc-next
54c67740fff7 bus: mhi: host: pci_generic: Set DMA mask for VFs
aa1a0e93ed21 bus: mhi: core: Improve mhi_sync_power_up handling for SYS_ERR state
12543f440588 bus: mhi: host: pci_generic: Reset QDU100 while the MHI driver is removed
d5411ed6cabd bus: mhi: host: Notify EE change via uevent
7f54938fc525 wifi: ath12k: Move Wi-Fi 7 MHI configuration to dedicated file
5f49c2d1f422 apparmor: fix: oops when trying to free null ruleset
60c46a0bd34b Merge tag 'mhi-for-v6.17' of ssh://gitolite.kernel.org/pub/scm/linux/kernel/git/mani/mhi into char-misc-next
b484fa61acea bus: mhi: host: pci_generic: Add support for EM929x and set MRU to 32768 for better performance.
f471578e8b1a bus: mhi: host: Fix endianness of BHI vector table
0494cf9793b7 bus: mhi: host: pci_generic: Disable runtime PM for QDU100
a5b46aa7cf5f wifi: ath11k: clear initialized flag for deinit-ed srng lists
3719a04a80ca Merge tag 'pci-v6.16-changes' of git://git.kernel.org/pub/scm/linux/kernel/git/pci/pci
27b1aac55340 Merge branch 'pci/dt-bindings'
c11a50b170e7 accel/qaic: Add Reliability, Accessibility, Serviceability (RAS)
b5125e69fb6c Merge tag 'qcom-arm64-for-6.16-2' of https://git.kernel.org/pub/scm/linux/kernel/git/qcom/linux into soc/dt
d28b0977909d Merge tag 'mhi-for-v6.16' of ssh://gitolite.kernel.org/pub/scm/linux/kernel/git/mani/mhi into char-misc-next
2b0634cc1f36 Merge tag 'mhi-fixes-for-v6.15' of ssh://gitolite.kernel.org/pub/scm/linux/kernel/git/mani/mhi into char-misc-next
c249a0b6a422 arm64: dts: qcom: ipq9574: Add MHI to pcie nodes
4d92e7c5ccad bus: mhi: host: Fix conflict between power_up and SYSERR
2ddac70fed50 drm/amd/display: check stream id dml21 wrapper to get plane_id
f8ad62c0a93e drm/amd/display: check stream id dml21 wrapper to get plane_id
a733e7112781 dt-bindings: PCI: qcom: Add MHI registers for IPQ9574
e9e094a9734e wifi: ath12k: Prevent sending WMI commands to firmware during firmware crash
124bb4e75799 Merge tag 'mhi-for-v6.15' of ssh://gitolite.kernel.org/pub/scm/linux/kernel/git/mani/mhi into char-misc-next
d093c9089260 nfsd: fix management of listener transports
cba6bdfd7929 bus: mhi: host: pci_generic: Add support for SA8775P endpoint
6d306090ea23 Merge tag 'mhi-fixes-for-v6.14' of ssh://gitolite.kernel.org/pub/scm/linux/kernel/git/mani/mhi into char-misc-linus
5edbb148bc57 wifi: ath11k: Add firmware coredump collection support
268c73d470a5 wifi: ath12k: Avoid napi_sync() before napi_enable()
ab73d8083673 accel/qaic: Allocate an exact number of MSIs
f88f1d0998ea bus: mhi: host: Add a policy to enable image transfer via BHIe in PBL
13845bdc869f Merge tag 'char-misc-6.14-rc1' of git://git.kernel.org/pub/scm/linux/kernel/git/gregkh/char-misc
44cefdf1cc6d Merge tag 'mhi-for-v6.14' of ssh://gitolite.kernel.org/pub/scm/linux/kernel/git/mani/mhi into char-misc-next
9241459b3cc2 bus: mhi: host: pci_generic: Add support for QDU100 device
e16ebd9d839d Merge tag 'mhi-fixes-for-v6.13' of ssh://gitolite.kernel.org/pub/scm/linux/kernel/git/mani/mhi into char-misc-linus
098d8374033f bus: mhi: host: pci_generic: fix MHI BAR mapping
2eff01ee2881 Merge tag 'char-misc-6.13-rc1' of git://git.kernel.org/pub/scm/linux/kernel/git/gregkh/char-misc
59548215b76b HID: wacom: fix when get product name maybe null pointer
01ed662bdd6f nvkm: correctly calculate the available space of the GSP cmdq buffer
8d9beb4aebc0 nvkm/gsp: correctly advance the read pointer of GSP message queue
2f1b13521d2a drm/amdgpu: Fix sysfs warning when hotplugging
5089b3d874e9 PCI: endpoint: epf-mhi: Avoid NULL dereference if DT lacks 'mmio'
ede132a5cf55 RDMA/mlx5: Move events notifier registration to be after device registration
7215ff51c537 Merge tag 'mhi-for-v6.13' of ssh://gitolite.kernel.org/pub/scm/linux/kernel/git/mani/mhi into char-misc-next
bd23e836423e bus: mhi: host: pci_generic: Use pcim_iomap_region() to request and map MHI BAR
7d7cf89b119a PCI: qcom-ep: Move controller cleanups to qcom_pcie_perst_deassert()
a9b46dd2e483 wifi: ath12k: Add firmware coredump collection support
2af5deb614e7 accel/qaic: Add ipc_router channel
d4f36e5fd800 drm/amd/display: fix a memleak issue when driver is removed
782373ba2766 nvme: tcp: avoid race between queue_lock lock and destroy
f011b313e8eb net: qrtr: Update packets cloning when broadcasting
3ff77190cc89 Merge tag 'mhi-for-v6.12' of ssh://gitolite.kernel.org/pub/scm/linux/kernel/git/mani/mhi into char-misc-next
a7bc66fe8093 bus: mhi: host: pci_generic: Update EDL firmware path for Foxconn modems
8101b2766d5b Merge tag 'pci-v6.11-fixes-2' of git://git.kernel.org/pub/scm/linux/kernel/git/pci/pci
5d6a6c7454eb PCI: qcom-ep: Disable MHI RAM data parity error interrupt for SA8775P SoC
3f386cb8ee9f Merge tag 'pci-v6.11-changes' of git://git.kernel.org/pub/scm/linux/kernel/git/pci/pci
7095d21ef553 Merge branch 'pci/dt-bindings'
e091caf99f3a Merge tag 'arm-fixes-6.10-3' of git://git.kernel.org/pub/scm/linux/kernel/git/soc/soc
bcec2919676d Merge tag 'qcom-arm64-fixes-for-6.10' of https://git.kernel.org/pub/scm/linux/kernel/git/qcom/linux into arm/fixes
1ebab783647a Merge tag 'mhi-for-v6.11' of ssh://gitolite.kernel.org/pub/scm/linux/kernel/git/mani/mhi into char-misc-next
30e7c6cc88b0 dt-bindings: PCI: qcom: x1e80100: Make the MHI reg region mandatory
65bc58c3dcad net: wwan: mhi: make default data link id configurable
633478695d6b bus: mhi: host: Allow controller drivers to specify name for the MHI controller
f08d4bdad612 bus: mhi: host: pci_generic: Use unique 'mhi_pci_dev_info' for product families
c7d0b2db5bc5 bus: mhi: ep: Do not allocate memory for MHI objects from DMA zone
404dbd26322f net: qrtr: ns: Ignore ENODEV failures in ns
8e99e770f7ea arm64: dts: qcom: x1e80100: Fix PCIe 6a reg offsets and add MHI
ffbe335b8d47 vmxnet3: disable rx data ring on dma allocation failure
8233d2716570 wifi: ath12k: do not process consecutive RDDM event
f08a1e912d3e Merge tag 'net-6.10-rc0' of git://git.kernel.org/pub/scm/linux/kernel/git/netdev/net
fd76e5ccc48f net: qrtr: ns: Fix module refcnt
c740a18f62f5 wifi: ath12k: skip sending vdev down for channel switch
3dd384108d53 apparmor: fix possible NULL pointer dereference
83127ecada25 Merge tag 'wireless-next-2024-05-08' of git://git.kernel.org/pub/scm/linux/kernel/git/wireless/wireless-next
f1c26960b6af Merge tag 'ath-next-20240502' of git://git.kernel.org/pub/scm/linux/kernel/git/kvalo/ath
33075a03f47b Merge tag 'mhi-for-6.10' of git://git.kernel.org/pub/scm/linux/kernel/git/mani/mhi into char-misc-next
2cc7d150550c i40e: Do not use WQ_MEM_RECLAIM flag for workqueue
48f98496b1de bus: mhi: host: pci_generic: Add generic edl_trigger to allow devices to enter EDL mode
17553ba8e19d bus: mhi: host: Add sysfs entry to force device to enter EDL
8d5f4da8d70b wifi: ath12k: support suspend/resume
7b3d4eb283d2 wifi: ath12k: decrease MHI channel buffer length to 8KB
b8b50a489d51 wifi: ath12k: remove MHI LOOPBACK channels
166a490f59ac wifi: ath11k: support hibernation
e0cd1185900e net: qrtr: support suspend/hibernation
8e088a20dbe3 SUNRPC: add a missing rpc_stat for TCP TLS
813e0ae613d6 bus: mhi: host: Add mhi_power_down_keep_dev() API to support system suspend/hibernation
7c352a4d0183 wifi: ath11k: do not process consecutive RDDM event
705c1da8fa48 Merge tag 'pci-v6.9-changes' of git://git.kernel.org/pub/scm/linux/kernel/git/pci/pci
9187210eee7d Merge tag 'net-next-6.9' of git://git.kernel.org/pub/scm/linux/kernel/git/netdev/net-next
f931e3cb968a Merge branch 'pci/endpoint'
a368b0a9854e wifi: ath11k: adjust a comment to reflect reality
2d06aec5665d Merge tag 'mhi-for-v6.9' of git://git.kernel.org/pub/scm/linux/kernel/git/mani/mhi into char-misc-next
616d82c3cfa2 gtp: fix use-after-free and null-ptr-deref in gtp_newlink()
766cf07c4023 wifi: ath11k: constify MHI channel and controller configs
1cca1bddf9ef wifi: ath11k: decrease MHI channel buffer length to 8KB
2ec11b5d6d90 bus: mhi: host: pci_generic: constify modem_telit_fn980_hw_v1_config
155ad86b5eca accel/qaic: Constify aic100_channels
fbb2a14afe00 wifi: ath11k: remove MHI LOOPBACK channels
f79ee78767ca soc: qcom: pmic_glink: Fix boot when QRTR=m
0fb848d1a41e Merge tag 'wireless-next-2024-02-22' of git://git.kernel.org/pub/scm/linux/kernel/git/wireless/wireless-next
967176179215 drm/amd/display: fix null-pointer dereference on edid reading
21db6199f201 drm/amd/display: fix null-pointer dereference on edid reading
1c33f0ffacfd Merge tag 'ath-next-20240222' of git://git.kernel.org/pub/scm/linux/kernel/git/kvalo/ath
f0397e27d120 Revert "bus: mhi: core: Add support for reading MHI info from device"
ceeb64f41fe6 bus: mhi: host: Add tracing support
ae1d892d518a bus: mhi: ep: Use kcalloc() instead of kzalloc()
94e8235c679d wifi: ath12k: Add logic to write QRTR node id to scratch
12f491cd6d81 wifi: ath12k: add firmware-2.bin support
bce3f770684c bus: mhi: host: Add MHI_PM_SYS_ERR_FAIL state
94fa82b095c7 Merge branch 'dpll-fixes'
cacea81390fd nouveau/vmm: don't set addr on the fail path to avoid warning
9bf2e9165f90 net: qrtr: ns: Return 0 if server port is not present
5202c721da4c accel/qaic: Order pci_remove() operations in reverse of probe()
687a28590c86 Merge tag 'mhi-for-v6.8' of git://git.kernel.org/pub/scm/linux/kernel/git/mani/mhi into char-misc-next
150d04ddf386 PCI: endpoint: pci-epf-mhi: Make structs pci_epf_ops and pci_epf_event_ops const
fbd60a67f497 accel/qaic: Fix MHI channel struct field order
4c8874c2a651 accel/qaic: Implement quirk for SOC_HW_VERSION
309ab14f70d1 bus: mhi: ep: Add checks for read/write callbacks while registering controllers
ee08acb58fe4 bus: mhi: ep: Add support for async DMA write operation
d1c6f4ba4746 PCI: epf-mhi: Enable MHI async read/write support
0d5d5738dc20 PCI: epf-mhi: Add support for DMA async read/write operation
5424be958b44 PCI: epf-mhi: Simulate async read/write using iATU
cea4bcbf997a bus: mhi: ep: Add support for interrupt moderation timer
0e8d2444168d efivarfs: force RO when remounting if SetVariable is not supported
08d52ba29678 wifi: ath12k: do not restore ASPM in case of single MSI vector
8398654398c2 wifi: ath12k: add support one MSI vector
604308a34487 wifi: ath12k: add CE and ext IRQ flag to indicate irq_handler
5f0a0ebca2b9 accel/qaic: Expand DRM device lifecycle
41cfbaa47fd7 accel/qaic: Support MHI QAIC_TIMESYNC channel
6216fb03f8bd accel/qaic: Add support for periodic timesync
bb8e97e26ce6 accel/qaic: Enable 1 MSI fallback mode
f59065401602 Revert "wifi: ath11k: call ath11k_mac_fils_discovery() without condition"
7db88b962f06 wifi: ath11k: add firmware-2.bin support
ae3ed72020de wifi: ath12k: configure RDDM size to MHI for device recovery
39564b475ac5 wifi: ath11k: fix boot failure with one MSI vector
4a93b554cf9f wifi: ath11k: mhi: add a warning message for MHI_CB_EE_RDDM crash
b6f6167ea8a4 Merge tag 'pci-v6.6-changes' of git://git.kernel.org/pub/scm/linux/kernel/git/pci/pci
e8ce465fd45c Merge branch 'pci/controller/qcom-edma'
fa8805ad67fa Merge branch 'pci/controller/qcom'
127c66c3b95f PCI: epf-mhi: Use iATU for small transfers
7b99aaaddabb PCI: epf-mhi: Add eDMA support
d9d9f26f1666 PCI: epf-mhi: Make use of the alignment restriction from EPF core
25a7de32c89d Merge tag 'mhi-for-v6.6' of git://git.kernel.org/pub/scm/linux/kernel/git/mani/mhi into char-misc-next
efe47a18e43f bus: mhi: host: allow MHI client drivers to provide the firmware via a pointer
7ee027abd453 wifi: ath12k: Use pdev_id rather than mac_id to get pdev
14a2714085ac docs: ABI: sysfs-bus-mhi: Update contact info
ae02f8d4c135 Merge branch 'qrtr-fixes'
69940b888e35 net: qrtr: Handle IPCR control port format of older targets
f26b32ef2fe6 net: qrtr: ns: Change nodes radix tree to xarray
608a147a8872 net: qrtr: ns: Change servers radix tree to xarray
bcabe1e09135 soc: qcom: smd-rpm: Match rpmsg channel instead of compatible
b9cbc06049cb PCI: qcom-ep: Switch MHI bus master clock off during L1SS
1cad976a1be9 bus: mhi: host: pci_generic: Add support for Quectel RM520N-GL modem
15f670575687 bus: mhi: host: pci_generic: Add support for IP_SW0 channels
cabce92dd805 bus: mhi: host: Skip MHI reset if device is in RDDM
9070577ae9d6 Merge tag 'pci-v6.5-changes' of git://git.kernel.org/pub/scm/linux/kernel/git/pci/pci
72dc6db7e3b6 Merge tag 'wq-for-6.5-cleanup-ordered' of git://git.kernel.org/pub/scm/linux/kernel/git/tj/wq
d8c226ac1f74 Merge branch 'pci/controller/endpoint'
39cce0875121 MAINTAINERS: Add PCI MHI endpoint function driver under MHI bus
1bf5f25324f7 PCI: endpoint: Add PCI Endpoint function driver for MHI bus
a52305a81d6b devlink: report devlink_port_type_warn source device
9181bb939984 arm64: dts: qcom: Add SDX75 platform and IDP board support
022acfa63260 net: qrtr: Use alloc_ordered_workqueue() to create ordered workqueues
e997c218ad73 accel/qaic: Fix NNC message corruption
cec24b8b6bb8 Merge tag 'char-misc-6.4-rc1' of git://git.kernel.org/pub/scm/linux/kernel/git/gregkh/char-misc
2a1dd5c88ce3 Merge tag 'mhi-for-v6.4' of git://git.kernel.org/pub/scm/linux/kernel/git/mani/mhi into char-misc-next
10678a0751bf Merge tag 'qcom-arm64-for-6.4' of https://git.kernel.org/pub/scm/linux/kernel/git/qcom/linux into soc/dt
829cca4d1783 Merge tag 'net-6.3-rc7' of git://git.kernel.org/pub/scm/linux/kernel/git/netdev/net
6417070918de net: qrtr: Fix an uninit variable access bug in qrtr_tx_resume()
05f464640962 PCI: qcom: Expose link transition counts via debugfs
0f80edf8447d dt-bindings: PCI: qcom: Add "mhi" register region to supported SoCs
1d1493bdc25f bus: mhi: host: Use mhi_tryset_pm_state() for setting fw error state
74588aada59a arm64: dts: qcom: sdm845: add SLPI remoteproc
f2afccfefe7b Merge tag 'net-6.3-rc6-2' of git://git.kernel.org/pub/scm/linux/kernel/git/netdev/net
566fc96198b4 accel/qaic: Add mhi_qaic_cntl
129776ac2e38 accel/qaic: Add control path
a36bf7af868b accel/qaic: Add MHI controller
830f3f27a388 accel/qaic: Add documentation for AIC100 accelerator driver
cbeb1c1b68d9 Merge tag 'wireless-2023-04-05' of git://git.kernel.org/pub/scm/linux/kernel/git/wireless/wireless
054fbf7ff814 net: qrtr: correct types of trace event parameters
6f1ccbf07453 drm/vblank: Fix for drivers that do not drm_vblank_init()
cf5fa3ca0552 wifi: ath11k: reduce the MHI timeout to 20s
839349d13905 net: qrtr: Do not do DEL_SERVER broadcast after DEL_CLIENT
6a0c637bfee6 bus: mhi: host: Range check CHDBOFF and ERDBOFF
44d807320000 net: qrtr: Fix a refcount bug in qrtr_recvmsg()
94e19f4fbb1e bus: mhi: ep: Demote unsupported channel error log to debug
5da094ac80cd bus: mhi: host: Remove mhi_poll() API
693fed981eb9 Merge tag 'char-misc-6.3-rc1' of git://git.kernel.org/pub/scm/linux/kernel/git/gregkh/char-misc
80e396586d0a wifi: ath12k: PCI ops for wakeup/release MHI
95a389e2ff32 wifi: ath12k: Handle lock during peer_id find
0b34d68049b0 net: enable usercopy for skb_small_head_cache
cbce3de28c37 Merge tag 'mhi-for-v6.3' of git://git.kernel.org/pub/scm/linux/kernel/git/mani/mhi into char-misc-next
29de68c2b32c net: qrtr: free memory on error path in radix_tree_insert()
1ddc76182940 bus: mhi: ep: Change state_lock to mutex
8d6a1fea5386 bus: mhi: ep: Move chan->lock to the start of processing queued ch ring
8e697fcfdb98 bus: mhi: ep: Fix the debug message for MHI_PKT_TYPE_RESET_CHAN_CMD cmd
47a1dcaea073 bus: mhi: ep: Power up/down MHI stack during MHI RESET
a33ca17426c0 bus: mhi: host: Update mhi driver description
d6591da5f3ff drm/fb-helper: Use a per-driver FB deferred I/O handler
9d523ba46944 arm64: defconfig: enable Qualcomm PCIe modem drivers
8e8b6c63ccdc Merge branch 'rmnet-tx-pkt-aggregation'
11933cf1d91d pnode: terminate at peers of source
08c9d2f56178 Merge tag 'mhi-for-v6.2' of git://git.kernel.org/pub/scm/linux/kernel/git/mani/mhi into char-misc-next
f7c125bd79f5 net: mhi: Fix memory leak in mhi_net_dellink()
668205b9c9f9 net: wwan: mhi: fix memory leak in mhi_mbim_dellink
1d96c542b291 MAINTAINERS: Remove Hemant from MHI bus
041bc24d867a Merge tag 'pci-v6.1-changes' of git://git.kernel.org/pub/scm/linux/kernel/git/helgaas/pci
e302bafff6fa Merge branch 'pci/qcom'
c457ac029e44 PCI: qcom-ep: Gate Master AXI clock to MHI bus during L1SS
bfbb58848675 Merge tag 'mhi-for-v6.1' of git://git.kernel.org/pub/scm/linux/kernel/git/mani/mhi into char-misc-next
b6f25c3b94f2 drm/gma500: Fix WARN_ON(lock->magic != lock) error
5ef251b9b73f Merge tag 'mhi-fixes-for-v6.0' of git://git.kernel.org/pub/scm/linux/kernel/git/mani/mhi into char-misc-linus
68a838b84eff net: qrtr: start MHI channel after endpoit creation
c95a5712beee arm64: defconfig: Sync some configs with savedefconfig
f5fd903b311f Merge tag 'mhi-for-v5.20' of git://git.kernel.org/pub/scm/linux/kernel/git/mani/mhi into char-misc-next
1227d2a20cd7 bus: mhi: host: Move IRQ allocation to controller registration phase
3bd0c69653ac ath11k: fix IRQ affinity warning on shutdown
46ee6bcac983 Merge tag 'mhi-for-v5.19' of git://git.kernel.org/pub/scm/linux/kernel/git/mani/mhi into char-work-next
577e2a9dfc8f drm/msm: don't free the IRQ if it was not requested
c268c0a8a330 bus: mhi: ep: Add uevent support for module autoloading
e4b7b5f0f30a bus: mhi: ep: Add support for suspending and resuming channels
2d945a394d9c bus: mhi: ep: Add support for queueing SKBs to the host
f7d0806bdb1b bus: mhi: ep: Add support for handling SYS_ERR condition
7a97b6b47353 bus: mhi: ep: Add support for handling MHI_RESET

=== 16. ATH12K / MHI / QRTR FILE HISTORY ===

--- drivers/net/wireless/ath/ath12k ---
1f67f2a0258f ath12k: Force Single Chip MLO support to fix firmware boot Booting new firmwares like "WLAN.HMT.1.1.c2-00259-QCAHMTSWPL_V1.0_V2.0_SILICONZ-1" is broken since https://github.com/torvalds/linux/commit/46d16f7e1d1413ad7ff99c1334d8874623717745 commit, so force enable single chip MLO like it was before.
88d4a3beb3e0 ath12k: Generate random mac address if mac in eeprom is empty.
8703de46bcde ath12k: Disable rfkill pin for now Fixes wifi hard block issue on Pad 6S Pro.
fefaac1176bf Merge tag 'wireless-2026-09-16' of https://git.kernel.org/pub/scm/linux/kernel/git/wireless/wireless
ce9d5197d651 wifi: ath12k: ahb: Revert undocumented ABI and dead code
3a2c4d55e32a treewide: refresh kmalloc_obj() conversions
ca56ac35a72e ath12k: Force Single Chip MLO support to fix firmware boot Booting new firmwares like "WLAN.HMT.1.1.c2-00259-QCAHMTSWPL_V1.0_V2.0_SILICONZ-1" is broken since https://github.com/torvalds/linux/commit/46d16f7e1d1413ad7ff99c1334d8874623717745 commit, so force enable single chip MLO like it was before.
fc2ad11f9435 ath12k: Generate random mac address if mac in eeprom is empty.
e411f94b846b ath12k: Disable rfkill pin for now Fixes wifi hard block issue on Pad 6S Pro.
4fa4977a0d90 Merge tag 'wireless-next-2026-08-06' of https://git.kernel.org/pub/scm/linux/kernel/git/wireless/wireless-next
a9477331f26f wifi: ath12k: wcn7850: send the MLO host capability the firmware requires
c07b9ee39f9d wifi: ath12k: wcn7850: download the QDSS trace configuration
998dd35eaac9 wifi: ath12k: wcn7850: align the QMI/WMI host contract with downstream
1e33f8acd837 wifi: ath12k: fix encrypted EAPOL TX in encap offload mode
5c458073553f Merge git://git.kernel.org/pub/scm/linux/kernel/git/netdev/net
4c6eb712a91f wifi: ath12k: fix stride mismatch in mac_phy_caps_parse()
c6ab3b1dfa3e wifi: ath12k: Share RootPD state across UserPDs to avoid duplicate operations
96f46607bbce wifi: ath12k: add AHB platform descriptor support
43c521c11ce8 wifi: ath12k: skip MLO multicast links during crash recovery in Tx path
534459ac562b wifi: ath12k: Use different RX release ring sizes as per memory profiles
0090ec7ad252 wifi: ath12k: rename firmware_mode enum members to use QMI namespace
0702eddffff1 wifi: ath12k: move firmware_mode enum to qmi.h
8e415b806848 wifi: ath12k: validate TLV length in process_tpc_stats()
878654eb78c6 wifi: ath12k: fix overreads in ath12k_wmi_process_csa_switch_count_event()
edc84a9396ac Merge tag 'wireless-2026-07-26' of https://git.kernel.org/pub/scm/linux/kernel/git/wireless/wireless-next
469d7e6077c1 wifi: ath12k: resolve PENDING ML peer ID from MLO_PEER_MAP HTT event
a7619b3bcba4 wifi: ath12k: defer dp_peer registration when firmware allocates MLD peer ID
1726a7a10c4f wifi: ath12k: do not advertise MLD peer ID for firmware-allocate devices
378e659029d5 wifi: ath12k: introduce host_alloc_ml_id hardware parameter
a08455ee85a2 wifi: ath12k: add support for HTT_T2H_MSG_TYPE_MLO_RX_PEER_MAP
dd121ed779dd wifi: ath12k: keep ATH12K_PEER_ML_ID_VALID set in ath12k_sta::ml_peer_id
21ca38bb6b53 wifi: ath12k: factor out peer assoc send-and-wait into a helper
47abd2ca2815 wifi: ath12k: fix out-of-bounds clear_bit in ath12k_mac_dp_peer_cleanup()
90883c513ca0 Merge tag 'ath-next-20260722' of git://git.kernel.org/pub/scm/linux/kernel/git/ath/ath
7698656a2f7b wifi: ath12k: Avoid buffer overread in ath12k_wmi_op_rx()
c42b27336eef wifi: ath12k: fix survey indexing across bands
af50baccaa5f wifi: ath12k: Set DTIM policy to stick mode for station interface
d6850f1984eb wifi: ath12k: Constify struct ath12k_dp_arch_ops
6c90f68f97de wifi: ath12k: fix scan command endianness on big endian
7b0bd40e97a0 wifi: ath12k: Correctly copy the hint BSSID in WMI scan request
42399be44b13 wifi: ath12k: allocate HOST_DDR and BDF regions after Q6 RO region
ecb517f97e62 wifi: ath12k: refactor QMI memory assignment
3fe59edd1901 wifi: ath12k: switch to name-based reserved memory lookup
e23d90cfcbe2 wifi: ath12k: Set congestion control max MSDU count
408ec3ffcc76 wifi: ath12k: update IPQ5332 BDF address offset
ff651212f2e2 wifi: ath12k: fix ML-STA authentication timeout on QCC2072
be72d6aecea4 wifi: ath12k: Set IEEE80211_OFFLOAD_ENCAP_4ADDR after tx_encap_type vdev param
b93c1dc44684 wifi: ath12k: add QMI capability negotiation for dynamic memory mode
9eb29fd47595 wifi: ath12k: fix rx_mpdu_start layout for QCC2072
6b31c3451b12 wifi: ath12k: Reduce RX SRNG interrupt timer threshold to 200us
6385fd09a399 wifi: ath12k: Fix ath12k_wifi7_mac_op_tx() style issues
01cc0f59aac3 wifi: ath12k: fix MLO peer delete race
f066e1a93703 wifi: ath12k: fix dp_link_peer dangling references on AP vdev rollback
d418509383b0 wifi: ath12k: Switch to generic PAS TZ APIs
70231dcd7822 wifi: ath12k: fix NULL pointer dereference in rhash table destroy
a2fe9dc70f3b wifi: ath12k: Fix low MLO RX throughput on WCN7850
55f3aa06951c wifi: ath12k: Flush the posted write after writing to PCIE_SOC_GLOBAL_RESET
84442442e04b wifi: cfg80211: remove WIPHY_FLAG_DISABLE_WEXT
913998f903fb wifi: ath12k: correct monitor destination ring size
58aeb412495a wifi: ath12k: change MAC buffer ring size to 4096
56f8f12c1a3c wifi: ath12k: Skip peer link info update in rx_status for monitor MSDUs
5a2b5d6a5a4a wifi: ath12k: Skip setting RX_FLAG_8023 for Ethernet-II (DIX) frames in monitor mode
b1d8d626e206 wifi: ath12k: Show per-radio center freq in dp stats
6cc84fce7b99 wifi: ath12k: Add timestamp to dp stats display
34620d1890cc wifi: ath12k: Use runtime device count in dp stats display
e47d6c9bb416 wifi: ath12k: Advertise multicast Ethernet encapsulation offload support
784f7dabf5d3 wifi: ath12k: advertise ieee_link_id in vdev start MLO params
fe2b006c15f6 wifi: ath12k: reset REOQ LUT addresses before firmware stop
c2d60ab8e382 wifi: ath12k: expand UserPD ID mask to support up to 8 PDs
fffa54aeaeb2 wifi: ath12k: tighten RX monitor TLV bounds check
4c09bbf0c1e1 wifi: ath12k: add dp_mon support 32-bit TLV headers
9d1d61121b05 wifi: ath12k: add HAL ops for monitor TLV header decode and alignment
e264a3dbe866 wifi: ath12k: refactor HAL TLV32/64 decode helpers
d762bbc08ca7 wifi: ath12k: fix TLV32 length mask
eaf478b3ea68 wifi: ath12k: avoid setting 320MHz support on non 6GHz band
007b638ed724 wifi: ath12k: remove unused QMI definitions
26d529b99861 wifi: ath12k: use %u for unsigned variables in QMI debug logs
c29d1550e166 wifi: ath12k: Fix inconsistencies in struct qmi_elem_info initializers
74e1a4762c79 wifi: ath12k: enable threaded NAPI when DP IRQ affinity is unavailable
63abe299b12b wifi: ath12k: enable IEEE80211_VHT_EXT_NSS_BW_CAPABLE when NSS ratio is reported
fdea4d44e4b9 wifi: ath12k: fix EAPOL TX failure caused by stale tcl_metadata bits
1c316d02c399 wifi: ath12k: Update Qualcomm copyrights
565257a85769 wifi: ath12k: Handle 4-address EAPOL frames from WBM error path
f818260ac66b wifi: ath12k: Add support for 4-address frame notification
6d0572f61539 wifi: ath12k: Add support for 4-address NULL frame handling
729cad3c3c9e wifi: ath12k: Add 4-address mode support for eth offload
2f57f737dbf3 wifi: ath12k: Add support for 4-address mode
e1125b0ab6fd wifi: ath12k: Set WDS vdev parameter for 4-address station interface
675aa75bfc29 wifi: ath12k: Prevent incorrect vif chanctx switch when handling multi-radio contexts
05337d0b9c5a wifi: ath12k: add hardware parameters for maximum supported clients
47809a7c8348 wifi: ath12k: fix NULL deref in change_sta_links for unready link
c972636efc63 wifi: ath12k: fix inconsistent arvif state in vdev_create error paths
51d510589f5c wifi: ath12k: allow peer_id 0 in dp peer lookup
98d4f92ab6a1 wifi: ath12k: fix memory leak in ath12k_wifi7_dp_rx_h_verify_tkip_mic()
10085a654a4c wifi: ath12k: fix incorrect HT/VHT/HE/EHT MCS reporting in monitor mode
6f5dc19f46f4 Merge tag 'ath-next-20260526' of git://git.kernel.org/pub/scm/linux/kernel/git/ath/ath
d5c336161088 wifi: ath12k: fix error unwind on arch_init() failure in PCI probe
6a20b34fe3b3 Merge git://git.kernel.org/pub/scm/linux/kernel/git/netdev/net
afa1bd86eddd wifi: ath12k: Add debugfs support to simulate incumbent signal interference
e7f9be2c7bff wifi: ath12k: Add support for handling incumbent signal interference in 6 GHz
60fb2cf51e77 wifi: ath12k: fix EHT TX MCS limitation due to wrong 20 MHz-only parsing
1e8ab2e2e962 wifi: ath12k: add channel 177 to the 5 GHz channel list
6a4c4656b0d2 Merge git://git.kernel.org/pub/scm/linux/kernel/git/netdev/net
0e1308803d2c wifi: ath12k: fix peer_id usage in normal RX path
81594a12d5ce wifi: ath12k: initialize RSSI dBm conversion event state
05c5078de822 wifi: ath12k: fix leak in some ath12k_wmi_xxx() functions
e12d2d3983ac wifi: ath12k: add thermal cooling device support
0ab4dc09b781 wifi: ath12k: reorder group start/stop for safe thermal sysfs cleanup
cd93e8c23ebb wifi: ath12k: refactor per-radio thermal hwmon setup and cleanup
612556eb774f wifi: ath12k: configure firmware thermal throttling via WMI
845b613b57c6 wifi: ath12k: handle thermal throttle stats WMI event
31d4f8d427f2 wifi: ath12k: unify error handling in some ath12k_wmi_xxx() functions
d88c3a5117c5 wifi: ath12k: use kzalloc_flex
c4aa897fe234 wifi: ath12k: Handle DP_RX_DECAP_TYPE_8023 type in Rx path
2419d92ad387 wifi: ath: Unify user-visible "Qualcomm" name
0e39eea57626 wifi: ath: Use the unified QMI service ID instead of defining it locally
4498664e2d58 wifi: ath12k: use lockdep_assert_in_rcu_read_lock() for RCU assertions
f3ba9e05cc7b wifi: ath12k: fix OF node refcount imbalance in WSI graph traversal
4a1b53417739 wifi: ath12k: prepare REO update element only for primary link
590182b72213 wifi: ath12k: Fix invalid IRQ requests during AHB probe
5c2ab62af09f wifi: ath12k: Remove macro HAL_RX_EHT_SIG_OFDMA_EB2_MCS
90ef329e73c6 wifi: ath12k: Fix ath12k_dp_htt_tlv_iter()'s iter() signature
a49300ad9796 wifi: ath12k: Fix HTC prototype ath12k_base parameters
9a4f673eb08d wifi: ath12k: avoid dynamic alloc when parsing wmi tb
65abaa9e722e wifi: ath12k: Use michael_mic() from cfg80211
8fb66931fe31 wifi: ath12k: Enable IPQ5424 WiFi device support
38cff745fa7c wifi: ath12k: Add CE remap hardware parameters for IPQ5424
7e2131ba332f wifi: ath12k: add ath12k_hw_regs for IPQ5424
74f5a619b1a6 wifi: ath12k: add ath12k_hw_version_map entry for IPQ5424
b1ad1a052bed wifi: ath12k: Add ath12k_hw_params for IPQ5424
0ec4b904be72 wifi: ath12k: Create symlink for each radio in a wiphy
7d7dc26f72ab wifi: ath12k: Skip adding inactive partner vdev info
af5708ed67fc wifi: ath12k: Support channel change stats
ba563287beaa wifi: ath12k: Rename hw_link_id to radio_idx in ath12k_ah_to_ar()
8ffb33d7709b Merge git://git.kernel.org/pub/scm/linux/kernel/git/netdev/net
5592d60ef2d8 Merge tag 'ath-next-20260324' of git://git.kernel.org/pub/scm/linux/kernel/git/ath/ath
4242625f2729 wifi: ath12k: Pass the correct value of each TID during a stop AMPDU session
7bbb578fc43e wifi: ath12k: Remove unused DFS Unit Test definitions
e570593b568f wifi: ath12k: Clean up the WMI Unit Test command interface
27401c9b1432 wifi: ath12k: Use .mbn firmware for AHB devices
616217a989e0 wifi: ath12k: Fix legacy rate mapping for monitor mode capture
aecb569d7fb6 wifi: ath12k: Fix the assignment of logical link index
1635ecc61a24 wifi: ath12k: account TX stats only when ACK/BA status is present
08e6183ed256 wifi: move action code from per-type frame structs
0b1324cdd8de Merge git://git.kernel.org/pub/scm/linux/kernel/git/netdev/net
c64760e0bce2 Merge tag 'ath-next-20260303' of https://git.kernel.org/pub/scm/linux/kernel/git/ath/ath
9003a0e3b6a7 Merge tag 'ath-current-20260302' of git://git.kernel.org/pub/scm/linux/kernel/git/ath/ath
cf7cbf97c630 wifi: ath12k: Remove the unused argument from the Rx data path
80a1147469b0 wifi: ath12k: Enable monitor mode support on IPQ5332
f33a8e418268 wifi: ath12k: Set up MLO after SSR

--- drivers/bus/mhi ---
33de5a8680b5 (HEAD -> test-7.3-batch) Revert "bus: mhi: core: Fix sys error transition latency"
648fe2955170 Revert "bus: mhi: host: Flush the posted write after writing to MHI_SOC_RESET_REQ_OFFSET"
70200b99a36e Merge tag 'mhi-for-v7.3' of ssh://gitolite.kernel.org/pub/scm/linux/kernel/git/mani/mhi into char-misc-next
5993e10b82a4 bus: mhi: ep: Flush async transfers before notifying disconnect in mhi_ep_abort_transfer()
7cc5ddce0a62 bus: mhi: ep: Add mhi_cntrl->flush_async() callback to flush the async read/write
0d5b9e66591d bus: mhi: host: Fix controller cleanup on EDL sysfs failure
5fe63c1bba57 bus: mhi: pci_generic: Add SAHARA channel support for Foxconn products
0936a8780ec2 bus: mhi: host: pci_generic: Set 'mhi_cntrl->no_m3' flag
753aa72545ce bus: mhi: host: Add support for devices with no M3 state
24f4423cbc89 bus: mhi: host: Flush the posted write after writing to MHI_SOC_RESET_REQ_OFFSET
6f12862600bb bus: mhi: ep: Fix device refcount leak in the error path of MHI device creation
22568e8f13a4 bus: mhi: core: Fix sys error transition latency
995832b2cebe Replace <linux/mod_devicetable.h> by more specific <linux/device-id/*.h> (c files)
32845111e8ea bus: mhi: host: pci_generic: Fix the physical function check
519ddf194b15 bus: mhi: ep: Protect mhi_ep_handle_syserr() in the error path
5096977d0da4 bus: mhi: host: pci_generic: Add Telit FE910C04 modem support
ce3e534ee9c8 bus: mhi: ep: Add missing state_lock protection for mhi_state access
9dece4435d39 bus: mhi: ep: Fix potential deadlock in mhi_ep_reset_worker()
86f6dc05ea05 bus: mhi: host: pci_generic: Round up nr_irqs to power of two
ac12b852b4ea bus: mhi: host: pci_generic: Add Telit FE912C04 modem support
f2d1643ddc0f bus: mhi: ep: Test for non-zero return value where applicable
37a23d6f1193 bus: mhi: host: Use kzalloc_flex
f227b246307e bus: mhi: host: pci_generic: Add pm_runtime_forbid() in remove callback
cfdb41adf1c2 bus: mhi: host: pci_generic: Switch to async power up to avoid boot delays
54b022f162a7 bus: mhi: host: pci_generic: Add NMEA channels to FN920C04 and FN990A
8bd1254c92c9 bus: mhi: host: pci_generic: Enable IP_SW and IP_ETH channels for Qcom QDU100 device
6a7084102bb9 bus: mhi: host: pci_generic: Add Qualcomm SDX35 modem
189f164e573e Convert remaining multi-line kmalloc_obj/flex GFP_KERNEL uses
32a92f8c8932 Convert more 'alloc_obj' cases to default GFP_KERNEL arguments
bf4afc53b77a Convert 'alloc_obj' family to use the new default GFP_KERNEL argument
69050f8d6d07 treewide: Replace kmalloc with kmalloc_obj for non-scalar types
91a0b0dce350 bus: mhi: ep: Use bus callbacks for .probe() and .remove()
8535df5dd64e bus: mhi: host: Use bus callbacks for .probe() and .remove()
4a9ba211d026 bus: mhi: host: Drop the auto_queue support
51731792a25c net: qrtr: Drop the MHI auto_queue feature for IPCR DL channels
820c866c42de mhi: host: Add support for loading dual ELF image format
ac35e04f8000 bus: mhi: host: pci_generic: Add Foxconn T99W760 modem
9e24bdfecdb0 bus: mhi: ep: add WQ_PERCPU to alloc_workqueue users
6eaee77923dd bus: mhi: host: pci_generic: Add Telit FE990B40 modem support
a58b20aa3f89 bus: mhi: ep: Make mhi_ep_bus_type const
54c67740fff7 bus: mhi: host: pci_generic: Set DMA mask for VFs
aa1a0e93ed21 bus: mhi: core: Improve mhi_sync_power_up handling for SYS_ERR state
12543f440588 bus: mhi: host: pci_generic: Reset QDU100 while the MHI driver is removed
fd6e0509d0e8 bus: mhi: host: pci_generic: Add SRIOV support
b4d01c5b9a9d bus: mhi: host: pci_generic: Read SUBSYSTEM_VENDOR_ID for VF's to check status
a9e3d5a69cf8 bus: mhi: host: Add support for separate controller configurations for VF and PF
f5225a34bd8f bus: mhi: ep: Fix chained transfer handling in read path
d5411ed6cabd bus: mhi: host: Notify EE change via uevent
d0856a6dff57 bus: mhi: host: Do not use uninitialized 'dev' pointer in mhi_init_irq_setup()
376358bb9770 bus: mhi: host: pci_generic: Add support for all Foxconn T99W696 SKU variants
00559ba3ae74 bus: mhi: host: pci_generic: Add Telit FN990B40 modem support
5bd398e20f08 bus: mhi: host: Detect events pointing to unexpected TREs
0d63055e1406 bus: mhi: host: pci_generic: Add Foxconn T99W696 modem
e99f55e438d1 bus: mhi: host: Use str_true_false() helper
b484fa61acea bus: mhi: host: pci_generic: Add support for EM929x and set MRU to 32768 for better performance.
f471578e8b1a bus: mhi: host: Fix endianness of BHI vector table
0494cf9793b7 bus: mhi: host: pci_generic: Disable runtime PM for QDU100
ae5a34264354 bus: mhi: host: pci_generic: Fix the modem name of Foxconn T99W640
701aa9ad1e7b bus: mhi: host: Make local functions static
41cb08555c41 treewide, timers: Rename from_timer() to timer_container_of()
d28b0977909d Merge tag 'mhi-for-v6.16' of ssh://gitolite.kernel.org/pub/scm/linux/kernel/git/mani/mhi into char-misc-next
6348f62ef7ec bus: mhi: host: pci_generic: Add Telit FN920C04 modem support
ce7cc522e9ff bus: mhi: host: pci_generic: Remove redundant assign resource usage
4d92e7c5ccad bus: mhi: host: Fix conflict between power_up and SYSERR
6f18d174b73d bus: mhi: ep: Update read pointer only after buffer is written
8fa7292fee5c treewide: Switch/rename to timer_delete[_sync]()
25601e85441d Merge tag 'char-misc-6.15-rc1' of git://git.kernel.org/pub/scm/linux/kernel/git/gregkh/char-misc
124bb4e75799 Merge tag 'mhi-for-v6.15' of ssh://gitolite.kernel.org/pub/scm/linux/kernel/git/mani/mhi into char-misc-next
0686a818d77a bus: mhi: host: Fix race between unprepare and queue_buf
626fb115662c Backmerge tag 'v6.14-rc6' into drm-next
cba6bdfd7929 bus: mhi: host: pci_generic: Add support for SA8775P endpoint
acf3256160bd bus: mhi: host: Avoid possible uninitialized fw_load_type
a321d163de3d bus: mhi: host: pci_generic: Use pci_try_reset_function() to avoid deadlock
c8006fbd0f4f bus: mhi: host: Remove unused functions
93c7dd1b3944 Merge drm/drm-next into drm-misc-next
f88f1d0998ea bus: mhi: host: Add a policy to enable image transfer via BHIe in PBL
d07569ebcbd6 bus: mhi: host: Refactor BHI/BHIe based firmware loading
be887fcad3f1 Merge 6.13-rc4 into char-misc-next
29904a40127c bus: mhi: host: pci_generic: Enable MSI-X if the endpoint supports
9241459b3cc2 bus: mhi: host: pci_generic: Add support for QDU100 device
098d8374033f bus: mhi: host: pci_generic: fix MHI BAR mapping
7222ae1d3e4e bus: mhi: host: Free mhi_buf vector inside mhi_alloc_bhie_table()
bd23e836423e bus: mhi: host: pci_generic: Use pcim_iomap_region() to request and map MHI BAR
23388a1b305e bus: mhi: host: Switch trace_mhi_gen_tre fields to native endian
8daf110a44e7 bus: mhi: host: Fix typos in the comments
84a5ae5b23ba bus: mhi: host: pci_generic: Enable EDL trigger for Foxconn modems
a7bc66fe8093 bus: mhi: host: pci_generic: Update EDL firmware path for Foxconn modems
969db85b4f63 bus: mhi: host: pci_generic: Add support for Netprisma LCUR57 and FCUN69
8e54acedff45 bus: mhi: host: make mhi_bus_type const
bfc5ca0fd1ea bus: mhi: host: pci_generic: Fix the name for the Telit FE990A
c2a96b7f187f Merge tag 'driver-core-6.11-rc1' of git://git.kernel.org/pub/scm/linux/kernel/git/gregkh/driver-core
633478695d6b bus: mhi: host: Allow controller drivers to specify name for the MHI controller
bf30a75e6e00 bus: mhi: host: Add support for Foxconn SDX72 modems
d69d80484598 driver core: have match() callback in struct bus_type take a const *
f08d4bdad612 bus: mhi: host: pci_generic: Use unique 'mhi_pci_dev_info' for product families
c7d0b2db5bc5 bus: mhi: ep: Do not allocate memory for MHI objects from DMA zone
2c92ca849fcc tracing/treewide: Remove second parameter of __assign_str()
48f98496b1de bus: mhi: host: pci_generic: Add generic edl_trigger to allow devices to enter EDL mode
553f94fc7667 bus: mhi: host: Add a new API for getting channel doorbell offset
17553ba8e19d bus: mhi: host: Add sysfs entry to force device to enter EDL
813e0ae613d6 bus: mhi: host: Add mhi_power_down_keep_dev() API to support system suspend/hibernation
2ec11b5d6d90 bus: mhi: host: pci_generic: constify modem_telit_fn980_hw_v1_config
a52354173bea bus: mhi: host: Change the trace string for the userspace tools mapping
27711860c54c bus: mhi: ep: check the correct variable in mhi_ep_register_controller()
f0397e27d120 Revert "bus: mhi: core: Add support for reading MHI info from device"
ceeb64f41fe6 bus: mhi: host: Add tracing support
ae1d892d518a bus: mhi: ep: Use kcalloc() instead of kzalloc()
8ddf54a32111 bus: mhi: host: Read PK HASH dynamically
bce3f770684c bus: mhi: host: Add MHI_PM_SYS_ERR_FAIL state
01bd694ac2f6 bus: mhi: host: Drop chan lock before queuing buffers
b89b6a863dd5 bus: mhi: host: Add spinlock to protect WP access when queueing TREs
309ab14f70d1 bus: mhi: ep: Add checks for read/write callbacks while registering controllers
2547beb00ddb bus: mhi: ep: Add support for async DMA read operation
ee08acb58fe4 bus: mhi: ep: Add support for async DMA write operation
927105244f8b bus: mhi: ep: Rename read_from_host() and write_to_host() APIs
b08ded2ef2e9 bus: mhi: ep: Pass mhi_ep_buf_info struct to read/write APIs
cea4bcbf997a bus: mhi: ep: Add support for interrupt moderation timer
62210a26cd4f bus: mhi: ep: Use slab allocator where applicable
eff9704f5332 bus: mhi: host: Add alignment check for event ring read pointer
5571519009d0 bus: mhi: host: pci_generic: Add SDX75 based modem support
6ab3d50b106c bus: mhi: host: Add a separate timeout parameter for waiting ready
987fdb5a43a6 bus: mhi: ep: Do not allocate event ring element on stack
0724869ede9c bus: mhi: host: pci_generic: add support for Telit FE990 modem
b0f9f3607959 bus: mhi: host: remove unused-but-set parameter
7b672d703e76 bus: mhi: host: pci_generic: Add support for Quectel RM520N-GL Lenovo variant
efe47a18e43f bus: mhi: host: allow MHI client drivers to provide the firmware via a pointer
d0184830e611 bus: mhi: host: use vmalloc_array and vcalloc
104a8c5dd943 bus: mhi: host: pci_generic: Add support for Dell DW5932e
1cad976a1be9 bus: mhi: host: pci_generic: Add support for Quectel RM520N-GL modem
110f113a4898 bus: mhi: host: pci_generic: Add support for Quectel EM160R-GL modem
15f670575687 bus: mhi: host: pci_generic: Add support for IP_SW0 channels
cabce92dd805 bus: mhi: host: Skip MHI reset if device is in RDDM
1d1493bdc25f bus: mhi: host: Use mhi_tryset_pm_state() for setting fw error state
d469d9448a0f bus: mhi: host: Remove duplicate ee check for syserr
4308c6878acf bus: mhi: host: Avoid ringing EV DB if there are no elements to process
c2dbd34f6a95 bus: mhi: pci_generic: Add Foxconn T99W510
446271e5d7bc bus: mhi: host: Use ERANGE for BHIOFF/BHIEOFF range check
6a0c637bfee6 bus: mhi: host: Range check CHDBOFF and ERDBOFF
14853a0676c1 bus: mhi: host: pci_generic: Revert "Add a secondary AT port to Telit FN990"
45581e663703 bus: mhi: host: pci_generic: Drop redundant pci_enable_pcie_error_reporting()
94e19f4fbb1e bus: mhi: ep: Demote unsupported channel error log to debug
5da094ac80cd bus: mhi: host: Remove mhi_poll() API
a93e884edf61 Merge tag 'driver-core-6.3-rc1' of git://git.kernel.org/pub/scm/linux/kernel/git/gregkh/driver-core
3c54a3ff0a2c bus: mhi: ep: Fix off by one in mhi_ep_process_cmd_ring()
2a81ada32f0e driver core: make struct bus_type.uevent() take a const *
1ddc76182940 bus: mhi: ep: Change state_lock to mutex
8a1c24bb908f bus: mhi: ep: Save channel state locally during suspend and resume
8d6a1fea5386 bus: mhi: ep: Move chan->lock to the start of processing queued ch ring
8e697fcfdb98 bus: mhi: ep: Fix the debug message for MHI_PKT_TYPE_RESET_CHAN_CMD cmd
e6cebcc27519 bus: mhi: ep: Only send -ENOTCONN status if client driver is available

--- drivers/net/mhi ---
9ebc2758d0bb Revert "net: really fix the build..."
7ffa7542eca6 net: mhi: Remove MBIM protocol
ce78ffa3ef16 net: really fix the build...
e129f6b5aeb3 net: mhi: Improve MBIM packet counting
5c2c85315948 bus: mhi: pci-generic: configurable network interface MRU
699409240389 wwan: core: add WWAN common private data for netdev
ca374290aaad wwan: core: support default netdev creation
9f0248ea476e wwan: core: no more hold netdev ops owning module
adc2e56ebe63 Merge git://git.kernel.org/pub/scm/linux/kernel/git/netdev/net
1d0bbbf22b74 net: mhi_net: make mhi_wwan_ops static
2214fb53006e net: mhi_net: Update the transmit handler prototype
13adac032982 net: mhi_net: Register wwan_ops for link creation
cda1893e9f7c net: mhi: remove pointless conditional before kfree_skb()
3af562a37b7f net: mhi: Allow decoupled MTU/MRU
d9f0713c9217 net: mhi: Add support for non-linear MBIM skb processing
163c5e6262ae net: mhi: Add mbim proto
84c55f16dcd7 net: mhi: Add rx_length_errors stat
77e8080e1272 net: mhi: Create mhi.h
b6ec6b894270 net: mhi: Add dedicated folder

--- net/qrtr ---
19277173e701 Revert "net: qrtr: Send HELLO message on endpoint register"
cb9b410a03fa Revert "net: qrtr: resend HELLO on MHI resume"
6a5719cc3ef2 net: qrtr: resend HELLO on MHI resume
544d85de4dc2 net: qrtr: Send HELLO message on endpoint register
7fc1c937b6b3 net: qrtr: ns: Raise lookup limit to 128
3b536db8fb32 net: qrtr: restrict socket creation to the initial network namespace
ff194cffd586 net: qrtr: ns: Raise node count limit to 512
995832b2cebe Replace <linux/mod_devicetable.h> by more specific <linux/device-id/*.h> (c files)
d755d45bc08a Merge git://git.kernel.org/pub/scm/linux/kernel/git/netdev/net
20054869770c net: qrtr: fix 32-bit integer overflow in qrtr_endpoint_post()
dad4d4b92a9b Merge git://git.kernel.org/pub/scm/linux/kernel/git/netdev/net
a2171131ecda net: qrtr: fix refcount saturation and potential UAF in qrtr_port_remove
3b09ff541145 net: qrtr: fix node refcount leak on ctrl packet alloc failure
35c2c39832e5 Merge git://git.kernel.org/pub/scm/linux/kernel/git/netdev/net
7809fea20c94 net: qrtr: ns: Fix use-after-free in driver remove()
27d5e84e810b net: qrtr: ns: Limit the total number of nodes
68efba36446a net: qrtr: ns: Free the node during ctrl_cmd_bye()
5640227d9a21 net: qrtr: ns: Limit the maximum number of lookups
d5ee2ff98322 net: qrtr: ns: Limit the maximum server registration per node
8ffb33d7709b Merge git://git.kernel.org/pub/scm/linux/kernel/git/netdev/net
e4cf6087cab3 net: qrtr: fix endian handling of confirm_rx field
2428083101f6 net: qrtr: replace qrtr_tx_flow radix_tree with xarray to fix memory leak
bf4afc53b77a Convert 'alloc_obj' family to use the new default GFP_KERNEL argument
69050f8d6d07 treewide: Replace kmalloc with kmalloc_obj for non-scalar types
51731792a25c net: qrtr: Drop the MHI auto_queue feature for IPCR DL channels
85cb0757d7e1 net: Convert proto_ops connect() callbacks to use sockaddr_unsized
0e50474fa514 net: Convert proto_ops bind() callbacks to use sockaddr_unsized
f011b313e8eb net: qrtr: Update packets cloning when broadcasting
404dbd26322f net: qrtr: ns: Ignore ENODEV failures in ns
fd76e5ccc48f net: qrtr: ns: Fix module refcnt
e0cd1185900e net: qrtr: support suspend/hibernation
9bf2e9165f90 net: qrtr: ns: Return 0 if server port is not present
69940b888e35 net: qrtr: Handle IPCR control port format of older targets
f26b32ef2fe6 net: qrtr: ns: Change nodes radix tree to xarray
608a147a8872 net: qrtr: ns: Change servers radix tree to xarray
3a8a670eeeaa Merge tag 'net-next-6.5' of git://git.kernel.org/pub/scm/linux/kernel/git/netdev/net-next
dc97391e6610 sock: Remove ->sendpage*() in favour of sendmsg(MSG_SPLICE_PAGES)
022acfa63260 net: qrtr: Use alloc_ordered_workqueue() to create ordered workqueues
6417070918de net: qrtr: Fix an uninit variable access bug in qrtr_tx_resume()
839349d13905 net: qrtr: Do not do DEL_SERVER broadcast after DEL_CLIENT
44d807320000 net: qrtr: Fix a refcount bug in qrtr_recvmsg()
82b4a9412b4d Merge git://git.kernel.org/pub/scm/linux/kernel/git/netdev/net
29de68c2b32c net: qrtr: free memory on error path in radix_tree_insert()
40e0b0908142 net/sock: Introduce trace_sk_data_ready()
68a838b84eff net: qrtr: start MHI channel after endpoit creation
f4b41f062c42 net: remove noblock parameter from skb_recv_datagram()
227fee5fc99e bus: mhi: core: Add an API for auto queueing buffers for DL channel
a365023a76f2 net: qrtr: combine nameservice into main module
d2cabd2dc8da net: qrtr: revert check in qrtr_endpoint_post()
aaa8e4922c88 net: qrtr: make checks in qrtr_endpoint_post() stricter
97c78d0af55f Merge git://git.kernel.org/pub/scm/linux/kernel/git/netdev/net
9ebc2758d0bb Revert "net: really fix the build..."
7e78c597c3eb net: qrtr: fix another OOB Read in qrtr_endpoint_post
0ca8d3ca4561 Merge git://git.kernel.org/pub/scm/linux/kernel/git/netdev/net
ce78ffa3ef16 net: really fix the build...
d2e11fd2b7fc Merge git://git.kernel.org/pub/scm/linux/kernel/git/netdev/net
52f3456a96c0 net: qrtr: fix memory leaks
29c4964822aa net: socket: rework compat_ifreq_ioctl()
e3ae2365efc1 net: sock: introduce sk_error_report
adc2e56ebe63 Merge git://git.kernel.org/pub/scm/linux/kernel/git/netdev/net
ad9d24c9429e net: qrtr: fix OOB Read in qrtr_endpoint_post
a49e72b3bda7 net: qrtr: ns: Fix error return code in qrtr_ns_init()
6876a18d3361 Merge git://git.kernel.org/pub/scm/linux/kernel/git/netdev/net
47a017f33943 net: qrtr: Avoid potential use after free in MHI send
8859a44ea0df Merge git://git.kernel.org/pub/scm/linux/kernel/git/netdev/net
3cbf7530a163 qrtr: Convert qrtr_ports from IDR to XArray
8a03dd925786 net: qrtr: Fix memory leak on qrtr_tx_wait failure
50535249f624 net: qrtr: fix a kernel-infoleak in qrtr_recvmsg()
179d0ba0c454 net: qrtr: fix error return code of qrtr_sendmsg()
093b036aa94e net/qrtr: fix __netdev_alloc_skb call
fc0494ead639 net: qrtr: Fix memory leak in qrtr_tun_open
2a80c1581237 net/qrtr: restrict user-controlled length in qrtr_tun_write_iter()
4beb17e553b4 net: qrtr: fix null-ptr-deref in qrtr_ns_remove
846c3c9cfe8a Merge tag 'wireless-drivers-next-2020-12-03' of git://git.kernel.org/pub/scm/linux/kernel/git/kvalo/wireless-drivers-next
2ca7e30d3b1e net: qrtr: Unprepare MHI channels during remove
a2e2cc0dbb11 net: qrtr: Start MHI channels during init
90829f07baea net: qrtr: Release distant nodes along the bridge node
f7dec6cb914c net: qrtr: Add GFP flags parameter to qrtr_alloc_ctrl_packet
0baa99ee353c net: qrtr: Allow non-immediate node routing
87f547c108e4 net: qrtr: Allow forwarded services
ae068f561baa net: qrtr: Fix port ID for control messages
082bb94fe18e net: qrtr: ns: Fix the incorrect usage of rcu_read_lock()
a7809ff90ce6 net: qrtr: ns: Protect radix_tree_deref_slot() using rcu read locks
3ca1a42a52ca net: qrtr: check skb_put_padto() return value
8dfddfb79653 net: qrtr: fix usage of idr in port assignment to socket
a57066b1a019 Merge git://git.kernel.org/pub/scm/linux/kernel/git/netdev/net
af9f691f0f5b qrtr: orphan socket in qrtr_release()
a44d9e72100f net: make ->{get,set}sockopt in proto_ops optional
8ff41cc21714 net: qrtr: Fix an out of bounds read qrtr_endpoint_post()
28541f3d324f net: qrtr: free flow in __qrtr_node_release
a7f7f6248d97 treewide: replace '---help---' in Kconfig files with 'help'
1806c13dc253 Merge git://git.kernel.org/pub/scm/linux/kernel/git/netdev/net
c6e08d6251f3 net: qrtr: Allocate workqueue before kernel_bind
13209a8f7304 Merge git://git.kernel.org/pub/scm/linux/kernel/git/netdev/net
d28ea1fbbf43 net: qrtr: Fix passing invalid reference to qrtr_local_enqueue()
e42671084361 net: qrtr: Do not depend on ARCH_QCOM
6e728f321393 net: qrtr: Add MHI transport layer
dfddb54043f0 net: qrtr: Add tracepoint support
6dbf02acef69 net: qrtr: send msgs from local of same id as broadcast
71046abfffe9 net: qrtr: Fix FIXME related to qrtr_ns_init()
a1dc1d6a05a7 net: qrtr: Respond to HELLO message
9baeea50718f net: qrtr: Fix error pointer vs NULL bugs
13ef6ae8c0d9 net: qrtr: fix spelling mistake "serivce" -> "service"
31d6cbeeb880 net: qrtr: Fix the local node ID as 1
0c2204a4ad71 net: qrtr: Migrate nameservice to kernel from userspace
e04df98adf7d net: qrtr: Remove receive worker
f16a4b26f31f net: qrtr: Make qrtr_port_lookup() use RCU
0a7e0d0ef054 net: qrtr: Migrate node lookup tree to spinlock
5fdeb0d372ab net: qrtr: Implement outgoing flow control
cb6530b99faf net: qrtr: Move resume-tx transmission to recvmsg
ce57785bf91b net: qrtr: fix len of skb_put_padto in qrtr_node_enqueue
21d8bd123ac4 net: qrtr: Simplify 'qrtr_tun_release()'
73f0c11d1132 net: qrtr: Stop rx_worker before freeing node
a21b7f0cff19 net: qrtr: fix memort leak in qrtr_tun_write_iter
97fb5e8d9b57 treewide: Replace GPLv2 boilerplate/reference with SPDX - rule 284
f75b6f303bd8 Merge git://git.kernel.org/pub/scm/linux/kernel/git/davem/net
ec8f24b7faaf treewide: Add SPDX license identifier - Makefile/Kconfig
7036e621455f net: qrtr: Fix message type of outgoing packets
8f5e24514cbd net: qrtr: use protocol endiannes variable
8cb081746c03 netlink: make validation more configurable for future strictness
c7cbdbf29f48 net: rework SIOCGSTAMP ioctl handling
98fa15f34cb3 mm: replace all open encodings for NUMA_NO_NODE
d27e77a3de28 net: qrtr: Reset the node and port ID of broadcast messages
fdf5fd397566 net: qrtr: Broadcast messages only from control port
a11e1d432b51 Revert changes to convert to ->poll_mask() and aio IOCB_CMD_POLL
1c8c5a9d38f6 Merge git://git.kernel.org/pub/scm/linux/kernel/git/davem/net-next
db5051ead64a net: convert datagram_poll users tp ->poll_mask
28fb4e59a47d net: qrtr: Expose tunneling endpoint to user space
77ac725e0c5b net: qrtr: add MODULE_ALIAS_NETPROTO macro
0f3e9c97eb5a Merge git://git.kernel.org/pub/scm/linux/kernel/git/davem/net
c77f5fbbefc0 qrtr: add MODULE_ALIAS macro to smd
9b2c45d479d0 net: make getname() functions return length rather than use int* parameter
c1c502b51150 net: use rtnl_register_module where needed
4dc6758d7824 Merge git://git.kernel.org/pub/scm/linux/kernel/git/davem/net
b7e732fa3171 qrtr: Move to postcore_initcall
2a171788ba7b Merge git://git.kernel.org/pub/scm/linux/kernel/git/davem/net
b24413180f56 License cleanup: add SPDX GPL-2.0 license identifier to files with no license
194ccc88297a net: qrtr: Support decoding incoming v2 packets
f507a9b6e63b net: qrtr: Use sk_buff->cb in receive path
1a7959c76641 net: qrtr: Clean up control packet handling
e7044482c8ac net: qrtr: Pass source and destination to enqueue functions
da7653f0faab net: qrtr: Add control packet definition to uapi
28978713c51b net: qrtr: Move constants to header file
ae85bfa87821 net: qrtr: Invoke sk_error_report() after setting sk_err
b97bac64a589 rtnetlink: make rtnl_register accept a flags parameter
4df864c1d9af networking: make skb_put & friends return void pointers
59ae1d127ac0 networking: introduce and use skb_put_data()
b080db585384 networking: convert many more places to skb_put_zero()
b24844b1b537 net: qrtr: Inform open sockets about new controller
1784473b2425 net: qrtr: Broadcast DEL_CLIENT message when endpoint is closed

--- drivers/pci/controller ---
e12124b70f1b Revert "PCI: qcom: Rename qcom_pcie_set_slot_nccs() to qcom_pcie_set_slot_cap()"
485b36dc19d2 Revert "PCI: qcom: Clear Attention Button Present in Slot Capabilities"
aac05d067525 Revert "PCI: qcom: Implement .reset_root_port() and use for link down"
c9dc7d730319 PCI: imx6: Move clock enable after core reset assertion
5e6ff28676dd Merge tag 'hyperv-next-signed-20260826' of git://git.kernel.org/pub/scm/linux/kernel/git/hyperv/linux
86bdd16e8f39 PCI: hv: Set irq_retrigger callback for the Hyper-V PCI MSI irqchip
570f7e331f5f Merge tag 'pci-v7.3-changes' of git://git.kernel.org/pub/scm/linux/kernel/git/pci/pci
9324becc398a Merge branch 'pci/misc'
70cbec6fec2c Merge branch 'pci/controller/misc'
25a22c9078d2 Merge branch 'pci/controller/xgene'
e0aba454f87a Merge branch 'pci/controller/vmd'
b130a2caf5d3 Merge branch 'pci/controller/tegra264'
003bb33da95b Merge branch 'pci/controller/rzg3s-host'
707ba6063c47 Merge branch 'pci/controller/mediatek'
2d022e66d5d9 Merge branch 'pci/controller/plda-starfive'
e6859eee417d Merge branch 'pci/controller/plda-host'
3d3fce943508 Merge branch 'pci/controller/dwc-ultrarisc'
2a66fae91e35 Merge branch 'pci/controller/dwc-spacemit-k1'
45b3d1baf4d6 Merge branch 'pci/controller/dwc-rcar-gen4'
157936259499 Merge branch 'pci/controller/dwc-qcom'
9bb52aa1972d Merge branch 'pci/controller/dwc-meson'
ab345fad8f7f Merge branch 'pci/controller/dwc-keystone'
3e01ebb61957 Merge branch 'pci/controller/dwc-imx6'
71aabbe6d49b Merge branch 'pci/controller/dwc'
4bba1f93069e Merge branch 'pci/controller/cadence'
1ef0f8a7f084 Merge branch 'pci/controller/aspeed'
c4afb0b2d334 Merge branch 'pci/controller/host-generic'
55aa45154fe4 PCI: vmd: Add Nova Lake (NVL) and Dunlow (DNL) Device IDs
01c3c27a0ef6 PCI: tegra264: Add Tegra264 support
c1366b72ad4e PCI: dwc: Handle return value from endpoint .pre_init callback
face36545741 PCI: dwc: Handle return value from endpoint .init callback
22a415e623e9 PCI: ultrarisc: Use module_platform_driver()
e152c295d32a PCI: ultrarisc: Get and enable DP1000 PCIe controller clocks
4fa4977a0d90 Merge tag 'wireless-next-2026-08-06' of https://git.kernel.org/pub/scm/linux/kernel/git/wireless/wireless-next
79752653c136 PCI: cadence: Fix host/endpoint dependencies for cadence-plat driver
9347b5161409 PCI: qcom: sm8650: replay downstream's CESTA/CRM programming and D0 vote
b376b3ff9cb0 PCI: dw-rockchip: Implement .reset_root_port() and use for link down
4d88cb82a6d9 PCI: qcom: Implement .reset_root_port() and use for link down
9de09b807a19 PCI: dwc: ep: Fix unmap potentially unmapping the wrong iATU
1b01d725d8b4 PCI: dwc: ep: Flush cached MSI write before unmapping the iATU
3a006d09a21d Merge tag 'rtw-next-2026-08-02' of https://github.com/pkshih/rtw
ce3294cef61c PCI: Use %pe format specifier to print error pointers
4c99bace4f4e PCI: host-common: Add link down handling for Root Ports
596254ecc5b7 Merge tag 'pci-v7.2-fixes-1' of git://git.kernel.org/pub/scm/linux/kernel/git/pci/pci
65ccb2203ef8 PCI: qcom: Clear Attention Button Present in Slot Capabilities
36637958726a PCI: dwc: ep: Clear MSI iATU mapping in dw_pcie_ep_cleanup()
aaae91799062 PCI: starfive: Fix unchecked pm_runtime_get_sync() in probe
fb9f7973473f PCI: starfive: Fix Runtime PM handling and teardown ordering
19a30bbb6477 PCI: plda: Fix IRQ domain leaks in the error paths of plda_init_interrupts()
26b73bae01d6 PCI: plda: Fix use-after-free of event IRQs during teardown
9cb1b6a781ab PCI: Use standard wait times for PCIe link monitoring
2162572d34c5 PCI: vmd: Only copy root bridge _OSC control flags in bare metal OS
9f46f9d696d3 PCI: qcom: Rename qcom_pcie_set_slot_nccs() to qcom_pcie_set_slot_cap()
7678e81498e2 PCI: imx6: Fix i.MX6Q/DL boot hang caused by improper PHY power sequencing
888b1934642b PCI: Move Spacemit vendor and device IDs to linux/pci_ids.h
7147a7bfce47 PCI: j721e: Fix incorrect max_lanes for J7200
72b32eccbcd5 PCI: vmd: Handle BUS_RESTRICT_CFG value 3 for Arrow Lake-HX
f944349dcbae PCI: aspeed: Switch to irq_domain_create_linear()
008cb88edb41 PCI: host-generic: Fix NULL pointer dereference on 32-bit CAM systems
c2b9620359b7 PCI: imx6: Add runtime PM support for i.MX95
b4bee12ebecc PCI: imx6: Keep i.MX6 Root Port MSI/MSI-X Capabilities with iMSI-RX to work around hardware bug
e145af8c1447 PCI: spacemit: Add missing MODULE_DEVICE_TABLE()
22877a061f81 PCI: starfive: Fix resource leaks on error paths in host_init()
b030905bf5a6 PCI: vmd: Add feature to scan BIOS-enumerated devices
8d6af27c0a73 PCI: rcar-gen4: Configure AXIINTC if iMSI-RX is not used
2077ccb9baa2 PCI: mediatek: Add support for EcoNet EN7528 SoC
6fc5fcd8ec1b PCI: dwc: Use common speed conversion function
d70e964dc099 PCI: cadence: Add LGA IP debugfs for LTSSM status
ea34744eb094 PCI: cadence: Add HPA IP debugfs for LTSSM status
b5672f9463f2 PCI: cadence: Add HPA architecture flag
3260336defeb PCI: keystone: Fix OF node reference leak in init
4869db344e76 PCI: xgene: Drop unnecessary OF node reference
f26b1c697a2b PCI: imx6: Add 'skip_pwrctrl_off' flag support
2c5768344f88 PCI: imx6: Move pci_pwrctrl_create_devices() to imx_pcie_probe()
09aad32189e4 PCI: dwc: Move iMSI-RX check before calling 'pp->ops->init()'
93aac16f1eb9 PCI: cadence: Add missing MODULE_DEVICE_TABLE()
3edb3a038d42 PCI: qcom: Skip PERST# GPIOs provided by downstream PCIe devices
533171173882 PCI: qcom: Add support for Hawi
995832b2cebe Replace <linux/mod_devicetable.h> by more specific <linux/device-id/*.h> (c files)
7f4d9901eb1f PCI: imx6: Fix building against PCI_PWRCTRL_GENERIC
d4e0984f12ea PCI: imx6: Fix building against PCI_HOST_COMMON
40fb390cbcc1 PCI: meson: Fix GPIO state while requesting PERST#
3567bcf0e985 PCI: host-generic: Move legacy DT binding fallback decision to caller of pci_host_common_parse_ports()
007c7304d80f PCI: rzg3s-host: Add support for RZ/V2H(P) SoC
9f2ed7c3de5d PCI: rzg3s-host: Prepare System Controller handling for multiple controllers
e2260454946d PCI: rzg3s-host: Use shared reset controls for power domain resets
26ae421f7f49 Merge tag 'pci-v7.2-changes' of git://git.kernel.org/pub/scm/linux/kernel/git/pci/pci
2c2fb7a8aa10 Merge branch 'pci/misc'
e5eb7036ac4f Merge branch 'pci/controller/misc'
78e531d3e5a7 Merge branch 'pci/controller/tlp_macros'
7c97ee7c4951 Merge branch 'pci/controller/rescan_lock'
dd81c6524b3d Merge branch 'pci/controller/link_train_delay'
01b5f1d052b6 Merge branch 'pci/controller/rcar-host'
878ec1809949 Merge branch 'pci/controller/mvebu'
4e38ddba805a Merge branch 'pci/controller/mediatek-gen3'
7b9001901259 Merge branch 'pci/controller/mediatek'
a5c8e1ffe9d9 Merge branch 'pci/controller/loongson'
d04ef0d3b44e Merge branch 'pci/controller/iproc-bcma'
97eee6d7769a Merge branch 'pci/controller/dwc-ultrarisc'
81c4ead83ece Merge branch 'pci/controller/dwc-tegra194'
9cd6b3cae021 Merge branch 'pci/controller/dwc-qcom'
c08c02e749b5 Merge branch 'pci/controller/dwc-meson'
87edaec53641 Merge branch 'pci/controller/dwc-intel-gw'
878f37d6dea3 Merge branch 'pci/controller/dwc-imx6'
1d0f97d5f8e9 Merge branch 'pci/controller/dwc-amd-mdb'
bcb446d61dd2 Merge branch 'pci/controller/dwc'
bf27eed04093 Merge branch 'pci/controller/altera'
34de2910286c Merge branch 'pci/controller/host-common'
ae385ca81232 Merge branch 'pci/endpoint'
2b0d1a605ef2 PCI: rzg3s-host: Use common pci_host_common_link_train_delay() helper
d24e3fab6ee2 PCI: mediatek-gen3: Add 100 ms delay after link up
6bba1de54ceb PCI: aardvark: Add 100 ms delay after link training
0a46957df45a PCI: dwc: Use common pci_host_common_link_train_delay() helper
57d3400df052 PCI: cadence-hpa: Add post-link delay
fda8749ba736 PCI: host-common: Request bus reassignment when not probe-only
0bd9611587bb PCI: rockchip: Protect root bus removal with rescan lock
4e4f9745f016 PCI: plda: Protect root bus removal with rescan lock
a29812a55da8 PCI: mediatek: Protect root bus removal with rescan lock
a6a64e150f12 PCI: iproc: Protect root bus removal with rescan lock
26335696498a PCI: dwc: Protect root bus removal with rescan lock
713331969ce8 PCI: cadence: Protect root bus removal with rescan lock
20b7aba83c0e PCI: brcmstb: Protect root bus removal with rescan lock
a8759c8ac48c PCI: altera: Protect root bus removal with rescan lock
3c2e6cc6affa PCI: iproc: Restore .map_irq() for the platform bus driver
7cb033507068 PCI: mvebu: Use fixed-width interrupt masks to avoid truncation in 64-bit builds
09fb6892f34a Merge tag 'devicetree-for-7.2' of git://git.kernel.org/pub/scm/linux/kernel/git/robh/linux
70cb95c73680 Merge tag 'soc-drivers-7.2' of git://git.kernel.org/pub/scm/linux/kernel/git/soc/soc
f71f07bee9b5 of: Factor arguments passed to of_map_id() into a struct
d4b52f83f198 of: Add convenience wrappers for of_map_id()
26b67fa10ef8 PCI: dwc: Avoid dwc_pcie_rasdes_debugfs_deinit() NULL dereference when no RAS DES capability
ebc1d9906894 PCI: mediatek: Use actual physical address instead of virt_to_phys()
6ba90ce2069a PCI: rcar-host: Remove unused LIST_HEAD(res)
85c1fcfa740d PCI: imx6: Integrate new pwrctrl API
f865a57896bd PCI: mediatek: Fix IRQ domain leak when port fails to enable
4b0dc84b2939 PCI: meson: Add missing remove callback
b12341b98d5a PCI: meson: Propagate devm_add_action_or_reset() failure
9dda3f83ba67 PCI: imx6: Assert ref_clk_en after reference clock stabilizes on i.MX95
0c26b1c34d12 PCI: imx6: Configure REF_USE_PAD before PHY reset for i.MX95
869317b95fd7 PCI: cadence: Add post-link delay for LGA and j721e glue driver
29fbf582e750 PCI: Add pci_host_common_link_train_delay() helper
52015335e5db PCI: cadence: Use common TLP type macros
3136184508d2 PCI: dwc: Replace ATU type macros with common TLP type macros
286db45fb7ef PCI: Add common TLP type macros and convert aspeed/mediatek
282305d7e9c0 PCI: mediatek: Fix operator precedence in PCIE_FTS_NUM_L0 macro
e0779713a1e2 PCI: qcom: Initialize DWC MSI lock for firmware-managed ECAM hosts
5f726aeb505c PCI: tegra: Explicitly specify PMC instance to use
29f692985819 PCI: qcom: Disable ASPM L0s for SA8775P
e9769bb17269 PCI: qcom: Program T_POWER_ON
d697e9067248 PCI: dwc: Add dw_pcie_program_t_power_on() to program T_POWER_ON
1a23bcb452d9 PCI: qcom: Handle mixed PERST#/PHY DT configuration

--- drivers/pci/quirks ---

=== 17. CURRENT BRANCH COMMITS TOUCHING ATH12K/MHI/QRTR ===
33de5a8680b5 (HEAD -> test-7.3-batch) Revert "bus: mhi: core: Fix sys error transition latency"
e12124b70f1b Revert "PCI: qcom: Rename qcom_pcie_set_slot_nccs() to qcom_pcie_set_slot_cap()"
648fe2955170 Revert "bus: mhi: host: Flush the posted write after writing to MHI_SOC_RESET_REQ_OFFSET"
485b36dc19d2 Revert "PCI: qcom: Clear Attention Button Present in Slot Capabilities"
aac05d067525 Revert "PCI: qcom: Implement .reset_root_port() and use for link down"
19277173e701 Revert "net: qrtr: Send HELLO message on endpoint register"
cb9b410a03fa Revert "net: qrtr: resend HELLO on MHI resume"
1f67f2a0258f ath12k: Force Single Chip MLO support to fix firmware boot Booting new firmwares like "WLAN.HMT.1.1.c2-00259-QCAHMTSWPL_V1.0_V2.0_SILICONZ-1" is broken since https://github.com/torvalds/linux/commit/46d16f7e1d1413ad7ff99c1334d8874623717745 commit, so force enable single chip MLO like it was before.
88d4a3beb3e0 ath12k: Generate random mac address if mac in eeprom is empty.
8703de46bcde ath12k: Disable rfkill pin for now Fixes wifi hard block issue on Pad 6S Pro.
6a5719cc3ef2 net: qrtr: resend HELLO on MHI resume
ef31d04b6d8a Merge tag 'pci-v7.3-fixes-1' of git://git.kernel.org/pub/scm/linux/kernel/git/pci/pci
c9dc7d730319 PCI: imx6: Move clock enable after core reset assertion
fefaac1176bf Merge tag 'wireless-2026-09-16' of https://git.kernel.org/pub/scm/linux/kernel/git/wireless/wireless
ce9d5197d651 wifi: ath12k: ahb: Revert undocumented ABI and dead code
3a2c4d55e32a treewide: refresh kmalloc_obj() conversions
544d85de4dc2 net: qrtr: Send HELLO message on endpoint register
5e6ff28676dd Merge tag 'hyperv-next-signed-20260826' of git://git.kernel.org/pub/scm/linux/kernel/git/hyperv/linux
93e4b3076b5f Merge tag 'char-misc-7.3-rc1' of git://git.kernel.org/pub/scm/linux/kernel/git/gregkh/char-misc
86bdd16e8f39 PCI: hv: Set irq_retrigger callback for the Hyper-V PCI MSI irqchip
570f7e331f5f Merge tag 'pci-v7.3-changes' of git://git.kernel.org/pub/scm/linux/kernel/git/pci/pci
9324becc398a Merge branch 'pci/misc'
70cbec6fec2c Merge branch 'pci/controller/misc'
25a22c9078d2 Merge branch 'pci/controller/xgene'
e0aba454f87a Merge branch 'pci/controller/vmd'
b130a2caf5d3 Merge branch 'pci/controller/tegra264'
003bb33da95b Merge branch 'pci/controller/rzg3s-host'
707ba6063c47 Merge branch 'pci/controller/mediatek'
2d022e66d5d9 Merge branch 'pci/controller/plda-starfive'
e6859eee417d Merge branch 'pci/controller/plda-host'
3d3fce943508 Merge branch 'pci/controller/dwc-ultrarisc'
2a66fae91e35 Merge branch 'pci/controller/dwc-spacemit-k1'
45b3d1baf4d6 Merge branch 'pci/controller/dwc-rcar-gen4'
157936259499 Merge branch 'pci/controller/dwc-qcom'
9bb52aa1972d Merge branch 'pci/controller/dwc-meson'
ab345fad8f7f Merge branch 'pci/controller/dwc-keystone'
3e01ebb61957 Merge branch 'pci/controller/dwc-imx6'
71aabbe6d49b Merge branch 'pci/controller/dwc'
4bba1f93069e Merge branch 'pci/controller/cadence'
1ef0f8a7f084 Merge branch 'pci/controller/aspeed'
c4afb0b2d334 Merge branch 'pci/controller/host-generic'
55aa45154fe4 PCI: vmd: Add Nova Lake (NVL) and Dunlow (DNL) Device IDs
01c3c27a0ef6 PCI: tegra264: Add Tegra264 support
c1366b72ad4e PCI: dwc: Handle return value from endpoint .pre_init callback
face36545741 PCI: dwc: Handle return value from endpoint .init callback
22a415e623e9 PCI: ultrarisc: Use module_platform_driver()
e152c295d32a PCI: ultrarisc: Get and enable DP1000 PCIe controller clocks
70200b99a36e Merge tag 'mhi-for-v7.3' of ssh://gitolite.kernel.org/pub/scm/linux/kernel/git/mani/mhi into char-misc-next
4fa4977a0d90 Merge tag 'wireless-next-2026-08-06' of https://git.kernel.org/pub/scm/linux/kernel/git/wireless/wireless-next
1962afd21159 Merge git://git.kernel.org/pub/scm/linux/kernel/git/netdev/net
315f4bd234b3 Merge tag 'net-7.2-rc7' of git://git.kernel.org/pub/scm/linux/kernel/git/netdev/net
79752653c136 PCI: cadence: Fix host/endpoint dependencies for cadence-plat driver
7fc1c937b6b3 net: qrtr: ns: Raise lookup limit to 128
0307efd32f29 Merge tag 'ath-next-20260803' of git://git.kernel.org/pub/scm/linux/kernel/git/ath/ath
b376b3ff9cb0 PCI: dw-rockchip: Implement .reset_root_port() and use for link down
4d88cb82a6d9 PCI: qcom: Implement .reset_root_port() and use for link down
9de09b807a19 PCI: dwc: ep: Fix unmap potentially unmapping the wrong iATU
1b01d725d8b4 PCI: dwc: ep: Flush cached MSI write before unmapping the iATU
3a006d09a21d Merge tag 'rtw-next-2026-08-02' of https://github.com/pkshih/rtw
1e33f8acd837 wifi: ath12k: fix encrypted EAPOL TX in encap offload mode
ce3294cef61c PCI: Use %pe format specifier to print error pointers
4c99bace4f4e PCI: host-common: Add link down handling for Root Ports
596254ecc5b7 Merge tag 'pci-v7.2-fixes-1' of git://git.kernel.org/pub/scm/linux/kernel/git/pci/pci
65ccb2203ef8 PCI: qcom: Clear Attention Button Present in Slot Capabilities
5c458073553f Merge git://git.kernel.org/pub/scm/linux/kernel/git/netdev/net
36637958726a PCI: dwc: ep: Clear MSI iATU mapping in dw_pcie_ep_cleanup()
4c6eb712a91f wifi: ath12k: fix stride mismatch in mac_phy_caps_parse()
5993e10b82a4 bus: mhi: ep: Flush async transfers before notifying disconnect in mhi_ep_abort_transfer()
7cc5ddce0a62 bus: mhi: ep: Add mhi_cntrl->flush_async() callback to flush the async read/write
0d5b9e66591d bus: mhi: host: Fix controller cleanup on EDL sysfs failure
5fe63c1bba57 bus: mhi: pci_generic: Add SAHARA channel support for Foxconn products
0936a8780ec2 bus: mhi: host: pci_generic: Set 'mhi_cntrl->no_m3' flag
753aa72545ce bus: mhi: host: Add support for devices with no M3 state
24f4423cbc89 bus: mhi: host: Flush the posted write after writing to MHI_SOC_RESET_REQ_OFFSET
aaae91799062 PCI: starfive: Fix unchecked pm_runtime_get_sync() in probe
fb9f7973473f PCI: starfive: Fix Runtime PM handling and teardown ordering
19a30bbb6477 PCI: plda: Fix IRQ domain leaks in the error paths of plda_init_interrupts()
26b73bae01d6 PCI: plda: Fix use-after-free of event IRQs during teardown
c6ab3b1dfa3e wifi: ath12k: Share RootPD state across UserPDs to avoid duplicate operations
96f46607bbce wifi: ath12k: add AHB platform descriptor support
43c521c11ce8 wifi: ath12k: skip MLO multicast links during crash recovery in Tx path
534459ac562b wifi: ath12k: Use different RX release ring sizes as per memory profiles
0090ec7ad252 wifi: ath12k: rename firmware_mode enum members to use QMI namespace
0702eddffff1 wifi: ath12k: move firmware_mode enum to qmi.h
8e415b806848 wifi: ath12k: validate TLV length in process_tpc_stats()
878654eb78c6 wifi: ath12k: fix overreads in ath12k_wmi_process_csa_switch_count_event()
9cb1b6a781ab PCI: Use standard wait times for PCIe link monitoring
2162572d34c5 PCI: vmd: Only copy root bridge _OSC control flags in bare metal OS
9f46f9d696d3 PCI: qcom: Rename qcom_pcie_set_slot_nccs() to qcom_pcie_set_slot_cap()
7678e81498e2 PCI: imx6: Fix i.MX6Q/DL boot hang caused by improper PHY power sequencing
650a21e0bfe4 Merge tag 'ath-current-20260727' of git://git.kernel.org/pub/scm/linux/kernel/git/ath/ath
edc84a9396ac Merge tag 'wireless-2026-07-26' of https://git.kernel.org/pub/scm/linux/kernel/git/wireless/wireless-next
469d7e6077c1 wifi: ath12k: resolve PENDING ML peer ID from MLO_PEER_MAP HTT event
a7619b3bcba4 wifi: ath12k: defer dp_peer registration when firmware allocates MLD peer ID
1726a7a10c4f wifi: ath12k: do not advertise MLD peer ID for firmware-allocate devices
378e659029d5 wifi: ath12k: introduce host_alloc_ml_id hardware parameter
a08455ee85a2 wifi: ath12k: add support for HTT_T2H_MSG_TYPE_MLO_RX_PEER_MAP
dd121ed779dd wifi: ath12k: keep ATH12K_PEER_ML_ID_VALID set in ath12k_sta::ml_peer_id
21ca38bb6b53 wifi: ath12k: factor out peer assoc send-and-wait into a helper
47abd2ca2815 wifi: ath12k: fix out-of-bounds clear_bit in ath12k_mac_dp_peer_cleanup()
888b1934642b PCI: Move Spacemit vendor and device IDs to linux/pci_ids.h
3b536db8fb32 net: qrtr: restrict socket creation to the initial network namespace
90883c513ca0 Merge tag 'ath-next-20260722' of git://git.kernel.org/pub/scm/linux/kernel/git/ath/ath
fec15bb3dab0 Merge tag 'wireless-2026-07-22' of https://git.kernel.org/pub/scm/linux/kernel/git/wireless/wireless
7698656a2f7b wifi: ath12k: Avoid buffer overread in ath12k_wmi_op_rx()
c42b27336eef wifi: ath12k: fix survey indexing across bands
af50baccaa5f wifi: ath12k: Set DTIM policy to stick mode for station interface
d6850f1984eb wifi: ath12k: Constify struct ath12k_dp_arch_ops
6c90f68f97de wifi: ath12k: fix scan command endianness on big endian
7b0bd40e97a0 wifi: ath12k: Correctly copy the hint BSSID in WMI scan request
42399be44b13 wifi: ath12k: allocate HOST_DDR and BDF regions after Q6 RO region
ecb517f97e62 wifi: ath12k: refactor QMI memory assignment
3fe59edd1901 wifi: ath12k: switch to name-based reserved memory lookup
e23d90cfcbe2 wifi: ath12k: Set congestion control max MSDU count
408ec3ffcc76 wifi: ath12k: update IPQ5332 BDF address offset
ff651212f2e2 wifi: ath12k: fix ML-STA authentication timeout on QCC2072
be72d6aecea4 wifi: ath12k: Set IEEE80211_OFFLOAD_ENCAP_4ADDR after tx_encap_type vdev param
7147a7bfce47 PCI: j721e: Fix incorrect max_lanes for J7200
ff194cffd586 net: qrtr: ns: Raise node count limit to 512
72b32eccbcd5 PCI: vmd: Handle BUS_RESTRICT_CFG value 3 for Arrow Lake-HX
b55a04ebb52d Merge tag 'ath-current-20260713' of git://git.kernel.org/pub/scm/linux/kernel/git/ath/ath
f944349dcbae PCI: aspeed: Switch to irq_domain_create_linear()
008cb88edb41 PCI: host-generic: Fix NULL pointer dereference on 32-bit CAM systems
c2b9620359b7 PCI: imx6: Add runtime PM support for i.MX95
b4bee12ebecc PCI: imx6: Keep i.MX6 Root Port MSI/MSI-X Capabilities with iMSI-RX to work around hardware bug
e145af8c1447 PCI: spacemit: Add missing MODULE_DEVICE_TABLE()
22877a061f81 PCI: starfive: Fix resource leaks on error paths in host_init()
b030905bf5a6 PCI: vmd: Add feature to scan BIOS-enumerated devices
8d6af27c0a73 PCI: rcar-gen4: Configure AXIINTC if iMSI-RX is not used
2077ccb9baa2 PCI: mediatek: Add support for EcoNet EN7528 SoC
6fc5fcd8ec1b PCI: dwc: Use common speed conversion function
d70e964dc099 PCI: cadence: Add LGA IP debugfs for LTSSM status
ea34744eb094 PCI: cadence: Add HPA IP debugfs for LTSSM status
b5672f9463f2 PCI: cadence: Add HPA architecture flag
3260336defeb PCI: keystone: Fix OF node reference leak in init
4869db344e76 PCI: xgene: Drop unnecessary OF node reference
b93c1dc44684 wifi: ath12k: add QMI capability negotiation for dynamic memory mode
9eb29fd47595 wifi: ath12k: fix rx_mpdu_start layout for QCC2072
6b31c3451b12 wifi: ath12k: Reduce RX SRNG interrupt timer threshold to 200us
6385fd09a399 wifi: ath12k: Fix ath12k_wifi7_mac_op_tx() style issues
01cc0f59aac3 wifi: ath12k: fix MLO peer delete race
f066e1a93703 wifi: ath12k: fix dp_link_peer dangling references on AP vdev rollback
d418509383b0 wifi: ath12k: Switch to generic PAS TZ APIs
70231dcd7822 wifi: ath12k: fix NULL pointer dereference in rhash table destroy
a2fe9dc70f3b wifi: ath12k: Fix low MLO RX throughput on WCN7850
f26b1c697a2b PCI: imx6: Add 'skip_pwrctrl_off' flag support
2c5768344f88 PCI: imx6: Move pci_pwrctrl_create_devices() to imx_pcie_probe()
09aad32189e4 PCI: dwc: Move iMSI-RX check before calling 'pp->ops->init()'
55f3aa06951c wifi: ath12k: Flush the posted write after writing to PCIE_SOC_GLOBAL_RESET
93aac16f1eb9 PCI: cadence: Add missing MODULE_DEVICE_TABLE()
6f12862600bb bus: mhi: ep: Fix device refcount leak in the error path of MHI device creation
22568e8f13a4 bus: mhi: core: Fix sys error transition latency
3edb3a038d42 PCI: qcom: Skip PERST# GPIOs provided by downstream PCIe devices
533171173882 PCI: qcom: Add support for Hawi
84442442e04b wifi: cfg80211: remove WIPHY_FLAG_DISABLE_WEXT
995832b2cebe Replace <linux/mod_devicetable.h> by more specific <linux/device-id/*.h> (c files)
7f4d9901eb1f PCI: imx6: Fix building against PCI_PWRCTRL_GENERIC
d4e0984f12ea PCI: imx6: Fix building against PCI_HOST_COMMON
913998f903fb wifi: ath12k: correct monitor destination ring size
58aeb412495a wifi: ath12k: change MAC buffer ring size to 4096
56f8f12c1a3c wifi: ath12k: Skip peer link info update in rx_status for monitor MSDUs
5a2b5d6a5a4a wifi: ath12k: Skip setting RX_FLAG_8023 for Ethernet-II (DIX) frames in monitor mode
b1d8d626e206 wifi: ath12k: Show per-radio center freq in dp stats
6cc84fce7b99 wifi: ath12k: Add timestamp to dp stats display
34620d1890cc wifi: ath12k: Use runtime device count in dp stats display
e47d6c9bb416 wifi: ath12k: Advertise multicast Ethernet encapsulation offload support
784f7dabf5d3 wifi: ath12k: advertise ieee_link_id in vdev start MLO params
fe2b006c15f6 wifi: ath12k: reset REOQ LUT addresses before firmware stop
c2d60ab8e382 wifi: ath12k: expand UserPD ID mask to support up to 8 PDs
fffa54aeaeb2 wifi: ath12k: tighten RX monitor TLV bounds check
4c09bbf0c1e1 wifi: ath12k: add dp_mon support 32-bit TLV headers
9d1d61121b05 wifi: ath12k: add HAL ops for monitor TLV header decode and alignment
e264a3dbe866 wifi: ath12k: refactor HAL TLV32/64 decode helpers
d762bbc08ca7 wifi: ath12k: fix TLV32 length mask
eaf478b3ea68 wifi: ath12k: avoid setting 320MHz support on non 6GHz band
007b638ed724 wifi: ath12k: remove unused QMI definitions
26d529b99861 wifi: ath12k: use %u for unsigned variables in QMI debug logs
c29d1550e166 wifi: ath12k: Fix inconsistencies in struct qmi_elem_info initializers
74e1a4762c79 wifi: ath12k: enable threaded NAPI when DP IRQ affinity is unavailable
40fb390cbcc1 PCI: meson: Fix GPIO state while requesting PERST#
3567bcf0e985 PCI: host-generic: Move legacy DT binding fallback decision to caller of pci_host_common_parse_ports()
007c7304d80f PCI: rzg3s-host: Add support for RZ/V2H(P) SoC
9f2ed7c3de5d PCI: rzg3s-host: Prepare System Controller handling for multiple controllers
e2260454946d PCI: rzg3s-host: Use shared reset controls for power domain resets
26ae421f7f49 Merge tag 'pci-v7.2-changes' of git://git.kernel.org/pub/scm/linux/kernel/git/pci/pci
2c2fb7a8aa10 Merge branch 'pci/misc'
e5eb7036ac4f Merge branch 'pci/controller/misc'
78e531d3e5a7 Merge branch 'pci/controller/tlp_macros'
7c97ee7c4951 Merge branch 'pci/controller/rescan_lock'
dd81c6524b3d Merge branch 'pci/controller/link_train_delay'
01b5f1d052b6 Merge branch 'pci/controller/rcar-host'
878ec1809949 Merge branch 'pci/controller/mvebu'
4e38ddba805a Merge branch 'pci/controller/mediatek-gen3'
7b9001901259 Merge branch 'pci/controller/mediatek'
a5c8e1ffe9d9 Merge branch 'pci/controller/loongson'
d04ef0d3b44e Merge branch 'pci/controller/iproc-bcma'
97eee6d7769a Merge branch 'pci/controller/dwc-ultrarisc'
81c4ead83ece Merge branch 'pci/controller/dwc-tegra194'
9cd6b3cae021 Merge branch 'pci/controller/dwc-qcom'
c08c02e749b5 Merge branch 'pci/controller/dwc-meson'
87edaec53641 Merge branch 'pci/controller/dwc-intel-gw'
878f37d6dea3 Merge branch 'pci/controller/dwc-imx6'
1d0f97d5f8e9 Merge branch 'pci/controller/dwc-amd-mdb'
bcb446d61dd2 Merge branch 'pci/controller/dwc'
bf27eed04093 Merge branch 'pci/controller/altera'
34de2910286c Merge branch 'pci/controller/host-common'
ae385ca81232 Merge branch 'pci/endpoint'
2b0d1a605ef2 PCI: rzg3s-host: Use common pci_host_common_link_train_delay() helper
d24e3fab6ee2 PCI: mediatek-gen3: Add 100 ms delay after link up
6bba1de54ceb PCI: aardvark: Add 100 ms delay after link training
0a46957df45a PCI: dwc: Use common pci_host_common_link_train_delay() helper
57d3400df052 PCI: cadence-hpa: Add post-link delay
0000d9ccbcfa Merge tag 'char-misc-7.2-rc1' of git://git.kernel.org/pub/scm/linux/kernel/git/gregkh/char-misc
fda8749ba736 PCI: host-common: Request bus reassignment when not probe-only
0bd9611587bb PCI: rockchip: Protect root bus removal with rescan lock
4e4f9745f016 PCI: plda: Protect root bus removal with rescan lock
a29812a55da8 PCI: mediatek: Protect root bus removal with rescan lock
a6a64e150f12 PCI: iproc: Protect root bus removal with rescan lock
26335696498a PCI: dwc: Protect root bus removal with rescan lock
713331969ce8 PCI: cadence: Protect root bus removal with rescan lock
20b7aba83c0e PCI: brcmstb: Protect root bus removal with rescan lock
a8759c8ac48c PCI: altera: Protect root bus removal with rescan lock
3c2e6cc6affa PCI: iproc: Restore .map_irq() for the platform bus driver
7cb033507068 PCI: mvebu: Use fixed-width interrupt masks to avoid truncation in 64-bit builds
09fb6892f34a Merge tag 'devicetree-for-7.2' of git://git.kernel.org/pub/scm/linux/kernel/git/robh/linux
70cb95c73680 Merge tag 'soc-drivers-7.2' of git://git.kernel.org/pub/scm/linux/kernel/git/soc/soc
d755d45bc08a Merge git://git.kernel.org/pub/scm/linux/kernel/git/netdev/net
20054869770c net: qrtr: fix 32-bit integer overflow in qrtr_endpoint_post()
f71f07bee9b5 of: Factor arguments passed to of_map_id() into a struct
d4b52f83f198 of: Add convenience wrappers for of_map_id()
26b67fa10ef8 PCI: dwc: Avoid dwc_pcie_rasdes_debugfs_deinit() NULL dereference when no RAS DES capability
dad4d4b92a9b Merge git://git.kernel.org/pub/scm/linux/kernel/git/netdev/net
ebc1d9906894 PCI: mediatek: Use actual physical address instead of virt_to_phys()
6ba90ce2069a PCI: rcar-host: Remove unused LIST_HEAD(res)
972c4dd19cb9 Merge tag 'wireless-next-2026-06-10' of https://git.kernel.org/pub/scm/linux/kernel/git/wireless/wireless-next
85c1fcfa740d PCI: imx6: Integrate new pwrctrl API
f865a57896bd PCI: mediatek: Fix IRQ domain leak when port fails to enable
4b0dc84b2939 PCI: meson: Add missing remove callback
b12341b98d5a PCI: meson: Propagate devm_add_action_or_reset() failure
9dda3f83ba67 PCI: imx6: Assert ref_clk_en after reference clock stabilizes on i.MX95
0c26b1c34d12 PCI: imx6: Configure REF_USE_PAD before PHY reset for i.MX95
869317b95fd7 PCI: cadence: Add post-link delay for LGA and j721e glue driver
29fbf582e750 PCI: Add pci_host_common_link_train_delay() helper
52015335e5db PCI: cadence: Use common TLP type macros
3136184508d2 PCI: dwc: Replace ATU type macros with common TLP type macros
286db45fb7ef PCI: Add common TLP type macros and convert aspeed/mediatek
63abe299b12b wifi: ath12k: enable IEEE80211_VHT_EXT_NSS_BW_CAPABLE when NSS ratio is reported
fdea4d44e4b9 wifi: ath12k: fix EAPOL TX failure caused by stale tcl_metadata bits
1c316d02c399 wifi: ath12k: Update Qualcomm copyrights
282305d7e9c0 PCI: mediatek: Fix operator precedence in PCIE_FTS_NUM_L0 macro
a2171131ecda net: qrtr: fix refcount saturation and potential UAF in qrtr_port_remove
39f9c91bce7c Merge tag 'mhi-for-v7.2' of ssh://gitolite.kernel.org/pub/scm/linux/kernel/git/mani/mhi into char-misc-next
e0779713a1e2 PCI: qcom: Initialize DWC MSI lock for firmware-managed ECAM hosts
3b09ff541145 net: qrtr: fix node refcount leak on ctrl packet alloc failure
565257a85769 wifi: ath12k: Handle 4-address EAPOL frames from WBM error path
f818260ac66b wifi: ath12k: Add support for 4-address frame notification
6d0572f61539 wifi: ath12k: Add support for 4-address NULL frame handling
729cad3c3c9e wifi: ath12k: Add 4-address mode support for eth offload
2f57f737dbf3 wifi: ath12k: Add support for 4-address mode
e1125b0ab6fd wifi: ath12k: Set WDS vdev parameter for 4-address station interface
675aa75bfc29 wifi: ath12k: Prevent incorrect vif chanctx switch when handling multi-radio contexts
05337d0b9c5a wifi: ath12k: add hardware parameters for maximum supported clients
47809a7c8348 wifi: ath12k: fix NULL deref in change_sta_links for unready link
c972636efc63 wifi: ath12k: fix inconsistent arvif state in vdev_create error paths
51d510589f5c wifi: ath12k: allow peer_id 0 in dp peer lookup
98d4f92ab6a1 wifi: ath12k: fix memory leak in ath12k_wifi7_dp_rx_h_verify_tkip_mic()
10085a654a4c wifi: ath12k: fix incorrect HT/VHT/HE/EHT MCS reporting in monitor mode
e7d6bd24e883 Merge tag 'wireless-next-2026-05-28' of https://git.kernel.org/pub/scm/linux/kernel/git/wireless/wireless-next
d44646fc9eeb Merge git://git.kernel.org/pub/scm/linux/kernel/git/netdev/net
5f726aeb505c PCI: tegra: Explicitly specify PMC instance to use
29f692985819 PCI: qcom: Disable ASPM L0s for SA8775P
6f5dc19f46f4 Merge tag 'ath-next-20260526' of git://git.kernel.org/pub/scm/linux/kernel/git/ath/ath
32845111e8ea bus: mhi: host: pci_generic: Fix the physical function check
d5c336161088 wifi: ath12k: fix error unwind on arch_init() failure in PCI probe
e9769bb17269 PCI: qcom: Program T_POWER_ON
d697e9067248 PCI: dwc: Add dw_pcie_program_t_power_on() to program T_POWER_ON
1a23bcb452d9 PCI: qcom: Handle mixed PERST#/PHY DT configuration
ced835ae1f62 PCI: qcom: Indicate broken L1SS exit during resume from system suspend
6a20b34fe3b3 Merge git://git.kernel.org/pub/scm/linux/kernel/git/netdev/net
6779b50faa56 Merge tag 'pci-v7.1-fixes-2' of git://git.kernel.org/pub/scm/linux/kernel/git/pci/pci
2cc0e7454c78 PCI: qcom: Add D3cold support
56378c03c1a8 PCI: dwc: Use common D3cold eligibility helper in suspend path
8a847d3e9e5f PCI: qcom: Power down PHY via PARF_PHY_CTRL before disabling rails/clocks
131a93dbcb95 PCI: qcom: Add .get_ltssm() callback to query LTSSM status
1d2a29ccd3a1 PCI: host-common: Add pci_host_common_d3cold_possible() helper
e373c789bac0 PCI: loongson: Override PCIe bridge supported speeds for Loongson-3C6000 series
afa1bd86eddd wifi: ath12k: Add debugfs support to simulate incumbent signal interference
e7f9be2c7bff wifi: ath12k: Add support for handling incumbent signal interference in 6 GHz
8ba433753d9b PCI: mediatek-gen3: Fix incorrectly skipped pwrctrl error message
94ac934d2c05 PCI: dwc: Fix signedness bug in fault injection test code
87f493041e20 PCI: tegra194: Use aspm-l1-entry-delay-ns DT property for L1 entrance latency
d25f1dd6b986 PCI: dwc: Use DEFINE_SHOW_ATTRIBUTE for ltssm_status debugfs
250eea5c06f5 PCI: imx6: Parse 'reset-gpios' in Root Port nodes
610fa91d9863 PCI: imx6: Assert PERST# before enabling regulators
b269bb5e4cc3 PCI: host-generic: Add common helpers for parsing Root Port properties
aad953fb4eed PCI: imx6: Fix IMX6SX_GPR12_PCIE_TEST_POWERDOWN handling
d39d55d7411c PCI: mediatek-gen3: Do full device power down on removal
7a0e17e7a081 PCI: mediatek-gen3: Add a .shutdown() callback to control PERST# signal
22fc8822d146 PCI: mediatek-gen3: Fix PERST# control timing during system startup
60fb2cf51e77 wifi: ath12k: fix EHT TX MCS limitation due to wrong 20 MHz-only parsing
ed831e7ea1a8 PCI: brcmstb: Assign pcie->gen from of_pci_get_max_link_speed()
7a94138caeb2 PCI: altera: Fix resource leaks on probe failure
5ef4bac02189 PCI: altera: Do not dispose parent IRQ mapping
f02459d0342f PCI: keembay: Use common mode field in struct dw_pcie
a8bf471f87f4 PCI: dwc: Use common mode field in struct dw_pcie
5d47f6aeffdf PCI: artpec6: Use common mode field in struct dw_pcie
3718315f58f8 PCI: dra7xx: Use common mode field in struct dw_pcie
5dc31cd4a91a PCI: qcom: Set max OPP before DBI access during resume
1e1b554c2b91 PCI: dwc: Apply ECRC workaround for DesignWare cores prior to 5.10a
5fc35740c3b3 PCI: ultrarisc: Add UltraRISC DP1000 PCIe Root Complex driver
519ddf194b15 bus: mhi: ep: Protect mhi_ep_handle_syserr() in the error path
5096977d0da4 bus: mhi: host: pci_generic: Add Telit FE910C04 modem support
ce3e534ee9c8 bus: mhi: ep: Add missing state_lock protection for mhi_state access
9dece4435d39 bus: mhi: ep: Fix potential deadlock in mhi_ep_reset_worker()
86f6dc05ea05 bus: mhi: host: pci_generic: Round up nr_irqs to power of two
0492461a0508 PCI: amd-mdb: Assert PERST# on shutdown
1389ab9bf9f6 PCI: loongson: Do not ignore downstream devices on external bridges
19f90be49c11 PCI: intel-gw: Fix ATU base address setup and add optional DT 'atu' region
1eedabe7c617 PCI: intel-gw: Add .start_link() callback
febf9ed3c35e PCI: intel-gw: Enable clock before PHY init
abddc0539e59 PCI: intel-gw: Move interrupt enable to own function
75479bed53b1 PCI: intel-gw: Remove unused PCIE_APP_INTX_OFST definition
1e8ab2e2e962 wifi: ath12k: add channel 177 to the 5 GHz channel list
6a4c4656b0d2 Merge git://git.kernel.org/pub/scm/linux/kernel/git/netdev/net
7cc21269ef74 PCI: visconti: Drop unused include
71d007f6fb17 PCI: fu740: Drop unused include
800c861cfcbe PCI: designware-plat: Drop unused include
8d846a0a6f95 PCI: amd-mdb: Use the right GPIO header
42ec65b46a4f PCI: Use FIELD_MODIFY() instead of open-coding it
0e1308803d2c wifi: ath12k: fix peer_id usage in normal RX path
81594a12d5ce wifi: ath12k: initialize RSSI dBm conversion event state
05c5078de822 wifi: ath12k: fix leak in some ath12k_wmi_xxx() functions
e12d2d3983ac wifi: ath12k: add thermal cooling device support
0ab4dc09b781 wifi: ath12k: reorder group start/stop for safe thermal sysfs cleanup
cd93e8c23ebb wifi: ath12k: refactor per-radio thermal hwmon setup and cleanup
612556eb774f wifi: ath12k: configure firmware thermal throttling via WMI
845b613b57c6 wifi: ath12k: handle thermal throttle stats WMI event
31d4f8d427f2 wifi: ath12k: unify error handling in some ath12k_wmi_xxx() functions
d88c3a5117c5 wifi: ath12k: use kzalloc_flex
c4aa897fe234 wifi: ath12k: Handle DP_RX_DECAP_TYPE_8023 type in Rx path
2419d92ad387 wifi: ath: Unify user-visible "Qualcomm" name
0e39eea57626 wifi: ath: Use the unified QMI service ID instead of defining it locally
ec2075cfc629 PCI: dwc: ep: Expose integrated eDMA resources via EPC aux-resource API
bfb9502651f6 PCI: dwc: Record integrated eDMA register window
334a70c454e4 Merge tag 'ath-next-20260427' of git://git.kernel.org/pub/scm/linux/kernel/git/ath/ath
d997c32157d2 Merge tag 'ath-current-20260427' of git://git.kernel.org/pub/scm/linux/kernel/git/ath/ath
cb4eb6771c0f Merge tag 'char-misc-7.1-rc1' of git://git.kernel.org/pub/scm/linux/kernel/git/gregkh/char-misc
ff57d59200ba Merge tag 'loongarch-7.1' of git://git.kernel.org/pub/scm/linux/kernel/git/chenhuacai/linux-loongson
4498664e2d58 wifi: ath12k: use lockdep_assert_in_rcu_read_lock() for RCU assertions
f3ba9e05cc7b wifi: ath12k: fix OF node refcount imbalance in WSI graph traversal
4a1b53417739 wifi: ath12k: prepare REO update element only for primary link
8fd12b03c7c8 Merge tag 'hyperv-next-signed-20260421' of git://git.kernel.org/pub/scm/linux/kernel/git/hyperv/linux
3d9aba6618d1 LoongArch: Adjust build infrastructure for 32BIT/64BIT
590182b72213 wifi: ath12k: Fix invalid IRQ requests during AHB probe
5c2ab62af09f wifi: ath12k: Remove macro HAL_RX_EHT_SIG_OFDMA_EB2_MCS
90ef329e73c6 wifi: ath12k: Fix ath12k_dp_htt_tlv_iter()'s iter() signature
a49300ad9796 wifi: ath12k: Fix HTC prototype ath12k_base parameters
40286d6379aa Merge tag 'pci-v7.1-changes' of git://git.kernel.org/pub/scm/linux/kernel/git/pci/pci
91a4855d6c03 Merge tag 'net-next-7.1' of git://git.kernel.org/pub/scm/linux/kernel/git/netdev/net-next
35c2c39832e5 Merge git://git.kernel.org/pub/scm/linux/kernel/git/netdev/net
0d5acba6331c Drivers: hv: vmbus: Export hv_vmbus_exists() and use it in pci-hyperv
2e31b1610183 Merge tag 'acpi-7.1-rc1' of git://git.kernel.org/pub/scm/linux/kernel/git/rafael/linux-pm
7809fea20c94 net: qrtr: ns: Fix use-after-free in driver remove()
27d5e84e810b net: qrtr: ns: Limit the total number of nodes
68efba36446a net: qrtr: ns: Free the node during ctrl_cmd_bye()
5640227d9a21 net: qrtr: ns: Limit the maximum number of lookups
d5ee2ff98322 net: qrtr: ns: Limit the maximum server registration per node
b274423c7927 Merge branch 'pci/controller/rzg3s-host'
d096bd7d8bf7 Merge branch 'pci/controller/mediatek-gen3'
8a1c7effae15 Merge branch 'pci/controller/mediatek'
b43cdb32ee13 Merge branch 'pci/controller/dwc-tegra194'
bc55afb8fae1 Merge branch 'pci/controller/dwc-rockchip'
1e6df556f194 Merge branch 'pci/controller/dwc-rcar-gen4-ep'
07f7d0f0eef7 Merge branch 'pci/controller/dwc-qcom'
b94fd0874695 Merge branch 'pci/controller/dwc-layerscape'
d33fae175428 Merge branch 'pci/controller/dwc-imx6'
927e9d9d4e79 Merge branch 'pci/controller/dwc-eswin'
d52e0276261c Merge branch 'pci/controller/dwc-andes-qilai'
9cba2840beab Merge branch 'pci/controller/dwc-amd-mdb'
764fd8338622 Merge branch 'pci/controller/dwc'
7dde59ebdadd Merge branch 'pci/controller/cadence-sky1'
9120557a9d32 Merge branch 'pci/controller/cadence-sg2042'
cadf80e0015e Merge branch 'pci/controller/cadence'
bf6dd2240783 Merge branch 'pci/controller/aspeed'
736b677ff428 Merge branch 'pci/controller/max-link-speed'
8153aaf6b9e7 Merge branch 'pci/endpoint'
118cbd428e43 Merge tag 'wireless-next-2026-04-10' of https://git.kernel.org/pub/scm/linux/kernel/git/wireless/wireless-next
9a4f673eb08d wifi: ath12k: avoid dynamic alloc when parsing wmi tb
b6e39e48469e Merge git://git.kernel.org/pub/scm/linux/kernel/git/netdev/net
988ef706cdd8 PCI: sg2042: Avoid L0s and L1 on Sophgo 2042 PCIe Root Ports
5ccc76a87f1e PCI: cadence: Add flags for disabling ASPM capability for broken Root Ports
a86ca8698c88 PCI: tegra194: Add core monitor clock support
acd46d51f22f PCI: tegra194: Enable hardware hot reset mode in Endpoint mode
66861c592af8 PCI: tegra194: Enable DMA interrupt
323a6e370af5 PCI: tegra194: Remove IRQF_ONESHOT flag during Endpoint interrupt registration
f50e0c7d57b0 PCI: tegra194: Calibrate pipe to UPHY for Endpoint mode
01d36261ae33 PCI: tegra194: Assert CLKREQ# explicitly by default
34b3eef48d98 PCI: tegra194: Fix CBB timeout caused by DBI access before core power-on
f59df1d9e6bd PCI: tegra194: Disable L1.2 capability of Tegra234 EP
40805f32dcea PCI: dwc: Apply ECRC workaround to DesignWare 5.00a as well
ea60ca067f0f PCI: tegra194: Use DWC IP core version
8870f02f7868 PCI: tegra194: Free up Endpoint resources during remove()
c76f8eae7d46 PCI: tegra194: Allow system suspend when the Endpoint link is not up
b256493bf8ca PCI: tegra194: Set LTR message request before PCIe link up in Endpoint mode
976f6763f579 PCI: tegra194: Disable direct speed change for Endpoint mode
f62bc7917de1 PCI: tegra194: Use devm_gpiod_get_optional() to parse "nvidia,refclk-select"
40658a31b6e1 PCI: tegra194: Disable PERST# IRQ only in Endpoint mode
71d9f67701e1 PCI: tegra194: Don't force the device into the D0 state before L2
9fa0c242f8d7 PCI: tegra194: Disable LTSSM after transition to Detect on surprise link down
74dd8efe4d6c PCI: tegra194: Increase LTSSM poll time on surprise link down
adaffed907f1 PCI: tegra194: Fix polling delay for L2 state
65abaa9e722e wifi: ath12k: Use michael_mic() from cfg80211
8fb66931fe31 wifi: ath12k: Enable IPQ5424 WiFi device support
38cff745fa7c wifi: ath12k: Add CE remap hardware parameters for IPQ5424
7e2131ba332f wifi: ath12k: add ath12k_hw_regs for IPQ5424
74f5a619b1a6 wifi: ath12k: add ath12k_hw_version_map entry for IPQ5424
b1ad1a052bed wifi: ath12k: Add ath12k_hw_params for IPQ5424
0ec4b904be72 wifi: ath12k: Create symlink for each radio in a wiphy
7d7dc26f72ab wifi: ath12k: Skip adding inactive partner vdev info
af5708ed67fc wifi: ath12k: Support channel change stats
ba563287beaa wifi: ath12k: Rename hw_link_id to radio_idx in ath12k_ah_to_ar()
86782c16a81f Merge tag 'hyperv-fixes-signed-20260406' of git://git.kernel.org/pub/scm/linux/kernel/git/hyperv/linux
f3ddb8a9a97f PCI: dw-rockchip: Add pcie_ltssm_state_transition tracepoint support
88cc4cbe08bb PCI: imx6: Fix reference clock source selection for i.MX95
35bdb5dbacf3 PCI: hisi: Use devm_ghes_register_vendor_record_notifier()
a5210135489a Merge tag 'v7.0-rc7' into char-misc-next
d9cf7154deed PCI: cadence: Use cdns_pcie_read_sz() for byte or word read access
5573c44cb3fd PCI: mediatek-gen3: Prevent leaking IRQ domains when IRQ not found
12a22fb38cbb PCI: tegra194: Expose BAR2 (MSI-X) and BAR4 (DMA) as 64-bit BAR_RESERVED
5aec1f18b326 PCI: tegra194: Make BAR0 programmable and remove 1MB size limit
c54d5f5b3399 PCI: aspeed: Fix IRQ domain leak on platform_get_irq() failure
b6422dff0e51 PCI: hv: Fix double ida_free in hv_pci_probe error path
3a4e8302e72f PCI: imx6: Keep Root Port MSI capability with iMSI-RX to work around hardware bug
68c6d134edbf Merge tag 'mhi-for-v7.1' of ssh://gitolite.kernel.org/pub/scm/linux/kernel/git/mani/mhi into char-misc-next
ac12b852b4ea bus: mhi: host: pci_generic: Add Telit FE912C04 modem support
8ffb33d7709b Merge git://git.kernel.org/pub/scm/linux/kernel/git/netdev/net
445588a3b18b PCI: dwc: Fix type mismatch for kstrtou32_from_user() return value
e4cf6087cab3 net: qrtr: fix endian handling of confirm_rx field
2428083101f6 net: qrtr: replace qrtr_tx_flow radix_tree with xarray to fix memory leak
03f920936977 PCI: controller: Validate max-link-speed
126d04398cd4 PCI: j721e: Validate max-link-speed from DT
0f34f647f194 PCI: dwc: Use pcie_get_link_speed() helper for safe array access
99d986686331 PCI: sky1: Use boolean true for is_rc field
33a76fc3c3e6 PCI: qcom: Advertise Hotplug Slot Capability with no Command Completion support
698dab284b9d PCI: dwc: Expose PCIe event counters for groups 5 to 7 over debugfs
180ea823bb45 PCI: imx6: Separate PERST# assertion from core reset functions
192b8a1bf81c PCI: imx6: Change imx_pcie_deassert_core_reset() return type to void
5f73cf1db829 PCI: imx6: Skip waiting for L2/L3 Ready on i.MX6SX
1a152e21940a PCI: mediatek-gen3: Integrate new pwrctrl API
55482b95792b PCI: mediatek-gen3: Disable device if further setup fails
69b8d3ccf732 PCI: mediatek-gen3: Split out device power helpers
867054421c3b PCI: mediatek-gen3: Add error path for resume driver callbacks
cf417e61fc86 PCI: mediatek-gen3: Move controller setup steps before PERST# control
eddbac092e5f PCI: mediatek-gen3: Move mtk_pcie_setup_irq() out of mtk_pcie_setup()
98752193de5b PCI: mediatek-gen3: Clean up mtk_pcie_parse_port() with dev_err_probe()
7b3b1e5a87b2 PCI: hv: Set default NUMA node to 0 for devices without affinity info
5592d60ef2d8 Merge tag 'ath-next-20260324' of git://git.kernel.org/pub/scm/linux/kernel/git/ath/ath
4242625f2729 wifi: ath12k: Pass the correct value of each TID during a stop AMPDU session
72e76b63d6ff PCI: sky1: Fix missing cleanup of ECAM config on probe failure
13f55a7ca773 PCI: dwc: rcar-gen4: Change EPC BAR alignment to 4K as per the documentation
f761e0deb4d9 PCI: dwc: rcar-gen4: Mark BAR0 and BAR2 as Resizable BARs in endpoint mode
ab4a4043db1f PCI: mediatek: Fix possible truncation in mtk_pcie_parse_port()
b593c26d081a PCI: eswin: Add ESWIN PCIe Root Complex driver
ff124bbbca1d PCI/pwrctrl: generic: Rename pci-pwrctrl-slot as generic
f2d1643ddc0f bus: mhi: ep: Test for non-zero return value where applicable
37a23d6f1193 bus: mhi: host: Use kzalloc_flex
7bbb578fc43e wifi: ath12k: Remove unused DFS Unit Test definitions
e570593b568f wifi: ath12k: Clean up the WMI Unit Test command interface
0f08179c8c29 PCI: dwc: Disable BARs in common code instead of in each glue driver
5a95fecbdd42 PCI: dwc: Replace certain BAR_RESERVED with BAR_DISABLED in glue drivers
489d3abb4117 PCI: dw-rockchip: Describe RK3588 BAR4 DMA ctrl window
0834d6f4abd0 PCI: endpoint: Do not mark the BAR succeeding a 64-bit BAR as BAR_RESERVED
8197ec49a206 PCI: rzg3s-host: Add support for RZ/G3E PCIe controller
5e9a5af5c9a2 PCI: rzg3s-host: Add PCIe Gen3 (8.0 GT/s) link speed support
1e75d2e9a0e0 PCI: rzg3s-host: Explicitly set class code for RZ/G3E compatibility
5f2c4de71778 PCI: rzg3s-host: Add SoC-specific configuration and initialization callbacks
4ec4ccdaace4 PCI: rzg3s-host: Make configuration reset lines optional
346dd3422ed9 PCI: rzg3s-host: Make SYSC register offsets SoC-specific
d17a200a747b PCI: rzg3s-host: Rework inbound window algorithm for supporting RZ/G3E SoC
34735f63748d PCI: rzg3s-host: Reorder reset assertion during suspend
d284389d4576 PCI: rzg3s-host: Fix reset handling in probe error path
27401c9b1432 wifi: ath12k: Use .mbn firmware for AHB devices
edb5ca3262e2 PCI: dwc: Perform cleanup in the error path of dw_pcie_resume_noirq()
94cbea0f636b PCI: dwc: ep: Mirror the max link width and speed fields to all functions
271d0b1f058a PCI: dwc: ep: Fix MSI-X Table Size configuration in dw_pcie_ep_set_msix()
616217a989e0 wifi: ath12k: Fix legacy rate mapping for monitor mode capture
aecb569d7fb6 wifi: ath12k: Fix the assignment of logical link index
1635ecc61a24 wifi: ath12k: account TX stats only when ACK/BA status is present
08e6183ed256 wifi: move action code from per-type frame structs
f227b246307e bus: mhi: host: pci_generic: Add pm_runtime_forbid() in remove callback
cfdb41adf1c2 bus: mhi: host: pci_generic: Switch to async power up to avoid boot delays
54b022f162a7 bus: mhi: host: pci_generic: Add NMEA channels to FN920C04 and FN990A
8bd1254c92c9 bus: mhi: host: pci_generic: Enable IP_SW and IP_ETH channels for Qcom QDU100 device
0b1324cdd8de Merge git://git.kernel.org/pub/scm/linux/kernel/git/netdev/net
abacaf559950 Merge tag 'net-7.0-rc3' of git://git.kernel.org/pub/scm/linux/kernel/git/netdev/net
df5d8fb6fe55 PCI: qilai: Add Andes QiLai SoC PCIe host driver support
c64760e0bce2 Merge tag 'ath-next-20260303' of https://git.kernel.org/pub/scm/linux/kernel/git/ath/ath
9003a0e3b6a7 Merge tag 'ath-current-20260302' of git://git.kernel.org/pub/scm/linux/kernel/git/ath/ath
56435b70f778 PCI: amd-mdb: Correct IRQ number in INTx error message
cf7cbf97c630 wifi: ath12k: Remove the unused argument from the Rx data path
80a1147469b0 wifi: ath12k: Enable monitor mode support on IPQ5332
f33a8e418268 wifi: ath12k: Set up MLO after SSR
5e5ea39ff552 PCI: dwc: Remove not-going-to-be-supported code for Baikal SoC
e098c26b3524 wifi: mac80211: fetch unsolicited probe response template by link ID
0495b6413215 wifi: mac80211: fetch FILS discovery template by link ID
6a7084102bb9 bus: mhi: host: pci_generic: Add Qualcomm SDX35 modem
151322bccdbd wifi: ath12k: add basic hwmon temperature reporting
0ef4738f0d38 wifi: ath12k: fix indentation in ath12k_qmi_aux_uc_load()
7259b1a0e54c wifi: ath12k: fix station lookup failure when disconnecting from AP
8f153eb74546 wifi: ath12k: use correct pdev id when requesting firmware stats
eed390775470 PCI: dwc: Proceed with system suspend even if the endpoint doesn't respond with PME_TO_Ack message
3b55079d6387 PCI: imx6: Fix device node reference leak in imx_pcie_probe()
e36262c5e6c2 PCI: layerscape: Allow to compile as module
c22533c66cca PCI: dwc: ep: Flush MSI-X write before unmapping its ATU entry
468711a40d5d PCI: dwc: ep: Refresh MSI Message Address cache on change
189f164e573e Convert remaining multi-line kmalloc_obj/flex GFP_KERNEL uses
32a92f8c8932 Convert more 'alloc_obj' cases to default GFP_KERNEL arguments
323bbfcf1ef8 Convert 'alloc_flex' family to use the new default GFP_KERNEL argument
bf4afc53b77a Convert 'alloc_obj' family to use the new default GFP_KERNEL argument
69050f8d6d07 treewide: Replace kmalloc with kmalloc_obj for non-scalar types
3f6eb5a6d27b Merge tag 'pci-v7.0-fixes-1' of git://git.kernel.org/pub/scm/linux/kernel/git/pci/pci
d31558c077d8 Merge tag 'hyperv-next-signed-20260218' of git://git.kernel.org/pub/scm/linux/kernel/git/hyperv/linux
8c746e220965 PCI: dwc: ep: Always clear IB maps on BAR update
88a71941b90d PCI: dwc: ep: Return after clearing BAR-match inbound mapping
505d195b0f96 Merge tag 'char-misc-7.0-rc1' of git://git.kernel.org/pub/scm/linux/kernel/git/gregkh/char-misc
37a93dd5c49b Merge tag 'net-next-7.0' of git://git.kernel.org/pub/scm/linux/kernel/git/netdev/net-next
1c2b4a4c2bcb Merge tag 'pci-v7.0-changes' of git://git.kernel.org/pub/scm/linux/kernel/git/pci/pci
3381d7b2b3dd Merge tag 'irq-msi-2026-02-09' of git://git.kernel.org/pub/scm/linux/kernel/git/tip/tip
522a46affdce Merge branch 'pci/controller/misc'
f4e40035d7e7 Merge branch 'pci/controller/xilinx'
bf1676e97214 Merge branch 'pci/controller/tegra194'
5b4e5be1ccb4 Merge branch 'pci/controller/tegra'
751776ffaeaf Merge branch 'pci/controller/rzg3s-host'
7e4d2a0dae71 Merge branch 'pci/controller/plda-starfive'
d13a9ea19744 Merge branch 'pci/controller/mediatek'
7d24571321b5 Merge branch 'pci/controller/generic'
5457880be10a Merge branch 'pci/controller/dwc-sophgo'
42e8a4ef13dc Merge branch 'pci/controller/dwc-rockchip'
a1dd5e7a30c1 Merge branch 'pci/controller/dwc-qcom-ep'
9b2e9baa9fd4 Merge branch 'pci/controller/dwc-qcom'
d375df113c91 Merge branch 'pci/controller/dwc-nxp-s32g'
62dea8718b7a Merge branch 'pci/controller/dwc-imx6'
93c398be499a Merge branch 'pci/controller/dwc'
cb3ca564682a Merge branch 'pci/controller/cadence-j721e'
9a8217395120 Merge branch 'pci/controller/cadence'
a8a811cb3cf4 Merge branch 'pci/controller/aspeed'
3a11167d918a PCI: host-generic: Avoid reporting incorrect 'missing reg property' error
e43e2aa55704 PCI: rzg3s-host: Fix device node reference leak in rzg3s_pcie_host_parse_port()
43d324eeb08c PCI: dwc: Fix missing iATU setup when ECAM is enabled
b5dab9b38da0 PCI: dwc: Clean up iATU index usage in dw_pcie_iatu_setup()
58fbf08935d9 PCI: dwc: Fix msg_atu_index assignment
93f039fe7a77 PCI: hv: remove unnecessary module_init/exit functions
90fb0a25f654 PCI: hv: Remove unused field pci_bus in struct hv_pcibus_device
e3c3a5d25dc0 PCI: dwc: ep: Add comment explaining controller level PTM access in multi PF setup
72cb5ed2a5c6 PCI: dwc: ep: Add per-PF BAR and inbound ATU mapping support
b79e0875fe81 PCI: s32g: Skip Root Port removal during success
19dd0cc36a52 Merge tag 'ath-next-20260202' of git://git.kernel.org/pub/scm/linux/kernel/git/ath/ath
43d67ec26b32 PCI: dwc: ep: Fix resizable BAR support for multi-PF configurations
2c1ba9c2adf0 wifi: ath12k: clear stale link mapping of ahvif->links_map
05e810c8cffb wifi: ath12k: Add support TX hardware queue stats
f20de310882d wifi: ath12k: Add support RX PDEV stats
e4763898bb13 wifi: ath12k: Fix index decrement when array_len is zero
7b789ea39045 wifi: ath12k: support OBSS PD configuration for AP mode
6dbd496a170b wifi: ath12k: add WMI support for spatial reuse parameter configuration
303c1a66a220 Merge tag 'wireless-next-2026-01-29' of https://git.kernel.org/pub/scm/linux/kernel/git/wireless/wireless-next
cc839bef7727 PCI: dwc: ep: Support BAR subrange inbound mapping via Address Match Mode iATU
c0f1506f6354 PCI: dwc: Advertise dynamic inbound mapping support
dbd91d4f55ac Merge 6.19-rc7 into char-misc-next
0ecd890e3cf5 PCI: dwc: Rename dw_pcie_rp::has_msi_ctrl to dw_pcie_rp::use_imsi_rx for clarity
8a214f64554c PCI: dwc: Fix grammar and formatting for comment in dw_pcie_remove_ext_capability()
9abf22075da9 Merge git://git.kernel.org/pub/scm/linux/kernel/git/netdev/net
9146fe282990 Merge tag 'wireless-2026-11-22' of https://git.kernel.org/pub/scm/linux/kernel/git/wireless/wireless
e9a5415adb20 PCI: dwc: Use multiple iATU windows for mapping large bridge windows and DMA ranges
86291f774fe8 PCI: dwc: Remove duplicate dw_pcie_ep_hide_ext_capability() function
58a17b2647ba PCI: dwc: Skip waiting for L2/L3 Ready if dw_pcie_rp::skip_l23_wait is true
86cbb7a81068 PCI: dwc: Fail dw_pcie_host_init() if dw_pcie_wait_for_link() returns -ETIMEDOUT
d266f63b385a PCI: dwc: Rework the error print of dw_pcie_wait_for_link()
36dd677f7d76 PCI: dwc: Rename and move ltssm_status_string() to pcie-designware.c
01d16b8afb7a PCI: dwc: Return -EIO from dw_pcie_wait_for_link() if device is not active
1bcf245c837b PCI: dwc: Return -ENODEV from dw_pcie_wait_for_link() if device is not found
a152a90f5390 PCI: imx6: Clear CLKREQ# override if 'supports-clkreq' DT property is available
27a064aba2da PCI: imx6: Add CLKREQ# override to enable REFCLK for i.MX95 PCIe
c577ce2881f9 PCI: dwc: Invoke post_init in dw_pcie_resume_noirq()
8d8db7dbf218 PCI: qcom: Rename PERST# assert/deassert helpers for uniformity
740aeaf40f0b Merge tag 'mhi-for-v6.20' of ssh://gitolite.kernel.org/pub/scm/linux/kernel/git/mani/mhi into char-misc-next
58614046254f PCI: qcom: Drop the assert_perst() callbacks
b921aa3f8dec PCI/pwrctrl: Switch to pwrctrl create, power on/off, destroy APIs
c27022497dd9 Merge git://git.kernel.org/pub/scm/linux/kernel/git/netdev/net
d8e1f4a19310 wifi: ath12k: enable QCC2072 support
853deed04be3 wifi: ath12k: fix PCIE_LOCAL_REG_QRTR_NODE_ID definition for QCC2072
d6c5d412f600 wifi: ath12k: send peer meta data version to firmware
d518b2d601ac wifi: ath12k: limit number of channels per WMI command
37b34a1c545a wifi: ath12k: handle REO status ring for QCC2072
b7ffeb0f62fd wifi: ath12k: handle REO CMD ring for QCC2072
023ace9f9232 wifi: ath12k: add hardware ops support for QCC2072
28badc78142e wifi: ath12k: add HAL descriptor and ops for QCC2072
b065ccf4193e wifi: ath12k: support downloading auxiliary ucode image for QCC2072
68cc3ac88118 wifi: ath12k: support LPASS_SHARED target memory type
12048e2c052b wifi: ath12k: add hardware parameters for QCC2072
089e0e746d59 wifi: ath12k: add hardware registers for QCC2072
b5151c9b6e3a wifi: ath12k: fix mac phy capability parsing
6281d4f4df22 wifi: ath12k: refactor 320 MHz bandwidth support parsing
7f852de00032 wifi: ath12k: fix preferred hardware mode calculation
1f165022d5f0 wifi: ath12k: refactor REO status ring handling
9615a6727e9d wifi: ath12k: refactor REO CMD ring handling
7a6b6386deb7 wifi: ath12k: refactor PCI window register access
e62102ac9b77 wifi: ath12k: do WoW offloads only on primary link
40feb23c7263 wifi: ath12k: clean up on error in ath12k_dp_setup()
8fb264d1a0c5 wifi: ath12k: remove redundant pci_set_drvdata() call
9269caf5a7ff wifi: ath11k: fix comment typo in monitor mode handling
b5d712e5b87f PCI: dw-rockchip: Disable BAR 0 and BAR 1 for Root Port
31707572108d wifi: ath12k: Fix wrong P2P device link id issue
f88e9fc30a26 wifi: ath12k: fix dead lock while flushing management frames
8b8d6ee53dfd wifi: ath12k: Fix scan state stuck in ABORTING after cancel_remain_on_channel
39c90b1a1dbe wifi: ath12k: cancel scan only on active scan vdev
5b026a9e714d PCI: qcom-ep: Add support for firmware-managed PCIe Endpoint
613f3255a35a PCI: sophgo: Disable L0s and L1 on Sophgo 2044 PCIe Root Ports
05a75df4182e PCI: starfive: Use regulator APIs to control the 3v3 power supply of PCIe slots
1fed08c5519d wifi: ath12k: don't force radio frequency check in freq_to_idx()
bb97131fbf9b wifi: ath12k: fix dma_free_coherent() pointer
4ea5bebe17ba Merge tag 'ath-next-20260105' of git://git.kernel.org/pub/scm/linux/kernel/git/ath/ath
6b5e2f70a95c PCI: dwc: tegra194: Broaden architecture dependency
df27c03b9e3e PCI: meson: Report that link is up while in ASPM L0s and L1 states
91a0b0dce350 bus: mhi: ep: Use bus callbacks for .probe() and .remove()
8535df5dd64e bus: mhi: host: Use bus callbacks for .probe() and .remove()
4a9ba211d026 bus: mhi: host: Drop the auto_queue support
51731792a25c net: qrtr: Drop the MHI auto_queue feature for IPCR DL channels
2fd60a2edb83 PCI: qcom: Parse PERST# from all PCIe bridge nodes
0cc13256b605 PCI: qcom: Remove ASPM L0s support for MSM8996 SoC
62d4911290f9 PCI: rzg3s-host: Drop the lock on RZG3S_PCI_MSIRS and RZG3S_PCI_PINTRCVIS
4b86eff47e20 PCI: rzg3s-host: Use pci_generic_config_write() for the root bus
68ac85fb42cf PCI: dwc: Use cfg0_base as iMSI-RX target address to support 32-bit MSI devices
0297dce758a0 PCI: cadence: Avoid signed 64-bit truncation and invalid sort
aac5ba6acc79 PCI: tegra: Allow building as a module
820c866c42de mhi: host: Add support for loading dual ELF image format
9aa0cb68fcc1 PCI: aspeed: Add ASPEED PCIe RC driver
d8574ce57d76 PCI: imx6: Add external reference clock input mode support
f42b3c053b15 PCI: xilinx: Fix INTx IRQ domain leak in error paths
8719c64e76bf PCI: dwc: ep: Cache MSI outbound iATU mapping
142d5869f6ee Revert "PCI: dwc: Don't wait for link up if driver can detect Link Up event"
9a9793b55854 Revert "PCI: qcom: Enumerate endpoints based on Link up event in 'global_irq' interrupt"
7ebdefb87942 Revert "PCI: qcom: Enable MSI interrupts together with Link up if 'Global IRQ' is supported"
e9ce5b380443 Revert "PCI: qcom: Don't wait for link if we can detect Link Up"
180c3cfe3678 Revert "PCI: dw-rockchip: Enumerate endpoints based on dll_link_up IRQ"
fc6298086bfa Revert "PCI: dw-rockchip: Don't wait for link since we can detect Link Up"
cfd2fdfd0a8d PCI: dwc: Skip PME_Turn_Off broadcast and L2/L3 transition during suspend if link is not up
f994bb8f1c94 PCI: dw-rockchip: Change get_ltssm() to provide L1 Substates info
679ec639f29c PCI: dwc: Add L1 Substates context to ltssm_status of debugfs
7f0cdcddf8be PCI: mediatek: Fix IRQ domain leak when MSI allocation fails
4b361b1e92be PCI: j721e: Add config guards for Cadence Host and Endpoint library APIs
6a1394990902 PCI: qcom: Remove DPC Extended Capability
7c29cd0fdc07 PCI: qcom: Remove MSI-X Capability for Root Ports
f5cd8a929c82 PCI: dwc: Remove MSI/MSIX capability for Root Port if iMSI-RX is used as MSI controller
0183562f1e82 PCI: dwc: Add new APIs to remove standard and extended Capability
a2582e05e39a PCI: Add preceding capability position support in PCI_FIND_NEXT_*_CAP macros
57833f84f6f5 PCI: rcar-host: Add OF Kconfig dependency to avoid objtool no-cfi warning
eaf290c404f7 PCI: dwc: Enable MSI affinity support
f1875091a01d PCI: dwc: Code cleanup
631ee338f04d Merge branch 'ath12k-ng' into ath-next
41572e2c05e5 Merge tag 'pci-v6.19-fixes-1' of git://git.kernel.org/pub/scm/linux/kernel/git/pci/pci
94bf74830a97 PCI: rzg3s-host: Initialize MSI status bitmap before use
5a58414fe107 wifi: ath12k: Skip DP peer creation for scan vdev
83bd89291f5c Merge tag 'char-misc-6.19-rc1' of git://git.kernel.org/pub/scm/linux/kernel/git/gregkh/char-misc
43dfc13ca972 Merge tag 'pci-v6.19-changes' of git://git.kernel.org/pub/scm/linux/kernel/git/pci/pci
8f7aa3d3c732 Merge tag 'net-next-6.19' of git://git.kernel.org/pub/scm/linux/kernel/git/netdev/net-next
9f1aa395ad78 Merge branch 'pci/pwrctrl-tc9563'
7a13e837d20f Merge branch 'pci/controller/stm32'
388f9a600f10 Merge branch 'pci/controller/spacemit-k1'
80a4441ce304 Merge branch 'pci/controller/sky1'
af257c730f04 Merge branch 'pci/controller/sg2042'
dfb77c81a683 Merge branch 'pci/controller/s32g'
c934541253d0 Merge branch 'pci/controller/rzg3s-host'
e4f4424f062d Merge branch 'pci/controller/rcar-gen2'
368485218c7a Merge branch 'pci/controller/qcom'
88b8b5b3eab2 Merge branch 'pci/controller/meson'
9563c343d921 Merge branch 'pci/controller/mediatek'
5606b7bad00c Merge branch 'pci/controller/keystone'
51f8276926bc Merge branch 'pci/controller/j721e'
30418204caa4 Merge branch 'pci/controller/ixp4xx'
dddd6122d026 Merge branch 'pci/controller/dw-rockchip'
2b12e31cb39d Merge branch 'pci/controller/dwc'
f4620f6216db Merge branch 'pci/controller/brcmstb'
12390db236b3 Merge branch 'pci/controller/host-common'
a0d9f2c08f45 PCI: sky1: Add PCIe host support for CIX Sky1
8babd8afe58a PCI: cadence: Add support for High Perf Architecture (HPA) controller
5cbc7d3e316e PCI: s32g: Add NXP S32G PCIe controller driver (RC)
045ad2c623d6 PCI: dwc: Add register and bitfield definitions
9ce62ebbb7b2 Merge tag 'irq-msi-2025-11-30' of git://git.kernel.org/pub/scm/linux/kernel/git/tip/tip
7ef502fb35b2 PCI: Add Renesas RZ/G3S host controller driver
b1e24e05e140 PCI: host-generic: Move bridge allocation outside of pci_host_common_init()
b5e719f26107 PCI: dw-rockchip: Configure L1SS support
07c99eac0bc2 PCI: tegra194: Remove unnecessary L1SS disable code
a00bba406b5a PCI: dwc: Advertise L1 PM Substates only if driver requests it
bcc9a4a0bca3 PCI: dwc: Fix wrong PORT_LOGIC_LTSSM_STATE_MASK definition
4f32612f6a4e PCI: iproc: Implement MSI controller node detection with of_msi_xlate()
fb64bf480691 Merge tag 'mhi-for-v6.19' of ssh://gitolite.kernel.org/pub/scm/linux/kernel/git/mani/mhi into char-misc-next
ac35e04f8000 bus: mhi: host: pci_generic: Add Foxconn T99W760 modem
a1e19289932a wifi: ath12k: move firmware stats request outside of atomic context
5a384854d81f wifi: ath12k: add the missing RCU lock in ath12k_dp_tx_free_txbuf()
8bf3ad767587 PCI: qcom: Implement .assert_perst()
3445d3820770 PCI: dwc: Implement .assert_perst() for dwc glue drivers
cfa3c76e059a PCI: stm32: Don't use 'proxy' headers
ff529a9307a0 PCI: stm32: Fix EP page_size alignment
fa81d6099007 PCI: stm32: Fix LTSSM EP race with start link
ff64e078e45f PCI: spacemit: Add SpacemiT PCIe host driver
b80a7b4713c9 PCI: cadence: Move PCIe RP common functions to a separate file
3977be25f5fd PCI: cadence: Split PCIe controller header file
611627a4e5e4 PCI: cadence: Add module support for platform controller driver
444a43bf3c02 PCI: j721e: Use 'pcie->reset_gpio' directly and drop the local variable
6fad11c61d0d PCI: j721e: Use devm_clk_get_optional_enabled() to get and enable the clock
bc10d0ad540d PCI: keystone: Add support to build as a loadable module
5aa84c034a36 PCI: dwc: Export dw_pcie_allocate_domains() and dw_pcie_ep_raise_msix_irq()
95d9c3f0e454 PCI: keystone: Exit ks_pcie_probe() for invalid mode
8d4ec3fbb15e PCI: brcmstb: Add panic/die handler to driver
a3f00f24d670 PCI: brcmstb: Add a way to indicate if PCIe bridge is active
0eb272033b64 Merge tag 'ath-next-20251111' of git://git.kernel.org/pub/scm/linux/kernel/git/ath/ath
7cd7392a0778 wifi: ath12k: Remove Wi-Fi 7 header dependencies from common ath12k module
965aea91545a wifi: ath12k: Move MSDU END TLV processing to Wi-Fi 7 module
5db19c488413 wifi: ath12k: Move MU user processing to Wi-Fi 7 module
e5419861e415 wifi: ath12k: Move remaining SIG TLV parsing to Wi-Fi 7 module
00b67b7c44b4 wifi: ath12k: Move EHT SIG processing to Wi-Fi 7 module
dde5748c2940 wifi: ath12k: Move HE SIG processing to Wi-Fi 7 module
f4bcbaebf411 wifi: ath12k: Move HT/VHT SIG processing to Wi-Fi 7 module
52758ff7b50a wifi: ath12k: Move TX monitor functionality to Wi-Fi 7 module
e475119ba251 wifi: ath12k: Move RX status TLV parsing to Wi-Fi 7 module
906b5ac9c2b5 wifi: ath12k: Move MPDU pop functionality to Wi-Fi 7 module
e00164657ce8 wifi: ath12k: Move monitor status processing to Wi-Fi 7 module
24b21a9be2c9 wifi: ath12k: Move monitor ring processing to Wi-Fi 7 module
9e24bdfecdb0 bus: mhi: ep: add WQ_PERCPU to alloc_workqueue users
eff0306b109f PCI: meson: Fix parsing the DBI register region
1ec9871fbb80 Merge git://git.kernel.org/pub/scm/linux/kernel/git/netdev/net
c2c2ccfd4ba7 Merge tag 'net-6.18-rc5' of git://git.kernel.org/pub/scm/linux/kernel/git/netdev/net
2977567b244f wifi: ath12k: Fix timeout error during beacon stats retrieval
bd6ec8111e65 wifi: ath12k: Make firmware stats reset caller-driven
9b73cdad5889 Merge tag 'wireless-next-2025-11-05' of https://git.kernel.org/pub/scm/linux/kernel/git/wireless/wireless-next
2f6adeaf92c4 Merge tag 'ath-next-20251103' of git://git.kernel.org/pub/scm/linux/kernel/git/ath/ath into wireless-next
4c740c4d8bac Merge tag 'ath-current-20251103' of git://git.kernel.org/pub/scm/linux/kernel/git/ath/ath
f87034a7576f wifi: ath12k: Replace lock/unlock with guard()
96b42732bc75 wifi: ath12k: Use dp objects in performance critical paths
219dd14992fc wifi: ath12k: Build all the files in wifi7 directory into ath12k_wifi7.ko
951cca9cc68d wifi: ath12k: Remove arch-specific HAL dependencies from common DP
147daefc59f0 wifi: ath12k: Move ath12k_dp_rx_get_peer_id API to Wi-Fi 7
d43133a38b0c wifi: ath12k: Move ath12k_dp_rx_frags_cleanup API to Wi-Fi 7
c87060251024 wifi: ath12k: Remove the wifi7 header inclusions in common code
c26f294fef2a wifi: ath12k: Move ieee80211_ops callback to the arch specific module
05774dffb974 wifi: ath12k: Add helper to free DP link peer
35fcf4fa196c wifi: ath12k: Move DP specific link stats to DP link peer
775fe5acc18d wifi: ath12k: Move DP device stats to ath12k_dp
73c928346d09 wifi: ath12k: Add callbacks in arch_ops for rx APIs
85cb0757d7e1 net: Convert proto_ops connect() callbacks to use sockaddr_unsized
0e50474fa514 net: Convert proto_ops bind() callbacks to use sockaddr_unsized
f414f9fd6879 Merge tag 'pci-v6.18-fixes-4' of git://git.kernel.org/pub/scm/linux/kernel/git/pci/pci
50433f6eeaed PCI: qcom: Use frequency and level based OPP lookup
057f1652feb9 Revert "PCI: qcom: Remove custom ASPM enablement code"
e5763491237f Merge tag 'net-6.18-rc4' of git://git.kernel.org/pub/scm/linux/kernel/git/netdev/net
e70515039d44 wifi: ath12k: unassign arvif on scan vdev create failure
448bf7b51426 wifi: ath12k: enforce vdev limit in ath12k_mac_vdev_create()
09486128caef wifi: ath12k: Set EHT fixed rates for associated STAs
5ee9cb2c236b wifi: ath12k: add EHT rates to ath12k_mac_op_set_bitrate_mask()
ab31a9b73c95 wifi: ath12k: Add EHT fixed GI/LTF
6c95151e2e77 wifi: ath12k: Add EHT MCS/NSS rates to Peer Assoc
ec1d9b79be5d wifi: ath12k: add EHT rate handling to existing set rate functions
770bff79424b wifi: ath12k: generalize GI and LTF fixed rate functions
088a099690e4 wifi: ath12k: fix error handling in creating hardware group
00575bb44b2c wifi: ath12k: fix reusing m3 memory
be5febd51c47 wifi: ath12k: fix potential memory leak in ath12k_wow_arp_ns_offload()
9222582ec524 Revert "wifi: ath12k: Fix missing station power save configuration"
9583f9d22991 PCI: brcmstb: Fix disabling L0s capability
b37b6095a94e PCI: vmd: Switch to pci_bus_find_emul_domain_nr()
bcce8c74f1ce PCI: Enable host bridge emulation for PCI_DOMAINS_GENERIC platforms
6633dca572d8 wifi: ath12k: Add lockdep warn for RCU
11157e0910fd wifi: ath12k: Use ath12k_dp_peer in per packet Tx & Rx paths
5525f12fa671 wifi: ath12k: Attach and detach ath12k_dp_link_peer to ath12k_dp_peer
ee16dcf573d5 wifi: ath12k: Define ath12k_dp_peer structure & APIs for create & delete
a88cf5f71adf wifi: ath12k: Add hash table for ath12k_dp_link_peer
0cafe8cc8566 wifi: ath12k: Move ath12k_dp_link_peer list from ath12k_base to ath12k_dp
57ccca410237 wifi: ath12k: Add hash table for ath12k_link_sta in ath12k_base
9e0b56a33384 wifi: ath12k: Rename ath12k_peer to ath12k_dp_link_peer
07174dc94269 wifi: ath12k: Move DP related functions from peer.c to dp_peer.c file
31009296f8ff Merge tag 'pci-v6.18-fixes-3' of git://git.kernel.org/pub/scm/linux/kernel/git/pci/pci
197498315de7 wifi: ath12k: Assert base_lock is held before allocating REO update element
a41281f6518e wifi: ath12k: restore register window after global reset
f7746cfcdbc5 wifi: ath12k: add support for BSS color change
a83155cc4ec5 Merge tag 'wireless-2025-10-23' of https://git.kernel.org/pub/scm/linux/kernel/git/wireless/wireless
d312742f6865 PCI: rcar-gen2: Drop ARM dependency from PCI_RCAR_GEN2
09150ab1a7d2 PCI: mediatek: Add support for Airoha AN7583 SoC
2d58bc777728 PCI: mediatek: Use generic MACRO for TPVPERL delay
04305367fab7 PCI: mediatek: Convert bool to single quirks entry and bitmap
fc2bc2623e3a Revert "PCI: qcom: Prepare for the DWC ECAM enablement"
a1978b692a39 PCI: dwc: Use custom pci_ops for root bus DBI vs ECAM config access
d36978846728 Merge tag 'ath-current-20251006' of git://git.kernel.org/pub/scm/linux/kernel/git/ath/ath
932ec9dff6da PCI: sg2042: Fix a reference count issue in sg2042_pcie_remove()
d2713dfda04e PCI: ixp4xx: Guard ARM32-specific hook_fault_code()
c930b10f17c0 PCI: dw-rockchip: Simplify regulator setup with devm_regulator_get_enable_optional()
38e3a9408496 wifi: ath12k: Add MODULE_FIRMWARE() entries
e433110eb5bf PCI: vmd: Override irq_startup()/irq_shutdown() in vmd_init_dev_msi_info()
9c5f229b1312 wifi: ath12k: fix TX and RX MCS rate configurations in HE mode
8c21b32c2cc8 wifi: ath12k: fix VHT MCS assignment
b94f523cc5a1 wifi: ath12k: Fix NSS value update in ext_rx_stats
6917e268c433 wifi: ath12k: Defer vdev bring-up until CSA finalize to avoid stale beacon
43ba986e7ac7 wifi: ath12k: track dropped MSDU buffer type packets in REO exception ring
36f9edbb9d0f wifi: ath12k: Fix MSDU buffer types handling in RX error path
d34a368be24d wifi: ath12k: Remove struct wmi_bcn_send_from_host_cmd
6eaee77923dd bus: mhi: host: pci_generic: Add Telit FE990B40 modem support
a58b20aa3f89 bus: mhi: ep: Make mhi_ep_bus_type const
d6fc45100aa8 PCI: cadence: Search for MSI Capability with correct ID
25122460e7f9 wifi: ath12k: Drop hal_ prefix from hardware register names
49ba5debad42 wifi: ath12k: Rename hal_ops to ops
6250af607309 wifi: ath12k: Remove the unused ring inits in wcn
2bb41934527d wifi: ath12k: Segregate the common and wifi7 specific structures
ea23813a2e44 wifi: ath12k: Move HAL Cookie Conversion and RBM related APIs to wifi7 directory
17540a7c9b36 wifi: ath12k: Move HAL REO and Rx buf related APIs to wifi7 directory
356942d328a4 wifi: ath12k: Move HAL Tx, REO and link idle setup related APIs to wifi7 directory
eba935ec922f wifi: ath12k: Move HAL CE status and set link desc addr APIs to wifi7 directory
3d947cef0a51 wifi: ath12k: Move HAL CE desc related APIs to wifi7 directory
cb419f582f36 wifi: ath12k: Move HAL SRNG shadow config and get ring id APIs to wifi7 directory
e9f00e22963e wifi: ath12k: Move HAL CE setup and SRNG related APIs to wifi7 directory
b38213660ab9 wifi: ath12k: Use hal handle instead of ab handle
a337bff1db71 wifi: ath12k: Add direct HAL pointer in ath12k_dp
492dea1892da wifi: ath12k: Move hal_params and regs to hal from hw
1c1d4b491d20 wifi: ath12k: Move wbm_rbm_map to hw specific hal files
369cb192c2ec wifi: ath12k: Initialize hal_ops through hal_init
74ed243dad18 wifi: ath12k: Initialize desc_size through hal_init
c0600b35e08d wifi: ath12k: Move srng config and hal_ops to hw specific hal files
c57176c0dad9 wifi: ath12k: Rearrange PPDU radio stats
9e0ee04f818f wifi: ath12k: Refactor data path pdev struct
2f2c7254931f Merge tag 'pci-v6.18-changes' of git://git.kernel.org/pub/scm/linux/kernel/git/pci/pci
92282074e1d2 wifi: ath12k: free skb during idr cleanup callback
6093a688a07d Merge tag 'char-misc-6.18-rc1' of git://git.kernel.org/pub/scm/linux/kernel/git/gregkh/char-misc
43c59341487d Merge branch 'pci/controller/xilinx-nwl'
7fe17980cb4e Merge branch 'pci/controller/xgene'
c4c50d8da88c Merge branch 'pci/controller/tegra'
30eccd3b7d2f Merge branch 'pci/controller/stm32'
0157e111db7d Merge branch 'pci/controller/sophgo'
2ee6181ffdb8 Merge branch 'pci/controller/rcar-host'
86a3f3db9a0f Merge branch 'pci/controller/rcar-gen4'
531abff0fa53 Merge branch 'pci/controller/qcom'
93f32da3d409 Merge branch 'pci/controller/plda'
dde4b05e26c5 Merge branch 'pci/controller/mediatek-gen3'
836eec3a7c6f Merge branch 'pci/controller/keystone'
da72dcc28eb7 Merge branch 'pci/controller/j721e'
efe4466add2f Merge branch 'pci/controller/imx6'
5611712af3e6 Merge branch 'pci/controller/hv'
0a09e23176be Merge branch 'pci/controller/dwc-edma'
f2b2fcf6d64e Merge branch 'pci/controller/dwc'
df1d435baafa Merge branch 'pci/controller/amd-mdb'
f26502c7b895 Merge branch 'pci/endpoint'
fef353037982 Merge branch 'pci/capability-search'
07fdad3a9375 Merge tag 'net-next-6.18' of git://git.kernel.org/pub/scm/linux/kernel/git/netdev/net-next
77633c77eee3 Merge tag 'bitmap-for-6.18' of https://github.com/norov/linux
38057e323657 Merge tag 'soc-drivers-6.18' of git://git.kernel.org/pub/scm/linux/kernel/git/soc/soc
151f3d29baf4 PCI: stm32-ep: Add PCIe Endpoint support for STM32MP25
63a562b33a9c PCI: stm32: Add PCIe host support for STM32MP25
af66c7640cf9 wifi: ath12k: Refactor ath12k_vif structure
39538dc8860a wifi: ath12k: Add framework for hardware specific DP interrupt handler
914c890d3b90 wifi: ath12k: Add framework for hardware specific ieee80211_ops registration
8042e30acd1f wifi: ath12k: Rearrange DP fields in ath12k_hw_group struct
614c23e24ee8 wifi: ath12k: Support arch-specific DP device allocation
3a52762b539f wifi: ath12k: Convert ath12k_dp member in ath12k_base to pointer
98a4f5b73592 PCI: xilinx-nwl: Fix ECAM programming
cfcd6cab2f33 PCI: j721e: Fix incorrect error message in probe()
e51d05f523e4 PCI: keystone: Use devm_request_irq() to free "ks-pcie-error-irq" on exit
cef730075cfe PCI: dwc: Support 16-lane operation
5ed35b4d490d PCI: rcar-host: Convert struct rcar_msi mask_lock into raw spinlock
e1bd928479fb PCI: tegra194: Rename 'root_bus' to 'root_port_bus' in tegra_pcie_downstream_dev_to_D0()
26fda92d3b56 PCI: tegra: Convert struct tegra_msi mask_lock into raw spinlock
2bdf1d428f48 PCI: rcar-gen4: Fix inverted break condition in PHY initialization
0056d29f8c1b PCI: rcar-gen4: Assure reset occurs before DBI access
8795b7058177 PCI: rcar-gen4: Add missing 1ms delay after PWR reset assertion
0a8f173d9dad PCI: rcar-host: Drop PMSR spinlock
0da48c5b2fa7 PCI: dwc: Support ECAM mechanism by enabling iATU 'CFG Shift Feature'
4660e50cf818 PCI: qcom: Prepare for the DWC ECAM enablement
f6fd357f7afb PCI: dwc: Prepare the driver for enabling ECAM mechanism using iATU 'CFG Shift Feature'
c96992a24bec PCI: dwc: Add support for ELBI resource mapping
f8c9ad46b004 PCI: tegra194: Handle errors in BPMP response
42f9c66a6d0c PCI: tegra194: Reset BARs when running in PCIe endpoint mode
82f1cc171ce9 PCI: tegra194: Set pci_epc_features::msi_capable to true
b640d42a6ac9 PCI: tegra194: Fix broken tegra_pcie_ep_raise_msi_irq()
a729c1664619 PCI: qcom: Remove custom ASPM enablement code
d943fa61aeeb Merge tag 'mhi-for-v6.18' of ssh://gitolite.kernel.org/pub/scm/linux/kernel/git/mani/mhi into char-misc-next
2d6a229ecc2d Merge tag 'ath-next-20250922' of git://git.kernel.org/pub/scm/linux/kernel/git/ath/ath
9eb6f553026e wifi: ath12k: enforce CPU endian format for all QMI data
b706fb4e580b wifi: ath12k: Use 1KB Cache Flush Command for QoS TID Descriptors
5e32edc69425 wifi: ath12k: Fix flush cache failure during RX queue update
3bf2e57e7d6c wifi: ath12k: Add Retry Mechanism for REO RX Queue Update Failures
6a0198510584 wifi: ath12k: Refactor REO command to use ath12k_dp_rx_tid_rxq
f829a1f8f275 wifi: ath12k: Refactor RX TID buffer cleanup into helper function
7c32476253f1 wifi: ath12k: Refactor RX TID deletion handling into helper function
82993345aef6 wifi: ath12k: Increase DP_REO_CMD_RING_SIZE to 256
4f152338e384 PCI: tegra194: Fix duplicate PLL disable in pex_ep_event_pex_rst_assert()
7ca61ed8b3f3 wifi: ath12k: Fix peer lookup in ath12k_dp_mon_rx_deliver_msdu()
1c72774df028 PCI: sg2042: Add Sophgo SG2042 PCIe driver
49a6c160ad48 PCI: cadence: Check for the existence of cdns_pcie::ops before using it
54c67740fff7 bus: mhi: host: pci_generic: Set DMA mask for VFs
aa1a0e93ed21 bus: mhi: core: Improve mhi_sync_power_up handling for SYS_ERR state
12543f440588 bus: mhi: host: pci_generic: Reset QDU100 while the MHI driver is removed
fd6e0509d0e8 bus: mhi: host: pci_generic: Add SRIOV support
b4d01c5b9a9d bus: mhi: host: pci_generic: Read SUBSYSTEM_VENDOR_ID for VF's to check status
a9e3d5a69cf8 bus: mhi: host: Add support for separate controller configurations for VF and PF
dcdb05a43df9 wifi: ath12k: Extend beacon miss handling for MLO non-AP STA
9891fbd9d8ec wifi: ath12k: Add support to handle reason inactivity STA kickout event for QCN9274/IPQ5332
59a2ef69ec1d wifi: ath12k: enhance the WMI_PEER_STA_KICKOUT event with reasons and RSSI reporting
6af5bc381b36 wifi: ath12k: report station mode per-chain signal strength
8873edecb388 wifi: ath12k: downgrade log level for CE buffer enqueue failure
43746f13fec6 wifi: ath12k: fix wrong logging ID used for CE
26f8fc0b24fd wifi: ath12k: Add fallback for invalid channel number in PHY metadata
7695fa71c1d5 wifi: ath12k: fix the fetching of combined rssi
6b46e8512918 wifi: ath12k: fix HAL_PHYRX_COMMON_USER_INFO handling in monitor mode
cf412ae7b712 wifi: ath12k: fix signal in radiotap for WCN7850
ea2b0af4c9e3 wifi: ath12k: fix overflow warning on num_pwr_levels
bba2f9faf41e wifi: ath12k: initialize eirp_power before use
87a67cc357a8 wifi: ath12k: Add support to set per-radio RTS threshold
af8df709bf36 PCI: qcom: Move host bridge 'phy' and 'reset' pointers to struct qcom_pcie_port
ecdca1af962b Merge tag 'qcom-drivers-for-6.18' of https://git.kernel.org/pub/scm/linux/kernel/git/qcom/linux into soc/drivers
eea30c760122 PCI: qcom-ep: Remove redundant edma.nr_irqs initialization
09fefb24ed5e PCI: dwc: Verify the single eDMA IRQ in dw_pcie_edma_irq_verify()
22f20375f5b7 Merge tag 'pci-v6.17-fixes-3' of git://git.kernel.org/pub/scm/linux/kernel/git/pci/pci
f5225a34bd8f bus: mhi: ep: Fix chained transfer handling in read path
d5411ed6cabd bus: mhi: host: Notify EE change via uevent
972f34d54015 wifi: ath12k: Change the API prefixes to ath12k_wifi7 in tx/rx
0cdb09b19760 wifi: ath12k: Remove hal_rx_ops and merge into hal_ops
e8a1e49c6328 wifi: ath12k: Add new infra for the rx path
92541061a6fd wifi: ath12k: Move hal_rx_ops callbacks to hal_ops
525373396937 wifi: ath12k: Replace ops with direct calls for rxdma ring mask
dd33e179466e wifi: ath12k: unify HAL ops naming across chips
4ae34800a70d wifi: ath12k: Move the hal APIs to hardware specific files
00139e4d7baf wifi: ath12k: Remove non-compact TLV support from QCN
b816265396da PCI: mvebu: Fix use of for_each_of_range() iterator
82e2be57d544 wifi: ath12k: fix WMI TLV header misalignment
4b66d18918f8 wifi: ath12k: Fix missing station power save configuration
d0856a6dff57 bus: mhi: host: Do not use uninitialized 'dev' pointer in mhi_init_irq_setup()
f842d3313ba1 PCI: j721e: Fix programming sequence of "strap" settings
882569dca664 PCI: plda: Remove dev_err_probe() when the errno is -ENOMEM
ce47f81925ed PCI: hv: Remove unused parameter of hv_msi_free()
376358bb9770 bus: mhi: host: pci_generic: Add support for all Foxconn T99W696 SKU variants
c221cbf8dc54 PCI: imx6: Enable the Vaux supply if available
ea5fbbc15906 PCI: qcom: Fix macro typo for CURSOR
37bf0f4e39de PCI: qcom: Add equalization settings for 8.0 GT/s and 32.0 GT/s
e1a8805e5d26 PCI: tegra: Fix devm_kcalloc() argument order for port->phys allocation
d637c58a2947 wifi: ath12k: Move HTT specific code from dp.c to newly introduced files
611297ee9faf wifi: ath12k: Move HTT Tx specific code to newly introduced files
71a3f92c512e wifi: ath12k: Move HTT Rx specific code to newly introduced files
d3ade00eb6d2 wifi: ath12k: Move HTT code in dp.h to newly introduced files
a45d0e81b242 wifi: ath12k: Move ath12k_dp_tx and related APIs to wifi7 directory
8527d81ee622 wifi: ath12k: Move arch specific tx APIs to wifi7 directory
52c555680bae wifi: ath12k: Move arch specific rx tid and related functions to wifi7 directory
6c7ceff2bed9 wifi: ath12k: Move arch specific REO functions to wifi7 directory
eb2120ae6ab5 wifi: ath12k: Separate arch specific part of RX APIs
5d2df2aa8430 wifi: ath12k: Move srng processing to wifi7 directory
a7cfbb18d411 wifi: ath12k: Move regular msdu processing functions to wifi7 directory
6b4954d3f000 wifi: ath12k: Move rx error and defrag functions to wifi7 directory
8dc72a6f603e wifi: ath12k: Move rxdma ring config functions to wifi7 directory
8658abc7139f wifi: ath12k: Move rx_desc.h file to wifi7 directory
87a230ec2bfa wifi: ath12k: Move hal_desc.h file to wifi7 directory
1a6a4b6c9f0e wifi: ath12k: Move Rx error related functions to wifi7 directory
2ec00a7747cb wifi: ath12k: Move HAL Rx wrapper APIs to dp_rx.h
4f57d71862a7 wifi: ath12k: Move hal_rx.h file to wifi7 directory
020225bbf4fb wifi: ath12k: Move hal_tx.h file to wifi7 directory
dc722ea9ee13 wifi: ath12k: Move hal_tx and hal_rx to wifi7 directory
30e919570581 PCI: dw-rockchip: Switch to FIELD_PREP_WM16 macro
eb0bf4f097c3 PCI: rockchip: Switch to FIELD_PREP_WM16* macros
22c55fb9eb92 wifi: ath12k: Set EMLSR support flag in MLO flags for EML-capable stations
9a7f144e18dc PCI: j721e: Fix module autoloading
45df22935bdc PCI: qcom: Restrict port parsing only to PCIe bridge child nodes
ffdd27d36265 PCI: keystone: Use kcalloc() instead of kzalloc()
d3fee10e40a9 PCI: rcar-host: Pass proper IRQ domain to generic_handle_domain_irq()
0e487f03c6e5 wifi: ath12k: Remove HAL define dependencies from shared AHB code
6cbd171805be wifi: ath12k: Remove HAL defines from shared PCI code
bce3b73d1ca7 wifi: ath12k: Rename ath12k_* symbols to ath12k_wifi7_* for clarity
a72027045263 wifi: ath12k: Modularize driver into common and Wi-Fi 7 specific components
83cd89a9556a wifi: ath12k: Move hw_init invocation to target-specific probe
387b587a861c wifi: ath12k: Move Wi-Fi 7 specific init routines to dedicated file
db2929711d70 wifi: ath12k: Restructure ahb.c into common and Wi-Fi 7 specific modules
bca2b24d9dd9 wifi: ath12k: Rename ahb_hif_ops to reflect generic usage
3f8d0eb8037b wifi: ath12k: Rename hw.c to Wi-Fi 7 specific implementation file
7f54938fc525 wifi: ath12k: Move Wi-Fi 7 MHI configuration to dedicated file
d650b777858f wifi: ath12k: Move Wi-Fi 7 WMI configuration to dedicated file
5e545696a398 wifi: ath12k: Move Copy Engine configuration to Wi-Fi 7 specific file
f844982696f5 wifi: ath12k: Restructure PCI code to common and Wi-Fi 7 specific logic
907912c1daa7 PCI: cadence: Use cdns_pcie_find_*capability() to avoid hardcoding offsets
18ac51ae9df9 PCI: cadence: Implement capability search using PCI core APIs
3a33020d22bf PCI: dwc: ep: Implement capability search using PCI core APIs
81fedb39a9f0 PCI: mediatek-gen3: Add support for MediaTek MT8196 SoC
a895dc47ceba PCI: mediatek-gen3: Implement sys clock ready time setting
8ffc9f234fdf PCI: dwc: Implement capability search using PCI core APIs
27fce9e8c6f0 PCI: endpoint: Drop superfluous pci_epc_features initialization
5149bbb56bdc PCI: vmd: Remove MSI-X check on child devices
3f69f2e78799 PCI: xilinx: Fix NULL pointer dereference in xilinx_pcie_intr_handler()
0daf35da397b soc: qcom: mdt_loader: Remove pas id parameter
b26fc701a251 PCI: xgene-msi: Return negative -EINVAL in xgene_msi_handler_setup()
1d0156c8b230 PCI: amd-mdb: Add support for PCIe RP PERST# signal handling
d96ac5bdc52b PCI: rcar-gen4: Fix PHY initialization
add7b05aeeb4 PCI: qcom: Select PCI Power Control Slot driver
d5c647b08ee0 PCI: vmd: Fix wrong kfree() in vmd_msi_free()
0bd0a41a5120 Merge tag 'pci-v6.17-changes' of git://git.kernel.org/pub/scm/linux/kernel/git/pci/pci
58d2b6b6b214 Merge branch 'pci/misc'
0edfffd24c64 Merge branch 'pci/controller/xgene'
656626e81a7e Merge branch 'pci/controller/vmd'
e070bde5b323 Merge branch 'pci/controller/sophgo'
090fc11428a3 Merge branch 'pci/controller/rockchip-host'
90eb421c46fd Merge branch 'pci/controller/rockchip'
81b3be6cc58a Merge branch 'pci/controller/qcom'
d5b0b60ab054 Merge branch 'pci/controller/mvebu'
ed1e2002b748 Merge branch 'pci/controller/imx6'
4cf171327a80 Merge branch 'pci/controller/dw-rockchip'
f623d50c125d Merge branch 'pci/controller/dwc'
4441df6adcb3 Merge branch 'pci/controller/cadence'
dc6061ed6bec Merge branch 'pci/controller/brcmstb'
480b315376ee Merge branch 'pci/controller/linkup-fix'
8be4d31cb8aa Merge tag 'net-next-6.17' of git://git.kernel.org/pub/scm/linux/kernel/git/netdev/net-next
0d5ec7919f37 Merge tag 'char-misc-6.17-rc1' of git://git.kernel.org/pub/scm/linux/kernel/git/gregkh/char-misc
126d85fb0405 Merge tag 'wireless-next-2025-07-24' of https://git.kernel.org/pub/scm/linux/kernel/git/wireless/wireless-next
467d9c0348d6 PCI: dwc: Add Sophgo SG2044 PCIe controller driver in Root Complex mode
d7d8ab87e3e7 PCI: vmd: Switch to msi_create_parent_irq_domain()
63984ea71a6c PCI: vmd: Convert to lock guards
d7703cf5c402 PCI: plda: Switch to msi_create_parent_irq_domain()
f29861aa301c PCI: xilinx: Switch to msi_create_parent_irq_domain()
710a1494e157 PCI: xilinx-nwl: Switch to msi_create_parent_irq_domain()
d08c7e502c9f PCI: xilinx-xdma: Switch to msi_create_parent_irq_domain()
dd26c1a23fd5 PCI: rcar-host: Switch to msi_create_parent_irq_domain()
e449cb9afc96 PCI: mediatek: Switch to msi_create_parent_irq_domain()
9a35a26485b3 PCI: mediatek-gen3: Switch to msi_create_parent_irq_domain()
e275e38a61a1 PCI: iproc: Switch to msi_create_parent_irq_domain()
ebcc2fbd3398 PCI: brcmstb: Switch to msi_create_parent_irq_domain()
cf154cccd8c9 PCI: altera-msi: Switch to msi_create_parent_irq_domain()
750277048afe PCI: aardvark: Switch to msi_create_parent_irq_domain()
0cb6d733983c PCI: mobiveil: Switch to msi_create_parent_irq_domain()
8e717112caf3 PCI: dwc: Switch to msi_create_parent_irq_domain()
a103d2dede56 PCI: controller: Use dev_fwnode() instead of of_fwnode_handle()
8b5a19b4ff6a Merge git://git.kernel.org/pub/scm/linux/kernel/git/netdev/net
2e6ea70690dd PCI: imx6: Delay link start until configfs 'start' written
d31eb2174255 PCI: imx6: Remove apps_reset toggling from imx_pcie_{assert/deassert}_core_reset
50fcd1c14e36 PCI: Fix typos
c79a7ca8fb72 PCI: mvebu: Use devm_add_action_or_reset() instead of devm_add_action()
6aceb36f17ab PCI: xgene-msi: Restructure handler setup/teardown
cd5ffaf2b1a8 PCI: xgene-msi: Probe as a standard platform driver
3cc8f625e4c6 PCI: xgene-msi: Resend an MSI racing with itself on a different CPU
17c1f960cbf0 PCI: xgene-msi: Sanitise MSI allocation and affinity setting
011f4fc1e8de PCI: xgene-msi: Get rid of intermediate tracking structure
c9c1578f11af PCI: xgene-msi: Use device-managed memory allocations
0756244d4cbc PCI: xgene-msi: Drop superfluous fields from xgene_msi structure
d17e3f8a933f PCI: xgene-msi: Make per-CPU interrupt setup robust
fddf72ed7b52 PCI: xgene: Drop XGENE_PCIE_IP_VER_UNKN
e3ac25cc95b8 PCI: xgene: Drop useless conditional compilation
0d402bd41a07 PCI: xgene: Defer probing if the MSI widget driver hasn't probed yet
ee0e5ce2790c Merge tag 'ath-next-20250721' of git://git.kernel.org/pub/scm/linux/kernel/git/ath/ath into wireless-next
4a2bf707270f wifi: ath12k: Correct tid cleanup when tid setup fails
c4825d540f4b wifi: ath12k: bring DFS support back for WCN7850
306facc029ba wifi: ath12k: Prefer {} to {0} in initializers
234b9258c690 PCI: imx6: Add LUT configuration for MSI/IOMMU in Endpoint mode
9d0ca8df2451 PCI: imx6: Add helper function imx_pcie_add_lut_by_rid()
5f054ef2e0f1 Merge tag 'hyperv-fixes-signed-20250718' of git://git.kernel.org/pub/scm/linux/kernel/git/hyperv/linux
d29591d5b52e wifi: ath12k: Advertise encapsulation/decapsulation offload support to mac80211
981050b918fc wifi: ath12k: Fix TX status reporting to mac80211 when offload is enabled
192c8e9a131f wifi: ath12k: Fix the handling of TX packets in Ethernet mode
60c46a0bd34b Merge tag 'mhi-for-v6.17' of ssh://gitolite.kernel.org/pub/scm/linux/kernel/git/mani/mhi into char-misc-next
00559ba3ae74 bus: mhi: host: pci_generic: Add Telit FN990B40 modem support
5bd398e20f08 bus: mhi: host: Detect events pointing to unexpected TREs
0d63055e1406 bus: mhi: host: pci_generic: Add Foxconn T99W696 modem
e99f55e438d1 bus: mhi: host: Use str_true_false() helper
b484fa61acea bus: mhi: host: pci_generic: Add support for EM929x and set MRU to 32768 for better performance.
f471578e8b1a bus: mhi: host: Fix endianness of BHI vector table
0494cf9793b7 bus: mhi: host: pci_generic: Disable runtime PM for QDU100
ae5a34264354 bus: mhi: host: pci_generic: Fix the modem name of Foxconn T99W640
1a50c5ca394a wifi: ath12k: Add support to parse max ext2 wmi service bit
8f1a078842d4 wifi: ath12k: fix endianness handling while accessing wmi service bit
af2d6148d2a1 Merge git://git.kernel.org/pub/scm/linux/kernel/git/netdev/net
6832a9317eee Merge tag 'net-6.16-rc7' of git://git.kernel.org/pub/scm/linux/kernel/git/netdev/net
e8e7c1e95d6d PCI: brcmstb: Replace open coded value with PCIE_T_RRS_READY_MS
a2fbecdbbb9d PCI: qcom: Add support for parsing the new Root Port binding
7d944c0f1469 PCI: qcom: Add support for Qualcomm SA8255p based PCIe Root Complex
399444a87acd PCI: imx6: Add IMX8MM_EP and IMX8MP_EP fixed 256-byte BAR 4 in epc_features
c523fa63ac1d PCI: imx6: Add IMX8MQ_EP third 64-bit BAR in epc_features
8ac2a383d4ce wifi: ath12k: remove unneeded semicolon in ath12k_mac_parse_tx_pwr_env()
136aad17e142 wifi: ath12k: Validate peer_id before searching for peer
66b3ebc77d23 wifi: ath12k: Use HTT_TCL_METADATA_VER_V1 in FTM mode
6f490bb4a982 PCI: hv: Use the correct hypercall for unmasking interrupts on nested
9d2abd4162fc wifi: ath12k: Add support to enqueue management frame at MLD level
545b669403d7 wifi: ath12k: Enable memory profile selection for QCN9274
6397b92bbb00 wifi: ath12k: Refactor macros to use memory profile-based values
d11d81c46987 wifi: ath12k: Remove redundant TID calculation for QCN9274
defae535dd63 wifi: ath12k: Add a table of parameters entries impacting memory consumption
379f604cc3dc Merge tag 'pci-v6.16-fixes-3' of git://git.kernel.org/pub/scm/linux/kernel/git/pci/pci
979c5ce4a376 wifi: ath12k: support average ack rssi in station dump
afcefc58fdfd wifi: ath12k: Fix packets received in WBM error ring with REO LUT enabled
5f83d6337c9c PCI: hv: Switch to msi_create_parent_irq_domain()
27ba973caaf8 wifi: ath12k: allow beacon protection keys to be installed in hardware
0424cc3d70f6 wifi: ath12k: set RX_FLAG_SKIP_MONITOR in WBM error path
fee9b1f66911 wifi: ath12k: pack HTT pdev rate stats structs
2109e98503bc wifi: ath12k: update unsupported bandwidth flags in reg rules
f84b21da3624 PCI: hv: Don't load the driver for baremetal root partition
4a4f15170b63 PCI: hv: Fix warnings for missing export.h header inclusion
a1bff3d6cc45 wifi: ath12k: Add num_stations counter for each interface
acab697c32f7 wifi: ath12k: properly set bit for pdev mask for firmware PPDU_STATS request
80570587e418 wifi: ath12k: Block radio bring-up in FTM mode
93a1cdb9cd94 wifi: ath12k: advertise NL80211_FEATURE_TX_POWER_INSERTION support
d45d015448fc wifi: ath12k: add support for Tx Power insertion in RRM action frame
a0b963e1da5b wifi: ath12k: fetch tx_retry and tx_failed from htt_ppdu_stats_user_cmpltn_common_tlv
e0618fca1af2 wifi: ath12k: correctly update bw for ofdma packets
ebde0514b4f4 wifi: ath12k: add EHT support for TX rate
3b8aa249d0fc wifi: ath12k: add link support for multi-link in arsta
ebebe66ec208 wifi: ath12k: fill link station statistics for MLO
114b06ee108c PCI: rockchip: Set Target Link Speed to 5.0 GT/s before retraining
cbbfe9f683f0 PCI: rockchip: Use standard PCIe definitions
c1dc61aede55 PCI: dwc: Make dw_pcie_ptm_ops static
a82ce08775bc wifi: ath12k: add extended NSS bandwidth support for 160 MHz
18ab9d038fad wifi: ath12k: add support for 160 MHz bandwidth
dd25a004fb66 wifi: ath12k: clean up 80P80 support
9ad6b169ddef wifi: ath12k: add support for setting fixed HE rate/GI/LTF
5ab7479a063d wifi: ath12k: generate rx and tx mcs maps for supported HE mcs
1eafb8d15d8a wifi: ath12k: move HE MCS mapper to a separate function
df8207bc0b48 wifi: ath12k: push EHT MU-MIMO params to hardware
5d6707e88e7f wifi: ath12k: push HE MU-MIMO params to hardware
fefbc58271be PCI: host-generic: Rename and export gen_pci_init() for PCIe controller drivers
a60d92f6d941 PCI: dwc: Export DWC MSI controller related APIs
bdb32a0f6780 PCI: host-generic: Set driver_data before calling gen_pci_init()
643c0c9d0496 PCI: apple: Add tracking of probed root ports
6e17bbb5a86e wifi: ath12k: fix timeout while waiting for regulatory update during interface creation
81a0286cefe6 wifi: ath12k: Add support to RTT stats
a7f74e782e27 wifi: ath12k: Add support to TDMA and MLO stats
ffc7adb0a121 wifi: ath12k: Add support for transmit histogram stats
c27bb624b3d7 wifi: ath12k: Clear auth flag only for actual association in security mode
ed32169be1cc wifi: ath12k: fix dest ring-buffer corruption when ring is full
e834da4cbd6f wifi: ath12k: fix source ring-buffer corruption
79390f613d63 wifi: ath12k: use plain access for descriptor length
8157ce533a60 wifi: ath12k: fix dest ring-buffer corruption
a44958c83e52 wifi: ath12k: Send WMI_VDEV_SET_TPC_POWER_CMD for AP vdev
9903c0986f78 wifi: ath12k: Add memset and update default rate value in wmi tx completion
ce7c93d196bf wifi: ath12k: Fix beacon reception for sta associated to Non-TX AP
70eeacc1a92a wifi: ath12k: Fix station association with MBSSID Non-TX BSS
662e9032140f wifi: ath12k: use real noise floor instead of default value
0314ee81a91d wifi: ath12k: handle WMI event for real noise floor calculation
032f05be51ab PCI: dwc: Simplify the return value of PTM debugfs functions returning bool
d7467bc72ce4 PCI: Move link up wait time and max retries macros to pci.h
80dc18a0cba8 PCI: dwc: Ensure that dw_pcie_wait_for_link() waits 100 ms after link up
15b6b243cc2b PCI: qcom: Wait PCIE_RESET_CONFIG_WAIT_MS after link-up IRQ
c7eb9c5e1498 PCI: dw-rockchip: Wait PCIE_RESET_CONFIG_WAIT_MS after link-up IRQ
bbc6a829ad3f PCI: rockchip-host: Use macro PCIE_RESET_CONFIG_WAIT_MS
817f989700fd PCI: Rename PCIE_RESET_CONFIG_DEVICE_WAIT_MS to PCIE_RESET_CONFIG_WAIT_MS
7322a7d80c48 Merge tag 'ath-next-20250624' of git://git.kernel.org/pub/scm/linux/kernel/git/ath/ath
b74947b4f6ff wifi: cfg80211/mac80211: Add support to get radio index
05062834350f wifi: ath12k: Pass ab pointer directly to ath12k_dp_tx_get_encap_type()
54c350055b1d wifi: ath12k: Fix double budget decrement while reaping monitor ring
b79742b84e16 wifi: ath12k: Enable REO queue lookup table feature on QCN9274 hw2.0
c19c24c3b9e2 wifi: ath12k: Add missing include of export.h
7c0884fcd2dd wifi: ath12k: Decrement TID on RX peer frag setup error handling
359d69285adc wifi: ath12k: remove monitor handling from ath12k_dp_rx_deliver_msdu()
66e865f9dc78 wifi: ath12k: install pairwise key first
49375e11819b wifi: ath12k: avoid bit operation on key flags
906619a00967 wifi: ath12k: handle regulatory hints during mac registration
437c7a2db6a3 wifi: ath12k: update channel list in worker when wait flag is set
acc152f9be20 wifi: ath12k: combine channel list for split-phy devices in single-wiphy
feed05f1526e wifi: ath12k: Split scan request for split band device
14c7d7eac1bf wifi: ath12k: Prepare ahvif scan link for parallel scan
0f9842b0b0e5 wifi: ath12k: disable pdev for non supported country
36670b67de18 wifi: ath12k: Avoid accessing uninitialized arvif->ar during beacon miss
a364d10ffe36 PCI: brcmstb: Set MLW based on "num-lanes" DT property if present
255c891533d8 PCI: vmd: Add VMD Device ID Support for Panther Lake (PTL)-H/P/U
62deb67fc519 Merge git://git.kernel.org/pub/scm/linux/kernel/git/netdev/net
c0b93754547d PCI: dw-rockchip: Delay link training after hot reset in EP mode
1a69c63fdf1c PCI: rockchip: Remove redundant PCIe message routing definitions
f28413fe0899 PCI: cadence: Replace private message routing enums with PCI core definitions
ad5e9178cec5 wifi: ath12k: don't wait when there is no vdev started
ac7b8ff7839d wifi: ath12k: don't use static variables in ath12k_wmi_fw_stats_process()
9a353a4a11a4 wifi: ath12k: avoid burning CPU while waiting for firmware stats
a48a931a32f8 wifi: ath12k: fix documentation on firmware stats
d9dbc6b8b94a wifi: ath12k: don't activate more links than firmware supports
2296038fd35a wifi: ath12k: update link active in case two links fall on the same MAC
c36f2cd628f9 wifi: ath12k: support WMI_MLO_LINK_SET_ACTIVE_CMDID command
e47b11e3bd34 wifi: ath12k: update freq range for each hardware mode
241d130f1419 wifi: ath12k: parse and save sbs_lower_band_end_freq from WMI_SERVICE_READY_EXT2_EVENTID event
062ade23991e wifi: ath12k: parse and save hardware mode info from WMI_SERVICE_READY_EXT_EVENTID event for later use
18ae7d0cdd76 wifi: ath12k: Avoid CPU busy-wait by handling VDEV_STAT and BCN_STAT
0f0decc777d7 Merge branch 'shradha_v6.16-rc1' of https://github.com/shradhagupta6/linux
701aa9ad1e7b bus: mhi: host: Make local functions static
ad518f2557b9 PCI: hv: Allow dynamic MSI-X vector allocation
27605c8c0f69 Merge tag 'net-6.16-rc2' of git://git.kernel.org/pub/scm/linux/kernel/git/netdev/net
1fdb13f92388 PCI: rockchip-host: Remove unused header includes
917600e63021 PCI: rockchip-host: Correct non-fatal error log message
fcc5f586c4ed PCI: rockchip-host: Fix "Unexpected Completion" log message
8d60350891b1 Merge tag 'ath-current-20250608' of git://git.kernel.org/pub/scm/linux/kernel/git/ath/ath
41cb08555c41 treewide, timers: Rename from_timer() to timer_container_of()
f3fe49dbddd7 wifi: ath12k: fix uaf in ath12k_core_init()
b6bca6d7149e wifi: ath12k: Fix hal_reo_cmd_status kernel-doc
7588a893cde5 wifi: ath12k: fix GCC_GCC_PCIE_HOT_RST definition for WCN7850
c26f4fbd5837 Merge tag 'char-misc-6.16-rc1' of git://git.kernel.org/pub/scm/linux/kernel/git/gregkh/char-misc
3719a04a80ca Merge tag 'pci-v6.16-changes' of git://git.kernel.org/pub/scm/linux/kernel/git/pci/pci
db847adbf99f Merge branch 'pci/ptm-debugfs'
df52b63940e6 Merge branch 'pci/controller/tegra194'
fd0c51f7eb4b Merge branch 'pci/controller/rockchip'
d96c67a57ca6 Merge branch 'pci/controller/rcar-gen4'
05cf00aa05af Merge branch 'pci/controller/qcom'
c7b9c591245e Merge branch 'pci/controller/mvebu'
dee6ce5c6f1d Merge branch 'pci/controller/mobiveil'
f4ff0b0ed26c Merge branch 'pci/controller/imx6'
20611193be98 Merge branch 'pci/controller/dwc'
00c78a3c3fc3 Merge branch 'pci/controller/dwc-ep'
20279628bb5e Merge branch 'pci/controller/dw-rockchip'
3f0b36295ea3 Merge branch 'pci/controller/cadence'
c3b2f9dccba5 Merge branch 'pci/controller/apple'
2ce738726adf Merge branch 'pci/endpoint'
4dac48e8a755 Merge branch 'pci/pwrctrl'
c00b28502470 Merge tag 'hyperv-next-signed-20250602' of git://git.kernel.org/pub/scm/linux/kernel/git/hyperv/linux
3c05e88413f7 PCI: j721e: Fix host/endpoint dependencies
a2790bf81f0f PCI: j721e: Add support to build as a loadable module
3a4b05c9bae4 PCI: cadence-ep: Introduce cdns_pcie_ep_disable() helper for cleanup
47f25da6c5ea PCI: cadence-host: Introduce cdns_pcie_host_disable() helper for cleanup
f876904e4436 PCI: cadence: Add support to build pcie-cadence library as a kernel module
ec49e253322b PCI: qcom: Replace PERST# sleep time with proper macro
d34719d0e81f PCI: dw-rockchip: Replace PERST# sleep time with proper macro
d1c696dba120 PCI: host-common: Convert to library for host controller drivers
1b98f357dadd Merge tag 'net-next-6.16' of git://git.kernel.org/pub/scm/linux/kernel/git/netdev/net-next
16b2da850f6f PCI: cadence: Remove duplicate message code definitions
de0321bcc5fd PCI: endpoint: Align pci_epc_set_msix(), pci_epc_ops::set_msix() nr_irqs encoding
f62da6e7270c PCI: endpoint: Align pci_epc_set_msi(), pci_epc_ops::set_msi() nr_irqs encoding
0917ed8f16b6 PCI: endpoint: Align pci_epc_get_msix(), pci_epc_ops::get_msix() return value encoding
f7f15fc53245 PCI: endpoint: Align pci_epc_get_msi(), pci_epc_ops::get_msi() return value encoding
c8bcb01352a8 PCI: cadence-ep: Correct PBA offset in .set_msix() callback
810276362bad PCI: dwc: ep: Correct PBA offset in .set_msix() callback
44ed0f35df34 Merge tag 'irq-msi-2025-05-25' of git://git.kernel.org/pub/scm/linux/kernel/git/tip/tip
d5fc1909349e wifi: ath12k: switch to PCI_PWRCTRL_PWRSEQ
dd1af0c4c56d PCI: hv: Remove unnecessary flex array in struct pci_packet
d684f9b28809 PCI: hv: Get vPCI MSI IRQ domain from DeviceTree
886bb3624e4c wifi: ath12k: fix regdomain update failure when connection establishes
37e775a0a9d7 wifi: ath12k: fix regdomain update failure when adding interface
d662c14a5191 wifi: ath12k: fix regdomain update failure after 11D scan completes
d28b0977909d Merge tag 'mhi-for-v6.16' of ssh://gitolite.kernel.org/pub/scm/linux/kernel/git/mani/mhi into char-misc-next
0d777aa2ca77 wifi: ath12k: fix mac pdev frequency range update
1d79596e8661 PCI: dwc: ep: Fix errno typo
1cbc77e0bc32 wifi: ath12k: remove redundant regulatory rules intersection logic in host
e66396cd0804 wifi: ath12k: Send MCS15 support to firmware during peer assoc
241dfac96279 wifi: ath12k: Fix scan initiation failure handling
246eb353fbe9 wifi: ath12k: fix memory leak in WMI firmware stats
6b67d2cf14ea wifi: ath12k: fix ring-buffer corruption
89142d34d560 wifi: ath12k: fix memory leak in ath12k_service_ready_ext_event
a9610bc482ef wifi: ath12k: support usercase-specific firmware overrides
167e6fc7a447 wifi: ath12k: Adjust the process of resource release for ahb bus
aabd3be90579 wifi: ath12k: Reorder and relocate the release of resources in ath12k_core_deinit()
84873d542e95 wifi: ath12k: print device dp stats in debugfs
c5c62287e690 wifi: ath12k: Add device dp stats support
b602f1f2d6d4 wifi: ath12k: change soc name to device name
3126f1c52af5 wifi: ath12k: Fix invalid RSSI values in station dump
172e1570e1d3 wifi: ath12k: pass link_conf for tx_arvif retrieval
4bcf9525bc49 wifi: ath12k: update EMLSR capabilities of ML Station
a5f95d3d02d9 wifi: ath12k: Prevent multicast duplication for dynamic VLAN
55cbbf25fbde wifi: ath12k: Enable AST index based address search in Station Mode
6c262794ad9d wifi: ath12k: enable monitor mode for WCN7850
1cf514fdc790 wifi: ath12k: use different packet offset for WCN7850
f4dd79e9b5d3 wifi: ath12k: init monitor parameters for WCN7850
72bfbf19b7da wifi: ath12k: add support to reap and process mon dest ring
ac885978a5ab wifi: ath12k: use ath12k_buffer_addr in ath12k_dp_rx_link_desc_return()
a69bbf89d751 wifi: ath12k: fix macro definition HAL_RX_MSDU_PKT_LENGTH_GET
78d3d907d0f1 wifi: ath12k: add support to reap and process monitor status ring
5f15468f5fd3 wifi: ath12k: add monitor mode handler by monitor status ring interrupt
18d26d156c22 wifi: ath12k: add interrupt configuration for mon status ring
4cd8b48f5d88 wifi: ath12k: add ring config for monitor mode on WCN7850
c703c6acd667 wifi: ath12k: add srng config template for mon status ring
5887ffb18703 wifi: ath12k: avoid call ath12k_dp_mon_parse_rx_dest_tlv() for WCN7850
07a273d1e6f4 wifi: ath12k: parse msdu_end tlv in ath12k_dp_mon_rx_parse_status_tlv()
1ab2e9046b4f wifi: ath12k: Abort scan before removing link interface to prevent duplicate deletion
29cb3d26d01c wifi: ath12k: use WMI_VDEV_SET_TPC_POWER_CMDID when EXT_TPC_REG_SUPPORT for 6 GHz
9a9e8ea7f6d3 wifi: ath12k: add handler for WMI_VDEV_SET_TPC_POWER_CMDID
aeda163bb0c7 wifi: ath12k: fill parameters for vdev set TPC power WMI command
b0501a0ee772 wifi: ath12k: save max transmit power in vdev start response event from firmware
cccbb9d0dd6a wifi: ath12k: add parse of transmit power envelope element
d6b11d0ddadb wifi: ath12k: save power spectral density(PSD) of regulatory rule
7ed3e88664e3 wifi: ath12k: update regulatory rules when connection established
4c546023d71a wifi: ath12k: update regulatory rules when interface added
ee2fc1f7347e wifi: ath12k: determine interface mode in _op_add_interface()
eaa027a1d83f wifi: ath12k: store reg info for later use
75639b743515 wifi: ath12k: move reg info handling outside
fafa6ff0823b wifi: ath12k: add support to select 6 GHz regulatory type
c96bce15c568 wifi: ath12k: refactor ath12k_reg_build_regd()
9e8e55c5832d wifi: ath12k: refactor ath12k_reg_chan_list_event()
ef115c265a21 wifi: ath12k: fix a possible dead lock caused by ab->base_lock
d1b4ccc24ea6 wifi: ath12k: delete mon reap timer
7971bda2fe57 wifi: ath12k: Add support to simulate firmware crash
944242787695 PCI: tegra: Convert to MSI parent infrastructure
ae79351ef280 PCI: xgene: Convert to MSI parent infrastructure
5d627a9484ec PCI: apple: Convert to MSI parent infrastructure
6a08164de9fc Merge irq/cleanup fragments into irq/msi
4b5e1d97154d PCI: Switch to irq_domain_create_linear()
88c3aaf46ce8 wifi: ath12k: Use scan link ID 15 for all scan operations
8dc8340c1978 wifi: ath12k: handle scan link during vdev create
31d48b93b1f8 wifi: ath12k: read country code from SMBIOS for WCN7850
5fbfae69e78d PCI: qcom-ep: Mask PTM_UPDATING interrupt
852a1fdd34a8 PCI: dwc: Add debugfs support for PTM context
87a9d0cd6748 PCI: dwc: Pass DWC PCIe mode to dwc_pcie_debugfs_init()
6348f62ef7ec bus: mhi: host: pci_generic: Add Telit FN920C04 modem support
ce7cc522e9ff bus: mhi: host: pci_generic: Remove redundant assign resource usage
4d92e7c5ccad bus: mhi: host: Fix conflict between power_up and SYSERR
1a176b25f5d6 PCI: cadence: Simplify J721e link status check
0a9d6a3d0fd1 PCI: mobiveil: Return bool from link up check
f46bfb1d3c6a PCI: dwc: Return bool from link up check
2612378d442a PCI: dwc: ep: Use FIELD_GET() where applicable
ed798ff1c52f PCI: tegra194: Create debugfs directory only when CONFIG_PCIEASPM is enabled
af3c6eacce0c PCI: dwc: Make link training more robust by setting PORT_LOGIC_LINK_WIDTH to one lane
286ed198b899 PCI: dw-rockchip: Fix PHY function call sequence in rockchip_pcie_phy_deinit()
5e2664f9e108 PCI: ls-gen4: Use to_delayed_work()
5e5a3bf48eed PCI: dw-rockchip: Use rockchip_pcie_link_up() to check link up instead of open coding
ae8ed2b091ee PCI: dw-rockchip: Reorganize register and bitfield definitions
c2f61b8479b2 PCI: dw-rockchip: Remove unused PCIE_CLIENT_GENERAL_DEBUG definition
e4d66131caaf PCI: imx6: Save and restore the LUT setting during suspend/resume for i.MX95 SoC
047e8b6b3bc3 PCI: imx6: Add PLL lock check for i.MX95 SoC
744a1c20ce93 PCI: imx6: Add workaround for errata ERR051586
ce0c43e855c7 PCI: imx6: Add workaround for errata ERR051624
47f54a902dcd PCI: imx6: Toggle the core reset for i.MX95 PCIe
4a4be0c088e3 PCI: imx6: Call dw_pcie_wait_for_link() from start_link() callback only when required
9c03e30e3ade PCI: imx6: Skip link up workaround for newer platforms
d4a5d7e6d91f PCI: dw-rockchip: Move rockchip_pcie_ep_hide_broken_ats_cap_rk3588() to dw_pcie_ep_ops::init()
198e69cc4150 PCI: dw-rockchip: Enable ASPM L0s capability for both RC and EP modes
7d9b5d611553 PCI: dw-rockchip: Remove PCIE_L0S_ENTRY check from rockchip_pcie_link_up()
9ceba431a315 Merge tag 'ath-next-20250418' of git://git.kernel.org/pub/scm/linux/kernel/git/ath/ath into wireless-next
6f18d174b73d bus: mhi: ep: Update read pointer only after buffer is written
f600832794c9 wifi: mac80211: restructure tx profile retrieval for MLO MBSSID
4e639f11d6e0 PCI: apple: Add T602x PCIe support
3f1ccd6e85d7 PCI: apple: Abstract register offsets via a SoC-specific structure
7334364f9de7 PCI: apple: Use gpiod_set_value_cansleep in probe flow
de9637c9f782 PCI: apple: Drop poll for CORE_RC_PHYIF_STAT_REFCLK
80b31fbbcac4 PCI: apple: Move port PHY registers to their own reg items
7fa9fbf39116 PCI: apple: Fix missing OF node reference in apple_pcie_setup_port
0411c90eee6f PCI: apple: Move away from INTMSK{SET,CLR} for INTx and private interrupts
ed982862ce98 PCI: apple: Dynamically allocate RID-to_SID bitmap
4785591f96c7 PCI: apple: Move over to standalone probing
afc0a570bb61 PCI: host-generic: Extract an ECAM bridge creation helper from pci_host_common_probe()
3e5127469a8d PCI: qcom: Add support for IPQ5018
09483959e34d PCI: dwc: Add support for configuring lane equalization presets
8805f32a96d3 PCI: cadence: Fix runtime atomic count underflow
a7d824b2df0d PCI: rockchip-ep: Mark RK3399 as intx_capable
751bec089c4e PCI: apple: Set only available ports up
5da3d94a23c6 PCI: mvebu: Use for_each_of_range() iterator for parsing "ranges"
f9eb654fb194 PCI: dwc: Update pci->num_lanes to maximum supported link width
b584ab12d59f PCI: rcar-gen4: set ep BAR4 fixed size
c7540e5423d7 PCI: rockchip: Fix order of rockchip_pci_core_rsts
7e7f948c7d14 wifi: ath12k: Don't use %pK through printk
823435bd2310 wifi: ath12k: fix node corruption in ar->arvifs list
e9e094a9734e wifi: ath12k: Prevent sending WMI commands to firmware during firmware crash
0ca04ad0cdfb wifi: ath12k: avoid multiple skb_cb fetch in ath12k_mac_mgmt_tx_wmi()
f5d6b15d9503 wifi: ath12k: fix wrong handling of CCMP256 and GCMP ciphers
8599d4cc4191 wifi: ath12k: Fix the QoS control field offset to build QoS header
25be5d1d1e05 wifi: ath12k: Avoid allocating rx_stats when ext_rx_stats is disabled
f335295aa29c wifi: ath12k: avoid deadlock during regulatory update in ath12k_regd_update()
763216fe6c5d wifi: ath12k: Add MSDU length validation for TKIP MIC error
9f17747fbda6 wifi: ath12k: fix invalid access to memory
4541b0c8c3c1 wifi: ath12k: correctly handle mcast packets for clients
cb7433cc5cd4 wifi: ath12k: using msdu end descriptor to check for rx multicast packets
13324cecbb2c wifi: ath12k: Update frequency range if reg rules changes
657b0c72c4ad wifi: ath12k: Fix frequency range in driver
b7544de8a298 wifi: ath12k: Add helper function ath12k_mac_update_freq_range()
65bf4ed2db9a wifi: ath12k: Use skb->len for dma_unmap_single() length parameter
1e326ada3586 wifi: ath12k: Fix memory leak during extended skb allocation
10ec3d54df78 wifi: ath12k: Refactor tx descriptor handling in tx completion handler
37a068fc9dc4 wifi: ath12k: Handle error cases during extended skb allocation
176f3009ae59 wifi: ath12k: support 2 channels for single pdev device
bcdf2620f957 wifi: ath12k: don't skip non-primary links for WCN7850
3b9cbce6fdd3 wifi: ath12k: alloc REO queue per station
3aba3a142265 wifi: ath12k: group REO queue buffer parameters together
ead6d41116b8 wifi: ath12k: make assoc link associate first
0cd46d1f36ce wifi: ath12k: identify assoc link vif in station mode
32f7b19668bd wifi: ath12k: support MLO as well if single_chip_mlo_support flag is set
6b85b83e4651 wifi: ath12k: use fw_features only when it is valid
dad6de9070a8 wifi: ath12k: introduce ath12k_fw_feature_supported()
f5755c23ed8a wifi: ath12k: reset MLO global memory during recovery
929069c1bdb7 wifi: ath12k: handle ath12k_core_reset() with hardware grouping
3e1312f01b50 wifi: ath12k: handle ath12k_core_restart() with hardware grouping
718ead261feb wifi: ath12k: fix ath12k_core_pre_reconfigure_recovery() with grouping
1d55625bc2a1 wifi: ath12k: fix firmware assert during reboot with hardware grouping
6af396942bf1 wifi: ath12k: fix ATH12K_FLAG_REGISTERED flag handling
dce7aec6b1f7 wifi: ath12k: fix failed to set mhi state error during reboot with hardware grouping
62f3878fa290 wifi: ath12k: add reference counting for core attachment to hardware group
6d019abc402f wifi: ath12k: fix SLUB BUG - Object already free in ath12k_reg_free()
8c7a5031a6b0 wifi: ath12k: Fix buffer overflow in debugfs
4703416d0fb9 wifi: ath12k: Fix a couple NULL vs IS_ERR() bugs
1a0e65750b55 wifi: ath12k: Fix WMI tag for EHT rate in peer assoc
cfe8af4b5626 wifi: ath12k: Disable broadcast TWT feature in HE MAC capabilities
4f4b067dd616 wifi: ath12k: Introduce check against zero for ahvif->key_cipher in ath12k_mac_op_tx()
d61c0b3c6346 wifi: ath12k: Resolve multicast packet drop by populating key_cipher in ath12k_install_key()
6177c97fb6f0 wifi: ath12k: fix cleanup path after mhi init
5e0097514dfb wifi: ath12k: Add support for link specific datapath stats
bd00cc7e8a4c wifi: ath12k: replace the usage of rx desc with rx_info
e88e6e3c9ada wifi: ath12k: add rx_info to capture required field from rx descriptor
6552e90e2a23 PCI: hv: Switch MSI descriptor locking to guard()
25b2f46bd7de wifi: ath12k: ahb: Replace del_timer_sync() with timer_delete_sync()
68218fa0862a wifi: ath12k: Fix misspelling "upto" in dp.c
fdc348121f24 irqdomain: pci: Switch to of_fwnode_handle()
be908d236034 wifi: ath12k: Fix invalid memory access while forming 802.11 header
6f8a27a584b2 wifi: ath12k: Fix memory corruption during MLO multicast tx
75ec94db880b wifi: ath12k: Fix memory leak during vdev_id mismatch
cb1790249361 wifi: ath12k: Fix incorrect rates sent to firmware
8fa7292fee5c treewide: Switch/rename to timer_delete[_sync]()
89ac53e96217 wifi: ath12k: Enable REO queue lookup table feature on QCN9274
30b03edd265a wifi: ath12k: Add support to clear qdesc array in REO cache
0bbcd42b15fa wifi: ath12k: Fix the enabling of REO queue lookup table feature
15293c1829d8 wifi: ath12k: Fix spelling errors in mac.c file
dcfebfd4c8dc wifi: ath12k: store and send country code to firmware after recovery
591de41d7008 wifi: ath12k: add 11d scan offload support
773ff9074a79 wifi: ath12k: use correct WMI command to set country code for WCN7850
1b68481fc1d8 wifi: ath12k: add configure country code for WCN7850
c426497fa205 wifi: ath12k: Fix memory leak due to multiple rx_stats allocation
25601e85441d Merge tag 'char-misc-6.15-rc1' of git://git.kernel.org/pub/scm/linux/kernel/git/gregkh/char-misc
7d06015d936c Merge tag 'pci-v6.15-changes' of git://git.kernel.org/pub/scm/linux/kernel/git/pci/pci
0c86b42439b6 Merge tag 'drm-next-2025-03-28' of https://gitlab.freedesktop.org/drm/kernel
112e43e9fd3b Revert "Merge tag 'irq-msi-2025-03-23' of git://git.kernel.org/pub/scm/linux/kernel/git/tip/tip"
79ce49513222 wifi: ath12k: extend dma mask to 36 bits
2c4c3aff7362 wifi: ath12k: add monitor interface support on QCN9274
7423b64191e3 wifi: ath12k: Move to NO_VIRTUAL monitor
1dfa44db967c wifi: ath12k: Refactor the monitor channel context procedure
ea24531d00f7 wifi: ath12k: fix NULL access in assign channel context handler
fc1771b9c59e wifi: ath12k: Avoid packet offset and FCS length from Rx TLV
5393dcb45209 wifi: ath12k: change the status update in the monitor Rx
6a88093f79ea wifi: ath12k: Replace band define G with GHZ where appropriate
a6621bf6397a wifi: ath12k: Avoid fetch Error bitmap and decap format from Rx TLV
3973cda5ef49 wifi: ath12k: Add extra TLV tag parsing support in monitor Rx path
2826139f9295 wifi: ath12k: fix link valid field initialization in the monitor Rx
dea140198b84 Merge branch 'pci/misc'
63c83f1fff49 Merge branch 'pci/controller/dwc-cpu-addr-fixup'
79e08f8d4eea Merge branch 'pci/controller/xilinx-cpm'
a80b04dffe1c Merge branch 'pci/controller/vmd'
6547faa1bc25 Merge branch 'pci/controller/qcom'
d7f6f07ecec9 Merge branch 'pci/controller/mediatek'
5edeea2d7ba6 Merge branch 'pci/controller/layerscape'
f2d4def0e956 Merge branch 'pci/controller/j721e'
ad49cd490e56 Merge branch 'pci/controller/imx6'
8c6dadf8af53 Merge branch 'pci/controller/hyperv'
58746a573ab0 Merge branch 'pci/controller/histb'
ba4751ae1a76 Merge branch 'pci/controller/dwc'
479e4a014bf9 Merge branch 'pci/controller/cadence'
b79789646ede Merge branch 'pci/controller/brcmstb'
c51638f15ef5 Merge branch 'pci/controller/amd-mdb'
17dbd3f621a2 Merge branch 'pci/controller/altera'
8085db1d0791 Merge branch 'pci/scoped-cleanup'
cc28c0e5e725 Merge branch 'pci/endpoint-test'
4c8c0ffd41d1 PCI: layerscape: Fix arg_count to syscon_regmap_lookup_by_phandle_args()
1a9239bb4253 Merge tag 'net-next-6.15' of git://git.kernel.org/pub/scm/linux/kernel/git/netdev/net-next
d66b5b336245 PCI: j721e: Fix the value of .linkdown_irq_regfield for J784S4
e55c67837a8c PCI: dw-rockchip: Endpoint mode cannot raise INTx interrupts
dce3ab4c57e6 Merge tag 'for-linus-6.15-rc1-tag' of git://git.kernel.org/pub/scm/linux/kernel/git/xen/tip
36f5f026df6c Merge tag 'irq-msi-2025-03-23' of git://git.kernel.org/pub/scm/linux/kernel/git/tip/tip
c0dd3f4f7091 wifi: ath12k: enable ath12k AHB support
881edc164071 wifi: ath12k: Power down userPD
c01d5cc9b9fe wifi: ath12k: Power up userPD
f73e089745a0 wifi: ath12k: Register various userPD interrupts and save SMEM entries
10a355ba6238 wifi: ath12k: Power up root PD
6cee30f0da75 wifi: ath12k: add AHB driver support for IPQ5332
6757079c5890 wifi: ath12k: add support for fixed QMI firmware memory
12070392be0b wifi: ath12k: Add hw_params to remap CE register space for IPQ5332
11794f854004 wifi: ath12k: avoid m3 firmware download in AHB device IPQ5332
5fa2fab69f59 wifi: ath12k: add ath12k_hw_params for IPQ5332
5257324583e3 wifi: ath12k: refactor ath12k_hw_regs structure
60031d9c3589 wifi: ath12k: fix incorrect CE addresses
ce0779378c62 wifi: ath12k: don't put ieee80211_chanctx_conf struct in ath12k_link_vif
2f2d52945852 Merge tag 'bitmap-for-6.15' of https://github.com/norov/linux
07ae413e169d PCI: intel-gw: Remove intel_pcie_cpu_addr()
b9812179f601 PCI: imx6: Remove imx_pcie_cpu_addr_fixup()
befc86a0b354 PCI: dwc: Use parent_bus_offset to remove need for .cpu_addr_fixup()
f3e1dccba0a0 PCI: dwc: ep: Ensure proper iteration over outbound map windows
f28b3c9c429d PCI: dwc: ep: Use devicetree 'reg[addr_space]' to derive CPU -> ATU addr offset
d7ae671eba8b PCI: dwc: ep: Consolidate devicetree handling in dw_pcie_ep_get_resources()
92eb132ad1b2 PCI: dwc: ep: Call epc_create() early in dw_pcie_ep_init()
7db02f725df4 PCI: dwc: Use devicetree 'reg[config]' to derive CPU -> ATU addr offset
3b69e1d3815f PCI: dwc: Add dw_pcie_parent_bus_offset() checking and debug
9de3f3cd470b PCI: dwc: Add dw_pcie_parent_bus_offset()
9e141923cf86 PCI: xilinx-cpm: Add cpm_csr register mapping for CPM5_HOST1 variant
2d72d81cacca PCI: brcmstb: Make const read-only arrays static
5f3de23d858e PCI: amd-mdb: Add AMD MDB Root Port driver
6c4d5aadf5df PCI: vmd: Disable MSI remapping bypass under Xen
18056a48669a PCI: vmd: Make vmd_dev::cfg_lock a raw_spinlock_t type
c924c5e9b8c6 Merge net-next/main to resolve conflicts
47c91531edd2 wifi: ath12k: remove open parenthesis
2ce107e06457 PCI: dwc: Consolidate devicetree handling in dw_pcie_host_get_resources()
84f37c43d5fe PCI: dwc: Call devm_pci_alloc_host_bridge() early in dw_pcie_host_init()
513ef9c4965b PCI: dwc: Rename cpu_addr to parent_bus_addr for ATU configuration
8f4a489b370e PCI: dwc: Use resource start as ioremap() input in dw_pcie_pme_turn_off()
e92c658b056b wifi: ath12k: add get_txpower mac ops
b8a0d83fe4c7 wifi: ath12k: move firmware stats out of debugfs
5e44b181bec8 wifi: ath12k: Pass correct values of center freq1 and center freq2 for 320 MHz
b1b01e46a3db wifi: ath12k: Pass correct values of center freq1 and center freq2 for 160 MHz
b36fb5070161 PCI: histb: Fix an error handling path in histb_pcie_probe()
f6a1fdfc78e2 PCI: imx6: Use devm_clk_bulk_get_all() to fetch clocks
81d1d214e171 PCI: imx6: Identify controller via 'linux,pci-domain', not address
1f5a69f1b313 PCI: dw-rockchip: Hide broken ATS capability for RK3588 running in EP mode
e3d6957f1779 PCI: dwc: ep: Add dw_pcie_ep_hide_ext_capability()
8189aa56dbed PCI: dwc: ep: Return -ENOMEM for allocation failures
124bb4e75799 Merge tag 'mhi-for-v6.15' of ssh://gitolite.kernel.org/pub/scm/linux/kernel/git/mani/mhi into char-misc-next
0686a818d77a bus: mhi: host: Fix race between unprepare and queue_buf
50410bad2714 PCI: hv: Switch MSI descriptor locking to guard()
626fb115662c Backmerge tag 'v6.14-rc6' into drm-next
ad3b7174d4d0 PCI: xilinx-cpm: Add support for Versal Net CPM5NC Root Port controller
57b030224074 PCI: xilinx-cpm: Fix IRQ domain leak in error path of probe
2cc699b3c2fe Merge tag 'char-misc-6.14-rc6' of git://git.kernel.org/pub/scm/linux/kernel/git/gregkh/char-misc
f4e026f454d7 PCI: Fix typos
a60a70842005 PCI: dwc: ep: Remove superfluous function dw_pcie_ep_find_ext_capability()
aba2b17810d7 PCI: dw-rockchip: Describe Resizable BARs as Resizable BARs
a2fa5f96140e PCI: keystone: Specify correct alignment requirement
6a6b66f7e607 PCI: keystone: Describe Resizable BARs as Resizable BARs
3a3d4cabe681 PCI: dwc: ep: Allow EPF drivers to configure the size of Resizable BARs
30a172db9fa4 PCI: dwc: ep: Move dw_pcie_ep_find_ext_capability()
0e28ee106c46 Merge tag 'ath-next-20250305' of git://git.kernel.org/pub/scm/linux/kernel/git/ath/ath
60f2ee5f1472 PCI: altera: Add Agilex support
bffc72387aef PCI: tegra: Use helper function for_each_child_of_node_scoped()
f60b4e06a945 PCI: apple: Use helper function for_each_child_of_node_scoped()
8905f8b6f55f PCI: mt7621: Use helper function for_each_available_child_of_node_scoped()
a51adf82f87b PCI: mediatek: Use helper function for_each_available_child_of_node_scoped()
d52334785483 PCI: kirin: Tidy up _probe() related function with dev_err_probe()
20bbb083bbc9 PCI: Add Rockchip Vendor ID
f0f3044d2246 PCI: dwc: Add debugfs property to provide LTSSM status of the PCIe link
27491ac2ccd7 PCI: dwc: Add debugfs based Statistical Counter support for DWC
d20ee8e2dbd6 PCI: dwc: Add debugfs based Error Injection support for DWC
4fbfa17f9a07 PCI: dwc: Add debugfs based Silicon Debug support for DWC
98e87cc501c1 PCI: mediatek-gen3: Fix inconsistent indentation
9a0f3c50bd51 PCI: kirin: Use helper function for_each_available_child_of_node_scoped()
174cfcf13daf PCI: brcmstb: Make irq_domain_set_info() parameter cast explicit
a9ec9fb7385e PCI: brcmstb: Make two changes in MDIO register fields
42fd45be82bb PCI: brcmstb: Use same constant table for config space access
b7de1b60ecab PCI: brcmstb: Fix potential premature regulator disabling
3651ad5249c5 PCI: brcmstb: Fix error path after a call to regulator_bulk_get()
b5e441793e07 PCI: brcmstb: Do not assume that register field starts at LSB
0c97321e11e0 PCI: brcmstb: Use internal register to change link capability
72d36589c6b7 PCI: brcmstb: Set generation limit before PCIe link up
377bced88c32 PCI: brcmstb: Add BCM2712 support
3ac47fbf4f6e PCI: cadence-ep: Fix the driver to send MSG TLP for INTx without data payload
efaf16de43f5 PCI: dwc: Add helper to find the Vendor Specific Extended Capability (VSEC)
249b78298078 PCI: mediatek-gen3: Configure PBUS_CSR registers for EN7581 SoC
9a0dddfb30f1 wifi: ath12k: Fix invalid data access in ath12k_dp_rx_h_undecap_nwifi
d2d9c9b8de72 wifi: ath12k: Report proper tx completion status to mac80211
f4f5ee5e3a21 wifi: ath12k: pass BSSID index as input for EMA
5f1e9f2cbc2b wifi: ath12k: pass tx arvif for MBSSID and EMA beacon generation
20fe6390b503 wifi: ath12k: refactor transmitted arvif retrieval
25a98c727015 PCI: brcmstb: Expand inbound window size up to 64GB
10dbedad3c81 PCI: brcmstb: Reuse pcie_cfg_data structure
2294059118c5 PCI: brcmstb: Add a softdep to MIP MSI-X driver
6f2d839d11b3 wifi: ath11k/ath12k: Replace irq_set_affinity_hint() with irq_set_affinity_and_hint()
b43b1e2c52db wifi: ath12k: Clear affinity hint before calling ath12k_pci_free_irq() in error path
27d38bdfd416 wifi: ath12k: Improve BSS discovery with hidden SSID in 6 GHz band
130377304ed0 Merge drm/drm-next into drm-misc-next
fb51bf025519 Merge tag 'v6.14-rc4' into drm-next
7a610694fa64 PCI: hv: Switch hv_compose_multi_msi_req_get_cpu() to using cpumask_next_wrap()
dc5bb9b769c9 cpumask: deprecate cpumask_next_wrap()
42c812d07088 PCI: qcom-ep: Enable EP mode support for SAR2130P
2df181e1aea4 PCI: brcmstb: Fix missing of_node_put() in brcm_pcie_probe()
9d52691f899b PCI: qcom-ep: Mark BAR0/BAR2 as 64bit BARs and BAR1/BAR3 as RESERVED
e180a01bf2c4 wifi: ath12k: Add NULL check to validate tpc_stats
11d963d44c77 wifi: ath12k: use link specific bss_conf as well in ath12k_mac_vif_cache_flush()
cba6bdfd7929 bus: mhi: host: pci_generic: Add support for SA8775P endpoint
acf3256160bd bus: mhi: host: Avoid possible uninitialized fw_load_type
b6d7bb0d3bd7 PCI: mediatek-gen3: Remove leftover mac_reset assert for Airoha EN7581 SoC
af1c6007a64e wifi: ath12k: Add missing htt_metadata flag in ath12k_dp_tx()
cb9a978a20a4 wifi: ath12k: remove redundant declaration of ath12k_dp_rx_h_find_peer()
25a3c220a2b4 PCI: hv: Correct a comment
a321d163de3d bus: mhi: host: pci_generic: Use pci_try_reset_function() to avoid deadlock
ceb3b35f5ef4 wifi: ath12k: cleanup ath12k_mac_mlo_ready()
7b19d5adadfe wifi: ath12k: Support Received FSE Stats
1dbaae78e7f2 wifi: ath12k: Support Uplink MUMIMO Trigger Stats
e669a18b20e2 wifi: ath12k: Support Uplink OFDMA Trigger Stats
f7c5e24bb191 wifi: ath12k: Support Latency Stats
5c1963119b82 wifi: ath12k: Support Sounding Stats
4f4bd1f8a5c2 wifi: ath12k: Enable MLO for single split-phy PCI device
16266b7ad6c0 wifi: ath12k: Remove dependency on single_chip_mlo_support for mlo_capable flag
5cec2d86c7f4 wifi: ath12k: Enable MLO setup ready and teardown commands for single split-phy device
b9c7299a3341 wifi: ath12k: Fix locking in "QMI firmware ready" error paths
2f50de725677 wifi: ath12k: Add support for MLO Multicast handling in driver
5d964966bd3f wifi: ath12k: Update HTT_TCL_METADATA version and bit mask definitions
81e4be30544e wifi: ath12k: handle link removal in change_vif_links()
315d80be304a wifi: ath12k: allocate new links in change_vif_links()
b81c39d67fbf wifi: ath12k: relocate a few functions in mac.c
00e4dc11695d wifi: ath12k: use arvif instead of link_conf in ath12k_mac_set_key()
8acc7ec53ac4 wifi: ath12k: remove redundant logic for initializing arvif
ab6270c4dec3 wifi: ath12k: remove redundant vif settings during link interface creation
80f816d07ba0 wifi: ath12k: introduce ath12k_generic_dbg()
cc5faf08aa3a wifi: ath12k: eliminate redundant debug mask check in ath12k_dbg()
a412547f2a8b wifi: ath12k: Add peer extended Rx statistics debugfs support
98677080467c wifi: ath12k: Refactor the format of peer rate table information
03ac9e9144c5 wifi: ath12k: Add EHT MCS support in Extended Rx statistics
dff4f278ee1e wifi: ath12k: fix the ampdu id fetch in the HAL_RX_MPDU_START TLV
0cded0e41346 wifi: ath12k: Update the peer id in PPDU end user stats TLV
d939919a36f4 wifi: ath12k: Add HAL_PHYRX_OTHER_RECEIVE_INFO TLV parsing support
e6fa62bada87 wifi: ath12k: Add HAL_RX_PPDU_START_USER_INFO TLV parsing support
f756f878692f wifi: ath12k: Add HAL_PHYRX_GENERIC_EHT_SIG TLV parsing support
a5f3c2b89136 wifi: ath12k: Add HAL_PHYRX_GENERIC_U_SIG TLV parsing support
cb53a6785ea5 wifi: ath12k: add support of station average signal strength
17847ea6ced8 Merge tag 'wireless-2025-02-07' of git://git.kernel.org/pub/scm/linux/kernel/git/wireless/wireless
c8006fbd0f4f bus: mhi: host: Remove unused functions
93c7dd1b3944 Merge drm/drm-next into drm-misc-next
f5c90ff80b4c wifi: ath12k: Add Support to Calculate and Display TPC Values
f0c3bb78e42f wifi: ath12k: Add Support to Parse TPC Event from Firmware
7a3e8eec8d18 wifi: ath12k: Dump additional PDEV receive rate HTT stats
a24cd7583003 wifi: ath12k: Dump PDEV receive rate HTT stats
ba42b22aa336 wifi: ath12k: Dump PDEV transmit rate HTT stats
0a43c3a520e9 wifi: ath12k: Add support for reading variant from ACPI to download board data file
33fdeb544ea5 wifi: ath12k: Adjust the timing to access ACPI table
c6a7c0b09d5f wifi: ath12k: Add Support for enabling or disabling specific features based on ACPI bitflag
b59d1f8207de wifi: ath12k: Add support for obtaining the buffer type ACPI function bitmap
2fc98b24adb9 wifi: ath12k: handle ath12k_mac_ieee80211_sta_bw_to_wmi() for link sta
090c645b2acc wifi: ath12k: relocate ath12k_mac_ieee80211_sta_bw_to_wmi()
268c73d470a5 wifi: ath12k: Avoid napi_sync() before napi_enable()
36f002a3e36e wifi: ath12k: prevent CSA counter to reach 0 and hit WARN_ON_ONCE
e26a6989b10a wifi: ath12k: update the latest CSA counter
f9c88d65e805 wifi: ath12k: fix handling of CSA offsets in beacon template command
409444596974 wifi: ath12k: update beacon template function to use arvif structure
8a5ad319f2e6 wifi: ath12k: remove return for empty tx bitrate in mac_op_sta_statistics
df11edfba49e wifi: ath12k: fix ath12k_hal_tx_cmd_ext_desc_setup() info1 override
f88f1d0998ea bus: mhi: host: Add a policy to enable image transfer via BHIe in PBL
d07569ebcbd6 bus: mhi: host: Refactor BHI/BHIe based firmware loading
24f587572acf wifi: ath12k: Fetch regdb.bin file from board-2.bin
3319569bf9d8 Merge tag 'ath-current-20250124' of git://git.kernel.org/pub/scm/linux/kernel/git/ath/ath
13845bdc869f Merge tag 'char-misc-6.14-rc1' of git://git.kernel.org/pub/scm/linux/kernel/git/gregkh/char-misc
58b976e4f4b4 wifi: ath12k: Enable monitor ring mask for QCN9274
3bcc4e830e05 wifi: ath12k: Handle monitor drop TLVs scenario
ecfc13138992 wifi: ath12k: Avoid memory leak while enabling statistics
67434640e522 wifi: ath12k: Handle PPDU spread across multiple buffers
394a3fa7c538 wifi: ath12k: Optimize NAPI budget by adjusting PPDU processing
8520ba9bb8f4 wifi: ath12k: Handle end reason for the monitor destination ring
51ad34a47e9f wifi: ath12k: Add drop descriptor handling for monitor ring
6788a666000d wifi: ath12k: Fix end offset bit definition in monitor ring descriptor
63fdc4509bcf wifi: ath12k: Fix invalid entry fetch in ath12k_dp_mon_srng_process
cf544270c739 wifi: ath12k: Restructure the code for monitor ring processing
39f1d751d2ae wifi: ath12k: Avoid code duplication in monitor ring processing
6e8c9ba7f030 wifi: ath12k: Avoid multiple times configuring monitor filter
9b0d8fb3326b wifi: ath12k: Enable filter config for monitor destination ring
dbb73909eea3 wifi: ath12k: Add HTT source ring ID for monitor rings
4e635b81db9d wifi: ath12k: Fix pdev lookup in WBM error processing
b826ad94d896 wifi: ath12k: Request pdev stats from firmware
9fe4669ae919 wifi: ath12k: Request beacon stats from firmware
e367c924768b wifi: ath12k: Request vdev stats from firmware
1b24394ed5c8 wifi: ath12k: fix memory leak in ath12k_pci_remove()
07c34cad10ab wifi: ath12k: encode max Tx power in scan channel list command
79e7b04b5388 wifi: ath12k: report station mode signal strength
5e73276c814f wifi: ath12k: report station mode receive rate for IEEE 802.11be
8a9c06b40882 wifi: ath12k: report station mode transmit rate
647d69605c70 Merge tag 'pci-v6.14-changes' of git://git.kernel.org/pub/scm/linux/kernel/git/pci/pci
64a1ba4072b3 wifi: ath12k: fix handling of 6 GHz rules
4d3bf4e8450c Merge branch 'pci/controller/xilinx-cpm'
d3f0bec2a490 Merge branch 'pci/controller/rockchip'
a306f01eb5b1 Merge branch 'pci/controller/rcar-ep'
1854b2e019b4 Merge branch 'pci/controller/mvebu'
8d35c2b0eb22 Merge branch 'pci/controller/microchip'
1276ad01a25e Merge branch 'pci/controller/mediatek'
09b7c1627b40 Merge branch 'pci/controller/layerscape'
5b9c74b635a6 Merge branch 'pci/controller/imx6'
349b434b7a19 Merge branch 'pci/controller/dwc'
8ee6c616337a Merge branch 'pci/controller/dra7xx'
ec3619abbf0e Merge branch 'pci/controller/iommu-map'
28a9972e0f06 wifi: ath12k: fix skb_ext_desc leak in ath12k_dp_tx() error path
641b0c64b85a Merge tag 'clk-for-linus' of git://git.kernel.org/pub/scm/linux/kernel/git/clk/linux
a93185b708f2 wifi: ath12k: Disable MLO in Factory Test Mode
3bc374cbc49e wifi: ath12k: add factory test mode support
786d5258faba wifi: ath12k: export ath12k_wmi_tlv_hdr for testmode
0ad9617c78ac Merge tag 'net-next-6.14' of git://git.kernel.org/pub/scm/linux/kernel/git/netdev/net-next
1390a33b3d04 PCI: microchip: Set inbound address translation for coherent or non-coherent mode
4c551165e771 Merge tag 'irq-core-2025-01-21' of git://git.kernel.org/pub/scm/linux/kernel/git/tip/tip
1108d677dae2 PCI: dwc: Simplify config resource lookup
b881532991f8 PCI: imx6: Clean up comments and whitespace
66cc61a25c7d Merge tag 'wireless-next-2025-01-17' of git://git.kernel.org/pub/scm/linux/kernel/git/wireless/wireless-next
9d6b1bd6b3c8 PCI: imx6: Add i.MX8MQ, i.MX8Q and i.MX95 PM support
a528d1a72597 PCI: imx6: Use DWC common suspend resume method
ec57335b81d8 PCI: dwc: Add dw_pcie_suspend_noirq(), dw_pcie_resume_noirq() stubs for !CONFIG_PCIE_DW_HOST
112aba9a7934 PCI: dwc: Remove LTSSM state test in dw_pcie_suspend_noirq()
86a016e278b7 PCI: dwc: Always stop link in the dw_pcie_suspend_noirq
ec9fd499b9c6 PCI: dw-rockchip: Don't wait for link since we can detect Link Up
0e0b45ab5d77 PCI: dw-rockchip: Enumerate endpoints based on dll_link_up IRQ
f0639013d340 PCI: qcom: Update ICC and OPP values after Link Up event
36971d6c5a9a PCI: qcom: Don't wait for link if we can detect Link Up
8d3bf19f1b58 PCI: dwc: Don't wait for link up if driver can detect Link Up event
574913f9e197 PCI: dwc: Fix potential truncation in dw_pcie_edma_irq_verify()
1254580d4f83 wifi: ath12k: Refactor Rx status TLV parsing procedure argument
844c256892e1 wifi: ath12k: Refactor the monitor Tx/RX handler procedure arguments
b238941e8e97 wifi: ath12k: Refactor the monitor Rx parser handler argument
ad9afd750301 PCI: dra7xx: Use syscon_regmap_lookup_by_phandle_args
149fc35734e5 PCI: layerscape: Use syscon_regmap_lookup_by_phandle_args
6dd24b0a858e PCI: imx6: Remove surplus imx7d_pcie_init_phy() function
93d883f89063 PCI: imx6: Add missing reference clock disable logic
ef61c7d8d032 PCI: imx6: Deassert apps_reset in imx_pcie_deassert_core_reset()
f068ffdd034c PCI: imx6: Skip controller_id generation logic for i.MX7D
7ab93e6a08d1 PCI: imx6: Fetch dbi2 and iATU base addesses from DT
de22e20589b7 PCI: imx6: Configure PHY based on Root Complex or Endpoint mode
137250911f4e PCI: imx6: Add Refclk for i.MX95 PCIe
687aedb73a40 PCI: imx6: Add i.MX8Q PCIe Endpoint (EP) support
2ee738e90e80 Merge git://git.kernel.org/pub/scm/linux/kernel/git/netdev/net
d9f6642ab7ca PCI: apple: Convert to {en,dis}able_device() callbacks
477ac7b0a798 PCI: host-generic: Allow {en,dis}able_device() to be provided via pci_ecam_ops
ce4c43017285 PCI: imx6: Add IOMMU and ITS MSI support for i.MX95
7d04319a05ab x86/apic: Convert to IRQCHIP_MOVE_DEFERRED
7ca288760007 PCI: rockchip-ep: Fix error code in rockchip_pcie_ep_init_ob_mem()
500969661b02 PCI: rockchip: Refactor rockchip_pcie_disable_clocks() signature
18715931a5c0 PCI: rockchip: Simplify reset control handling by using reset_control_bulk*() function
336097d74c28 wifi: ath12k: fix key cache handling
4aae869847ce wifi: ath12k: Fix uninitialized variable access in ath12k_mac_allocate() function
54fcdcf07baa wifi: ath12k: Remove ath12k_get_num_hw() helper function
812a30271d48 wifi: ath12k: Refactor the ath12k_hw get helper function argument
21261e4d564e wifi: ath12k: Refactor ath12k_hw set helper function argument
26cdda544479 PCI: mvebu: Enable module autoloading
abdd4c8ea7d7 PCI: rockchip: Simplify clock handling by using clk_bulk*() functions
fd46bc0e0bb3 PCI: rockchip: Add missing fields descriptions for struct rockchip_pcie_ep
2d2da5a4c1b4 PCI: rcar-ep: Fix incorrect variable used when calling devm_request_mem_region()
17bd5e4dc96c PCI: mediatek-gen3: Enable async probe by default
491cb9c50847 PCI: mediatek-gen3: Avoid PCIe resetting via PERST# for Airoha EN7581 SoC
c98bee18d0a0 PCI: mediatek-gen3: Rely on msleep() in mtk_pcie_en7581_power_up()
90d4e466c9ea PCI: mediatek-gen3: Move reset delay in mtk_pcie_en7581_power_up()
0c9d2d2ef0d9 PCI: mediatek-gen3: Add comment about initialization order in mtk_pcie_en7581_power_up()
e4c7dfd953f7 PCI: mediatek-gen3: Move reset/assert callbacks in .power_up()
0e7a622da17d PCI: mediatek-gen3: Rely on clk_bulk_prepare_enable() in mtk_pcie_en7581_power_up()
be887fcad3f1 Merge 6.13-rc4 into char-misc-next
f647dc6512ef wifi: ath12k: Support pdev Puncture Stats
89699f029cd4 wifi: ath12k: Support AST Entry Stats
3f482f243475 wifi: ath12k: Support Transmit Buffer OFDMA Stats
c9f6ee2701d7 wifi: ath12k: Support Transmit Rate Buffer Stats
29904a40127c bus: mhi: host: pci_generic: Enable MSI-X if the endpoint supports
3540bba855b4 wifi: ath12k: fix tx power, max reg power update to firmware
2d64da9ed5d8 wifi: ath12k: set flag for mgmt no-ack frames in Tx completion
9035756c1885 wifi: ath12k: Include MLO memory in firmware coredump collection
40562e84e262 wifi: ath12k: handle radar detection with MLO
11b86e2ce942 wifi: ath12k: fix CAC running state during virtual interface start
d31241cbd9c5 wifi: ath12k: rename CAC_RUNNING flag
9241459b3cc2 bus: mhi: host: pci_generic: Add support for QDU100 device
10106d5c1f9c PCI: exynos: Switch to devm_clk_bulk_get_all_enabled()
578f6fc55c2c wifi: ath12k: Fix spelling mistake "requestted" -> "requested"
8534c42397ed wifi: ath12k: Avoid explicit type cast in monitor status parse handler
61f247a06c3c wifi: ath12k: Change the Tx monitor SRNG ring ID
0345f28a1226 wifi: ath12k: Remove unused HAL Rx mask in DP monitor path
ebee84cc961c wifi: ath12k: fix incorrect TID updation in DP monitor status path
b79462532cd5 wifi: ath12k: Fix the misspelled of hal TLV tag HAL_PHYRX_GENERICHT_SIG
6a6d941a3994 wifi: ath12k: cleanup Rx peer statistics structure
61a0d9a879c3 wifi: ath12k: Refactor monitor status TLV structure
d506e55fe39b wifi: ath12k: Add documentation HTT_H2T_MSG_TYPE_RX_RING_SELECTION_CFG
bf2da5c4f5b5 wifi: ath12k: Decrease ath12k_mac_station_assoc() stack usage
6ff412420e5e wifi: ath12k: Decrease ath12k_sta_rc_update_wk() stack usage
445718c9958c wifi: ath12k: Decrease ath12k_bss_assoc() stack usage
aa21668ab3c7 wifi: ath12k: Decrease ath12k_mac_op_remain_on_channel() stack usage
be8d47f181fd wifi: ath12k: Add support for parsing 64-bit TLVs
4eea7596b8fb PCI: xilinx-cpm: Add support for Versal CPM5 Root Port Controller 1
b61fef0813cb PCI: artpec6: Implement dw_pcie_ep operation get_features
129f6af747b2 PCI: dwc: ep: Add 'address' alignment to 'size' check in dw_pcie_prog_ep_inbound_atu()
3708acbd5f16 PCI: dwc: ep: Prevent changing BAR size/flags in pci_epc_set_bar()
33a6938e0c33 PCI: dwc: ep: Write BAR_MASK before iATU registers in pci_epc_set_bar()
d33bc467e832 wifi: ath12k: advertise MLO support and capabilities
02213c21fb8d wifi: ath12k: assign unique hardware link IDs during QMI host cap
043b473e3e02 wifi: ath12k: add ATH12K_FW_FEATURE_MLO capability firmware feature
2c737079493d wifi: ath12k: remove warning print in htt mlo offset event message
77478788c957 wifi: ath12k: add no-op without debug print in WMI Rx event
6792b3ca14ad wifi: ath12k: add can_activate_links mac operation
3863f014ad23 wifi: ath12k: symmetrize scan vdev creation and deletion during HW scan
7462d67c660f wifi: ath12k: pass link ID during MLO while delivering skb
72c24b1b779d wifi: ath12k: fix ar->supports_6ghz usage during hw register
78cf6fd16572 wifi: ath12k: fix ath12k_qmi_alloc_chunk() to handle too large allocations
ae6b065282ab wifi: ath12k: advertise multi device interface combination
3c9bc818b8f1 wifi: ath12k: Refactor radio frequency information
8fea0066b4b4 wifi: ath12k: introduce interface combination cleanup helper
555872c47795 wifi: ath12k: add helper function to init partner cmem configuration
1d18b197bc4b wifi: ath12k: add partner device buffer support in receive data path
1a73acb5fba4 wifi: ath12k: move to HW link id based receive handling
628bbaa551da wifi: ath12k: avoid redundant code in DP Rx error process
b716a10d99a2 wifi: ath12k: enable MLO setup and teardown from core
cc64deef0bdb wifi: ath12k: Add MLO WMI setup and teardown functions
48090fae676e wifi: ath12k: add support to allocate MLO global memory region
786f34b5b4a4 wifi: ath12k: refactor ath12k_qmi_alloc_target_mem_chunk()
08a4c51c6ea0 wifi: ath12k: send partner device details in QMI MLO capability
908c10c860e0 wifi: ath12k: parse multiple device information from Device Tree
5a10971c7645 wifi: ath12k: fix read pointer after free in ath12k_mac_assign_vif_to_vdev()
58fa8109fa8d wifi: ath12k: Off by one in ath12k_wmi_process_csa_switch_count_event()
02f41c8aa643 wifi: ath12k: fix leaking michael_mic for non-primary links
b20821248e26 Merge tag 'ath-next-20241209' of git://git.kernel.org/pub/scm/linux/kernel/git/ath/ath
da8656797ae1 wifi: ath12k: introduce mlo_capable flag for device group
d302ac65ac93 wifi: ath12k: send QMI host capability after device group is ready
a343d97f27f5 wifi: ath12k: move struct ath12k_hw from per device to group
ee146e11b4d9 wifi: ath12k: refactor core start based on hardware group
6f245ea0ec6c wifi: ath12k: introduce device group abstraction
46d16f7e1d14 wifi: ath12k: rename mlo_capable_flags to single_chip_mlo_supp
a5686ae820fa wifi: ath12k: move ATH12K_FLAG_REGISTERED handling to ath12k_mac_register()
098d8374033f bus: mhi: host: pci_generic: fix MHI BAR mapping
7222ae1d3e4e bus: mhi: host: Free mhi_buf vector inside mhi_alloc_bhie_table()
45e72c306c08 wifi: ath12k: introduce QMI firmware ready flag
17dd22aff527 wifi: ath12k: add ath12k_get_num_hw()
016abac20b83 wifi: ath12k: add ath12k_ab_to_ah() and ath12k_ab_set_ah()
fc38e9339c47 wifi: ath12k: Refactor core startup
2eff01ee2881 Merge tag 'char-misc-6.13-rc1' of git://git.kernel.org/pub/scm/linux/kernel/git/gregkh/char-misc
8c2143702d07 wifi: ath12k: ath12k_mac_op_sta_rc_update(): use mac80211 provided link id
ad969bc9ee73 wifi: ath12k: ath12k_mac_op_set_key(): fix uninitialized symbol 'ret'
aa80f12f3bed wifi: ath12k: defer vdev creation for MLO
1833a2ce5d7d wifi: ath12k: ath12k_bss_assoc(): MLO support
90570ba4610b wifi: ath12k: do not return invalid link id for scan link
85edf16384d1 wifi: ath12k: ath12k_mac_station_add(): fix potential rx_stats leak
5419ef950da4 wifi: ath12k: ath12k_mac_op_ampdu_action(): MLO support
2197feb0249d wifi: ath12k: ath12k_mac_op_flush(): MLO support
648a121bafa3 wifi: ath12k: ath12k_mac_op_tx(): MLO support
56dcbf0b5207 wifi: ath12k: convert struct ath12k::wmi_mgmt_tx_work to struct wiphy_work
1746db26f85e Merge tag 'pci-v6.13-changes' of git://git.kernel.org/pub/scm/linux/kernel/git/pci/pci
10099266dec8 Merge branch 'pci/typos'
e6b95ef1afc8 Merge branch 'pci/controller/vmd'
c60603ca1d2c Merge branch 'pci/controller/tegra194'
72ae381b00ab Merge branch 'pci/controller/rockchip'
f54ff407e623 Merge branch 'pci/controller/qcom'
7b5d234e69f7 Merge branch 'pci/controller/microchip'
4268106135aa Merge branch 'pci/controller/mediatek'
c1787c3e41e5 Merge branch 'pci/controller/keystone'
5c8bd7f27704 Merge branch 'pci/controller/j721e'
7b86e0a589b1 Merge branch 'pci/controller/imx6'
2b4049d19213 Merge branch 'pci/controller/dwc'
5b8d59ca2727 Merge branch 'pci/controller/cadence'
bd4334887265 Merge branch 'pci/endpoint'
c03d361c2036 Merge branch 'pci/resource'
95e93032badb Merge branch 'pci/pm'
dd9761236857 Merge branch 'pci/driver-remove'
a7137cbf6bd5 PCI: rockchip-ep: Handle PERST# signal in EP mode
bd6e61df4b2e PCI: rockchip-ep: Improve link training
00080d0887df PCI: rockship-ep: Implement the pci_epc_ops::stop_link() operation
091022f5f945 PCI: rockchip-ep: Refactor endpoint link training enable
8efda8aebeed PCI: rockchip-ep: Refactor rockchip_pcie_ep_probe() MSI-X hiding
945648019466 PCI: rockchip-ep: Refactor rockchip_pcie_ep_probe() memory allocations
2968534e63e5 PCI: rockchip-ep: Rename rockchip_pcie_parse_ep_dt()
9f737cca6c54 PCI: rockchip-ep: Fix MSI IRQ data mapping
b21255326db2 PCI: rockchip-ep: Implement the pci_epc_ops::align_addr() operation
d8dbd21cfafd PCI: rockchip-ep: Improve rockchip_pcie_ep_map_addr()
57ed93fe799b PCI: rockchip-ep: Improve rockchip_pcie_ep_unmap_addr()
739e25f51aed PCI: rockchip-ep: Use a macro to define EP controller .align feature
64f093c4d99d PCI: rockchip-ep: Fix address translation unit programming
63fdb90642ee wifi: ath12k: Use mac80211 sta's link_sta instead of deflink
3952657848c0 wifi: ath12k: Use mac80211 vif's link_conf instead of bss_conf
aaac8850a07f wifi: ath12k: modify chanctx iterators for MLO
a0300e6bcfd4 wifi: ath12k: add reo queue lookup table for ML peers
061097e5732d wifi: ath12k: use arsta instead of sta
ea4192553850 wifi: ath12k: add primary link for data path operations
a27fa6148dac wifi: ath12k: support change_sta_links() mac80211 op
8e6f8bc28603 wifi: ath12k: Add MLO station state change handling
47c7ebfba30f wifi: ath12k: Fix inappropriate use of print_array_to_buf_index()
1cfa6d4e5bd9 wifi: ath12k: Fix endianness issue in struct hal_tlv_64_hdr
ea58aae84584 wifi: ath12k: Support MBSSID Control Frame Stats
c8f314703bcb wifi: ath12k: Support Transmit PER Rate Stats
3a660e7fa44d wifi: ath12k: Support SoC Common Stats
c3527cdfcdf7 wifi: ath12k: Support phy counter and TPC stats
a93d125ebfdd wifi: ath12k: Support Downlink Pager Stats
118397c9baaa PCI: dwc: ep: Fix advertised resizable BAR size regression
154fc1f64208 PCI: dwc: Use of_property_present() for non-boolean properties
3fafc38b77be PCI: dwc: ep: Use align addr function for dw_pcie_ep_raise_{msi,msix}_irq()
31457d4cea19 PCI: Fix typos
6168efbebace PCI: starfive: Enable controller runtime PM before probing host bridge
d19ea320d302 PCI: mediatek-gen3: Remove unneeded semicolon
e3e309b2bea8 PCI: cadence: Lower severity of message when phy-names property is absent in DTS
eb8c05347138 wifi: ath12k: Fix for out-of bound access error
bd23e836423e bus: mhi: host: pci_generic: Use pcim_iomap_region() to request and map MHI BAR
23388a1b305e bus: mhi: host: Switch trace_mhi_gen_tre fields to native endian
9e9ec8d8692a PCI: keystone: Add link up check to ks_pcie_other_map_bus()
5a938ed9481b PCI: keystone: Set mode as Root Complex for "ti,keystone-pcie" compatible
ac7f53b7e728 PCI: microchip: Add support for using either Root Port 1 or 2
d66041063192 PCI: vmd: Set devices to D0 before enabling PM L1 Substates
b727484cace4 PCI: vmd: Add DID 8086:B06F and 8086:B60B for Intel client SKUs
0a726f542d7c PCI: imx6: Fix suspend/resume support on i.MX6QDL
b609a15e7969 PCI: mediatek-gen3: Add support for restricting link width
507f8e730100 wifi: ath12k: Add MLO peer assoc command support
c20dbc8c68b3 wifi: ath12k: add helper to find multi-link station
0660e1e2ed5f wifi: ath12k: add multi-link flag in peer create command
7fd8b4cbde65 wifi: ath12k: Add helpers for multi link peer creation and deletion
a2189d2b8005 wifi: ath12k: introduce ath12k_hw_warn()
c8a98ed160e5 wifi: ath12k: Refactor sta state machine
1ea0cdee6fb3 wifi: ath12k: MLO vdev bringup changes
757cc4652009 wifi: ath12k: ath12k_mac_vdev_create(): use goto for error handling
38db1ae301c3 wifi: ath12k: mark QMI driver event helpers as noinline
e73ea1c2d4d8 PCI: dwc: endpoint: Implement the pci_epc_ops::align_addr() operation
ade7da14954a PCI: mediatek-gen3: Add support for setting max-link-speed limit
fba6045161d6 PCI: qcom: Disable ASPM L0s for X1E80100
1362af92bcf5 PCI: qcom: Remove BDF2SID mapping config for SC8280X family SoC
22a9120479a4 PCI: j721e: Deassert PERST# after a delay of PCIE_T_PVPERL_MS milliseconds
a63b74f2e35b PCI: qcom: Add support for IPQ9574
08e835268c35 PCI: j721e: Add PCIe support for J722S SoC
40e2125381dc PCI: tegra194: Move controller cleanups to pex_ep_event_pex_rst_deassert()
7d7cf89b119a PCI: qcom-ep: Move controller cleanups to qcom_pcie_perst_deassert()
ba4a2e2317b9 PCI: qcom: Enable MSI interrupts together with Link up if 'Global IRQ' is supported
3c1f19ab3d59 Merge tag 'ath-next-20241030' of git://git.kernel.org/pub/scm/linux/kernel/git/ath/ath
12dd12821f1e PCI: dwc: endpoint: Clear outbound address on unmap
cdad73716057 wifi: ath12k: convert tasklet to BH workqueue for CE interrupts
f7b982d13df7 wifi: ath12k: fix A-MSDU indication in monitor mode
bba112e6ed9b wifi: ath12k: use tail MSDU to get MSDU information
78d2405fd51b wifi: ath12k: delete NSS and TX power setting for monitor vdev
f76bbedf5bda wifi: ath12k: fix struct hal_rx_mpdu_start
04f33114af00 wifi: ath12k: fix struct hal_rx_phyrx_rssi_legacy_info
2298e37ac058 wifi: ath12k: fix struct hal_rx_ppdu_start
68e6a80b3619 wifi: ath12k: fix struct hal_rx_ppdu_end_user_stats
4d05ee786e32 wifi: ath12k: remove unused variable monitor_present
88b67e91e292 wifi: mac80211: call rate_control_rate_update() for link STA
ca68ce0d9f4b wifi: ath12k: fix warning when unbinding
1304446f6786 wifi: ath12k: fix crash when unbinding
fd01ace11404 wifi: ath12k: remove msdu_end structure for WCN7850
477cabfdb776 wifi: ath12k: modify link arvif creation and removal for MLO
f4adb07e0a52 wifi: ath12k: update ath12k_mac_op_update_vif_offload() for MLO
af41f908c9e4 wifi: ath12k: update ath12k_mac_op_conf_tx() for MLO
25e18b9d6b4b wifi: ath12k: modify ath12k_mac_op_set_key() for MLO
afbab6e4e88d wifi: ath12k: modify ath12k_mac_op_bss_info_changed() for MLO
94a2712f0b15 wifi: ath12k: modify ath12k_get_arvif_iter() for MLO
abaadb934b30 wifi: ath12k: modify ath12k_mac_vif_chan() for MLO
84c597108294 wifi: ath12k: prepare vif config caching for MLO
b89b5dbea652 wifi: ath12k: prepare sta data structure for MLO handling
005fe43b93de wifi: ath12k: pass ath12k_link_vif instead of vif/ahvif
3dd2c68f206e wifi: ath12k: prepare vif data structure for MLO handling
25ff1ae52139 wifi: ath12k: Support BE OFDMA Pdev Rate Stats
9fa60c6d4059 wifi: ath12k: Support Pdev Scheduled Algorithm Stats
6c3bd9c31aad wifi: ath12k: Support DMAC Reset Stats
a9b46dd2e483 wifi: ath12k: Add firmware coredump collection support
c347f1816021 wifi: ath12k: add missing lockdep_assert_wiphy() for ath12k_mac_op_ functions
e805272f8c2d wifi: ath12k: ath12k_mac_op_sta_state(): clean up update_wk cancellation
37d06d71e69c wifi: ath12k: ath12k_mac_set_key(): remove exit label
31489439e648 wifi: ath12k: cleanup unneeded labels
b8c67509b91e wifi: ath12k: switch to using wiphy_lock() and remove ar->conf_mutex
58550cdda961 wifi: ath12k: convert struct ath12k_sta::update_wk to use struct wiphy_work
8fac3266c68a wifi: ath12k: fix atomic calls in ath12k_mac_op_set_bitrate_mask()
15d91424ea82 wifi: ath12k: Support Pdev OBSS Stats
3f5ecfc4503a wifi: ath12k: Support pdev CCA Stats
6f27b59af173 wifi: ath12k: Support pdev Transmit Multi-user stats
7e4eed987d5d wifi: ath12k: Support Ring and SFM stats
44cfb7c58eb8 wifi: ath12k: Support Self-Generated Transmit stats
783602c920e9 PCI: Use resource_set_{range,size}() helpers
19c23eb61fa4 wifi: ath12k: fix one more memcpy size error
e985dc550297 wifi: ath12k: Modify print_array_to_buf() to support arrays with 1-based semantics
bdb281103373 wifi: ath12k: fix use-after-free in ath12k_dp_cc_cleanup()
3c87b3c85a53 PCI: controller: Switch back to struct platform_driver::remove()
8daf110a44e7 bus: mhi: host: Fix typos in the comments
1a0c640ce1cd wifi: ath12k: Skip Rx TID cleanup for self peer
3ed5cb8dfbeb wifi: ath12k: move txbaddr/rxbaddr into struct ath12k_dp
62a0e2fa40c5 Merge tag 'net-6.12-rc1' of git://git.kernel.org/pub/scm/linux/kernel/git/netdev/net
5e5466433d26 Merge tag 'char-misc-6.12-rc1' of git://git.kernel.org/pub/scm/linux/kernel/git/gregkh/char-misc
f011b313e8eb net: qrtr: Update packets cloning when broadcasting
3a37872316c2 Merge tag 'pci-v6.12-changes' of git://git.kernel.org/pub/scm/linux/kernel/git/pci/pci
5dc07a20ac1c Merge branch 'pci/misc'
bb78146c18ac Merge branch 'pci/controller/xilinx'
11e32bbe7858 Merge branch 'pci/controller/vmd'
187b811570db Merge branch 'pci/controller/rcar-gen4'
45e981b86df3 Merge branch 'pci/controller/qcom'
1bcf23315491 Merge branch 'pci/controller/mediatek-gen3'
487ce3e500b0 Merge branch 'pci/controller/mediatek'
af6491944072 Merge branch 'pci/controller/kirin'
e5f8d1c75b29 Merge branch 'pci/controller/keystone'
d1624da381cb Merge branch 'pci/controller/j721e'
f8ca62bff229 Merge branch 'pci/controller/imx6'
5ec58799e832 Merge branch 'pci/controller/dra7xx'
da71957c8b8b Merge branch 'pci/controller/cadence'
b893f8ea38c5 Merge branch 'pci/controller/brcmstb'
37b35d4d2ce2 Merge branch 'pci/controller/altera'
f045bc60d507 Merge branch 'pci/controller/affinity'
5c7bdac783be PCI: Fix typos
f8acfee2f8e0 wifi: ath12k: make read-only array svc_id static const
4d60f6d4b8fa PCI: dra7xx: Fix error handling when IRQ request fails in probe
03f84b3baba7 PCI: dra7xx: Fix threaded IRQ request for "dra7xx-pcie-main" IRQ
d14bc28af34f PCI: qcom: Add RX lane margining settings for 16.0 GT/s
d45736b59849 PCI: qcom: Add equalization settings for 16.0 GT/s
19a69cbd9d43 PCI: dwc: Always cache the maximum link speed value in dw_pcie::max_link_speed
2cebf68a24ab PCI: dwc: Rename 'dw_pcie::link_gen' to 'dw_pcie::max_link_speed'
d3745e3ae6c0 PCI: qcom-ep: Enable controller resources like PHY only after refclk is available
a18c097eda42 Merge tag 'wireless-next-2024-09-11' of git://git.kernel.org/pub/scm/linux/kernel/git/wireless/wireless-next
c2699778e6be PCI: imx6: Add i.MX8Q PCIe Root Complex (RC) support
87f10faf166a PCI: Rename CRS Completion Status to RRS
dd4e47eab886 PCI: aardvark: Correct Configuration RRS checking
2a0091f9419c PCI: brcmstb: Sort enums, pcie_offsets[], pcie_cfg_data, .compatible strings
fe57beb026ef Merge tag 'ath-next-20240909' of git://git.kernel.org/pub/scm/linux/kernel/git/ath/ath
8026f2d8e8a9 PCI: imx6: Call common PHY API to set mode, speed, and submode
eea9ecebe2f8 PCI: imx6: Consolidate redundant if-checks
52ac41b5cd60 PCI: imx6: Improve comment for workaround ERR010728
5223084d1383 PCI: imx6: Simplify switch-case logic by involve core_reset callback
256867b74625 PCI: imx6: Introduce SoC specific callbacks for controlling REFCLK
d657ea28d550 PCI: imx6: Rename imx6_* with imx_*
5b04d44d5c74 PCI: imx6: Fix missing call to phy_power_off() in error handling
5cb3aa92c7cf PCI: imx6: Fix i.MX8MP PCIe EP's occasional failure to trigger MSI
5214ff221a14 PCI: imx6: Fix establish link failure in EP mode for i.MX8MM and i.MX8MP
895b4fae931a Merge 6.11-rc7 into char-misc-next
91e5d15c7b19 PCI: brcmstb: Enable 7712 SoCs
8215851c74f9 PCI: brcmstb: Change field name from 'type' to 'soc_base'
6f61062fce86 PCI: brcmstb: Check return value of all reset_control_* calls
ae6476c6de18 PCI: brcmstb: Refactor for chips with many regular inbound windows
bca8bc0399ac wifi: mac80211: handle ieee80211_radar_detected() for MLO
c500a86693a1 PCI: kirin: Fix buffer overflow in kirin_pcie_parse_port()
8745aaab60a6 PCI: altera: Replace TLP_REQ_ID() with macro PCI_DEVID()
502cc061de66 Merge git://git.kernel.org/pub/scm/linux/kernel/git/netdev/net
02f454f9aa62 wifi: ath12k: Avoid -Wflex-array-member-not-at-end warnings
3ff77190cc89 Merge tag 'mhi-for-v6.12' of ssh://gitolite.kernel.org/pub/scm/linux/kernel/git/mani/mhi into char-misc-next
84a5ae5b23ba bus: mhi: host: pci_generic: Enable EDL trigger for Foxconn modems
a7bc66fe8093 bus: mhi: host: pci_generic: Update EDL firmware path for Foxconn modems
43b772448710 Merge tag 'wireless-next-2024-09-04' of git://git.kernel.org/pub/scm/linux/kernel/git/wireless/wireless-next
c538d40f365b PCI: j721e: Add suspend and resume support
f96b69713733 PCI: j721e: Use T_PERST_CLK_US macro
e1c88956e200 PCI: brcmstb: Don't conflate the reset rescal with PHY ctrl
0d8046037610 PCI: brcmstb: Remove two unused constants from driver
30eb2080fe20 PCI: brcmstb: PCI: brcmstb: Make HARD_DEBUG, INTR2_CPU_BASE offsets SoC-specific
8201360218c6 PCI: brcmstb: Use swinit reset if available
46cb27f671f2 PCI: brcmstb: Use bridge reset if available
64706ba771f5 PCI: brcmstb: Use common error handling code in brcm_pcie_probe()
c3d95aa93fd8 PCI: cadence: Drop excess cdns_pcie_rc.dev kerneldoc description
dd9d80408b7d PCI: mediatek: Drop excess mtk_pcie.mem kerneldoc description
b8600b8791cb PCI: j721e: Add reset GPIO to struct j721e_pcie
7d7ce746a9e1 PCI: j721e: Use dev_err_probe() in the probe() function
063c938928dc PCI: cadence: Set cdns_pcie_host_init() global
d1b6f2e2ce4d PCI: cadence: Extract link setup sequence from cdns_pcie_host_setup()
f6ab898356dd PCI: mediatek-gen3: Add Airoha EN7581 support
ee9eabbe3f0f PCI: mediatek-gen3: Rely on reset_bulk APIs for PHY reset lines
dc869a40d73e PCI: mediatek-gen3: Add mtk_gen3_pcie_pdata data structure
5603a3491b36 PCI: rcar-gen4: Make read-only const array check_addr static
4654cf52cbd0 PCI: vmd: Fix indentation issue in vmd_shutdown()
10ba0854c5e6 PCI: qcom: Disable mirroring of DBI and iATU register space in BAR region
4581403f6792 PCI: qcom: Enumerate endpoints based on Link up event in 'global_irq' interrupt
bba1251edf85 PCI: qcom-ep: Modify 'global_irq' and 'perst_irq' IRQ device names
95bebcbd657c PCI: qcom-ep: Reword the error message for receiving unknown global IRQ event
3858e8a5ea71 PCI: qcom-ep: Drop the redundant masking of global IRQ events
82c4be4168e2 PCI: j721e: Enable ACSPCIE Refclk if "ti,syscon-acspcie-proxy-ctrl" exists
6ac721795d73 PCI: xilinx-xdma: Add Xilinx QDMA Root Port driver
8101b2766d5b Merge tag 'pci-v6.11-fixes-2' of git://git.kernel.org/pub/scm/linux/kernel/git/pci/pci
969db85b4f63 bus: mhi: host: pci_generic: Add support for Netprisma LCUR57 and FCUN69
8e54acedff45 bus: mhi: host: make mhi_bus_type const
bfc5ca0fd1ea bus: mhi: host: pci_generic: Fix the name for the Telit FE990A
308a40fb8fd9 PCI: xilinx-nwl: Add PHY support
cfd67903977b PCI: xilinx-nwl: Clean up clock on probe failure/removal
78457cae24cb PCI: xilinx-nwl: Rate-limit misc interrupt messages
a437027ae173 PCI: xilinx-nwl: Fix register misspelling
0199d2f2bd8c PCI: xilinx-nwl: Fix off-by-one in INTx IRQ handler
db1ec60fba4a PCI: qcom: Use OPP only if the platform supports it
5d6a6c7454eb PCI: qcom-ep: Disable MHI RAM data parity error interrupt for SA8775P SoC
6274df2530e3 wifi: ath12k: fix the stack frame size warning in ath12k_mac_op_hw_scan
6188a1c762eb PCI: keystone: Fix if-statement expression in ks_pcie_quirk()
ae98f5c9fd8b Merge tag 'ath-next-20240812' of git://git.kernel.org/pub/scm/linux/kernel/git/ath/ath
a66de2d0f22b wifi: ath12k: fix invalid AMPDU factor calculation in ath12k_peer_assoc_h_he()
dd98d54db29f wifi: ath12k: match WMI BSS chan info structure with firmware definition
59529c982f85 wifi: ath12k: fix BSS chan info request WMI command
8be12629b428 wifi: ath12k: restore ASPM for supported hardwares only
abd9b9d94bc6 PCI: xilinx: Silence 'set affinity failed' warning
9200f2099f80 PCI: xilinx-xdma: Silence 'set affinity failed' warning
d5bba5b9ed23 PCI: xilinx-nwl: Silence 'set affinity failed' warning
647e9651a011 PCI: vmd: Silence 'set affinity failed' warning
38055789d151 wifi: ath12k: use 128 bytes aligned iova in transmit path for WCN7850
7216311681e7 PCI: tegra: Silence 'set affinity failed' warning
57d1992b396d PCI: rcar-host: Silence 'set affinity failed' warning
e934abaac096 PCI: plda: Silence 'set affinity failed' warning
2a1297ead069 PCI: mobiveil: Silence 'set affinity failed' warning
63e4794cde79 PCI: mediatek: Silence 'set affinity failed' warning
425c07563f4c PCI: mediatek-gen3: Silence 'set affinity failed' warning
363d53acbfd3 PCI: dwc: Silence 'set affinity failed' warning
c7b10edde0f2 PCI: brcmstb: Silence 'set affinity failed' warning
114ca2969f1e PCI: altera-msi: Silence 'set affinity failed' warning
4dff9c32ae06 PCI: aardvark: Silence 'set affinity failed' warning
a47f3320bb4b wifi: ath12k: fix soft lockup on suspend
189d7aae8f5a wifi: ath12k: fix reusing outside iterator in ath12k_wow_vif_set_wakeups()
c2a96b7f187f Merge tag 'driver-core-6.11-rc1' of git://git.kernel.org/pub/scm/linux/kernel/git/gregkh/driver-core
3f386cb8ee9f Merge tag 'pci-v6.11-changes' of git://git.kernel.org/pub/scm/linux/kernel/git/pci/pci
acc5965b9ff8 Merge tag 'char-misc-6.11-rc1' of git://git.kernel.org/pub/scm/linux/kernel/git/gregkh/char-misc
9c67f9084af3 Merge tag 'pwrseq-fixes-for-v6.11-rc1' of git://git.kernel.org/pub/scm/linux/kernel/git/brgl/linux
45659274e608 Merge branch 'pci/misc'
d098215aec2c Merge branch 'pci/controller/vmd'
99329ded0909 Merge branch 'pci/controller/tegra194'
8240a9b4a5a2 Merge branch 'pci/controller/rockchip'
59dd7046b4fb Merge branch 'pci/controller/rcar-gen4'
55b3ebfedc19 Merge branch 'pci/controller/rcar'
df5dd337283a Merge branch 'pci/controller/qcom'
325b9a3e4e6b Merge branch 'pci/controller/microchip'
145eec91b38a Merge branch 'pci/controller/loongson'
9965133729ed Merge branch 'pci/controller/layerscape'
db2cc94fae13 Merge branch 'pci/controller/keystone'
477ddcd8ef8b Merge branch 'pci/controller/hyperv'
da3552d2256c Merge branch 'pci/controller/exynos'
1d97f4b21539 Merge branch 'pci/controller/dra7xx'
43f25adf9f27 Merge branch 'pci/controller/artpec6'
e38de94eddce Merge branch 'pci/controller/al'
378539328511 Merge branch 'pci/controller/dwc'
35f0c94a1207 Merge branch 'pci/controller/gpio'
0f74d8984301 Merge branch 'pci/endpoint'
a4bbcac11d3c PCI: loongson: Enable MSI in LS7A Root Complex
ed70aaac7c35 Kconfig: reduce the amount of power sequencing noise
b49991d83bba wifi: ath12k: fix build vs old compiler
f24c9bfcd423 PCI: vmd: Create domain symlink before pci_bus_add_devices()
04aee7a84779 wifi: ath12k: Support Transmit DE stats
e106b7ad13c1 wifi: ath12k: fix array out-of-bound access in SoC stats
044b45be04cb PCI: qcom: Prevent use of uninitialized data in qcom_pcie_suspend_noirq()
9553636b5757 PCI: qcom: Prevent potential error pointer dereference
101e5c5c4e76 PCI: qcom: Fix missing error code in qcom_pcie_probe()
84e30b878aed PCI: dw-rockchip: Use pci_epc_init_notify() directly
e242f26f6320 PCI: dw-rockchip: Add endpoint mode support
49a0925d1733 PCI: dw-rockchip: Refactor the driver to prepare for EP mode
d8b864c95dcb PCI: dw-rockchip: Add rockchip_pcie_get_ltssm() helper
2baa5fc389b9 PCI: dw-rockchip: Fix weird indentation
28b8d7793b85 PCI: dw-rockchip: Fix initial PERST# GPIO value
206c4f778b3c PCI: dw-rockchip: Add error messages in .probe() error paths
840b7a5edf88 PCI: rockchip: Use GPIOD_OUT_LOW flag while requesting ep_gpio
70a7bfb1e515 PCI: rockchip-host: Wait 100ms after reset before starting configuration
c47f90be4c89 PCI: rockchip-host: Fix rockchip_pcie_host_init_port() PERST# handling
9b10e877fc84 PCI: dwc: ep: Enforce DWC specific 64-bit BAR limitation
b8747e10fde9 PCI: layerscape-ep: Use the generic dw_pcie_ep_linkdown() API to handle Link Down event
574621166c8f PCI: qcom-ep: Use the generic dw_pcie_ep_linkdown() API to handle Link Down event
245b9ebf7b8e PCI: dwc: ep: Remove dw_pcie_ep_init_notify() wrapper
867ab111b242 PCI: dwc: ep: Add a generic dw_pcie_ep_linkdown() API to handle Link Down event
e1a4ec1a9520 PCI: dwc: Add generic MSG TLP support for sending PME_Turn_Off when system suspend
cd02e4b684fd PCI: dwc: Add outbound MSG TLPs support
aa85ef61d841 PCI: dwc: Consolidate args of dw_pcie_prog_outbound_atu() into a structure
c2a57ee0f2f1 PCI: dwc: Fix index 0 incorrectly being interpreted as a free ATU slot
b262518262f5 PCI: dwc: Use msleep() in dw_pcie_wait_for_link()
d03b2dd78532 PCI: kirin: Convert to use agnostic GPIO API
7e8e4fc5321b PCI: kirin: Convert kirin_pcie_parse_port() to scoped iterator
5b6272e0efd5 PCI: qcom: Add OPP support to scale performance
980136d1c2b9 PCI: qcom: Add ICC bandwidth vote for CPU to PCIe path
912315715d7b PCI: qcom-ep: Disable resources unconditionally during PERST# assert
c71b5eb3b864 PCI: qcom-ep: Override NO_SNOOP attribute for SA8775P EP
1d648bf79d4d PCI: qcom: Override NO_SNOOP attribute for SA8775P RC
142a41da39d1 PCI: controller: Add missing MODULE_DESCRIPTION() macros
473b2cf9c4d1 PCI: endpoint: Introduce 'epc_deinit' event and notify the EPF drivers
fea93a3e5d5e PCI: hv: Return zero, not garbage, when reading PCI_INTERRUPT_PIN
c1cacb01f355 Merge tag 'ath-next-20240702' of git://git.kernel.org/pub/scm/linux/kernel/git/ath/ath
633478695d6b bus: mhi: host: Allow controller drivers to specify name for the MHI controller
bf30a75e6e00 bus: mhi: host: Add support for Foxconn SDX72 modems
d69d80484598 driver core: have match() callback in struct bus_type take a const *
faf5a975ee3b PCI: rcar-gen4: Add support for R-Car V4H
5344fc76f894 wifi: ath12k: Support TQM stats
cf1187b3a683 wifi: ath12k: Support pdev error stats
4b6dfc758c2f wifi: ath12k: Support Transmit Scheduler stats
a9f2976f0e9e wifi: ath12k: Dump additional Tx PDEV HTT stats
adf6df963c03 wifi: ath12k: Add support to parse requested stats_type
ad201b35d3ec wifi: ath12k: Add htt_stats_dump file ops support
3f73c24f28b3 wifi: ath12k: Add support to enable debugfs_htt_stats
f08d4bdad612 bus: mhi: host: pci_generic: Use unique 'mhi_pci_dev_info' for product families
2c49151b3fff PCI: rcar-gen4: Add .ltssm_control() for other SoC support
ac1d89f8dcc3 PCI: rcar-gen4: Add struct rcar_gen4_pcie_drvdata
544a18c936f9 PCI: dwc: Add PCIE_PORT_{FORCE,LANE_SKEW} macros
86f271f22bbb PCI: keystone: Add workaround for Errata #i2037 (AM65x SR 1.0)
56bf02c26a36 Merge tag 'wireless-next-2024-06-27' of git://git.kernel.org/pub/scm/linux/kernel/git/wireless/wireless-next
9783e0407421 wifi: ath12k: fix driver initialization for WoW unsupported devices
1eeafd64c7b4 wifi: ath12k: fix peer metadata parsing
2c7857677d69 wifi: ath12k: Fix pdev id sent to firmware for single phy devices
1decf05d0f4d wifi: mac80211: inform the low level if drv_stop() is a suspend
cd09a6ac85b9 PCI: ls-gen4: Make struct mobiveil_rp_ops constant
7af01e569529 wifi: ath12k: handle keepalive during WoWLAN suspend and resume
aab4ae566fa1 wifi: ath12k: support GTK rekey offload
1666108c74c4 wifi: ath12k: support ARP and NS offload
66a9448b1b89 wifi: ath12k: implement hardware data filter
16f474d6d49d wifi: ath12k: add WoW net-detect functionality
4a3c212eee0e wifi: ath12k: add basic WoW functionalities
593174170919 wifi: ath12k: implement WoW enable and wakeup commands
3216b7bcd719 wifi: ath12k: add ATH12K_DBG_WOW log level
c7d0b2db5bc5 bus: mhi: ep: Do not allocate memory for MHI objects from DMA zone
253ec89c9013 wifi: ath12k: fix mbssid max interface advertisement
db163a463bb9 wifi: ath12k: fix firmware crash due to invalid peer nss
3005c63a3673 wifi: ath12k: fix legacy peer association due to missing HT or 6 GHz capabilities
19b77e7c656a wifi: ath12k: fix uninitialize symbol error on ath12k_peer_assoc_h_he()
59ca26c9a6e8 wifi: ath12k: fix NULL pointer access in ath12k_mac_op_get_survey()
4f15b06e5782 wifi: ath12k: Remove unused ath12k_base from ath12k_hw
670d4949bc8e wifi: ath12k: Fix WARN_ON during firmware crash in split-phy
404dbd26322f net: qrtr: ns: Ignore ENODEV failures in ns
5a16da9cfb40 wifi: ath12k: handle symlink cleanup for per pdev debugfs dentry
4e1eff38d37a wifi: ath12k: unregister per pdev debugfs
8dd65ccbdf91 wifi: ath12k: fix per pdev debugfs registration
9e32058ae62f wifi: ath12k: avoid unnecessary MSDU drop in the Rx error process
8b2a12749b08 wifi: ath12k: fix ACPI warning when resume
4938ba733ee2 wifi: ath12k: modify remain on channel for single wiphy
93d4e8bb3f13 Merge tag 'wireless-next-2024-06-07' of git://git.kernel.org/pub/scm/linux/kernel/git/wireless/wireless-next
6a6118336270 PCI: tegra: Remove unused struct 'tegra_pcie_soc'
7246a4520b4b PCI: Use preserve_config in place of pci_flags
22767241e644 wifi: ath12k: add hw_link_id in ath12k_pdev
809055628bce wifi: ath12k: add panic handler
8233d2716570 wifi: ath12k: do not process consecutive RDDM event
3d6004154318 wifi: ath12k: fix memory leak in ath12k_dp_rx_peer_frag_setup()
0ae570703754 wifi: ath12k: fix wrong definition of CE ring's base address
0a993772e0f0 wifi: ath12k: fix race due to setting ATH12K_FLAG_EXT_IRQ_ENABLED too early
af69d862a8ba wifi: ath12k: Fix devmem address prefix when logging
d19a86d584e0 PCI: tegra194: Set EP alignment restriction for inbound ATU
c93637e6a4c4 PCI: rcar: Demote WARN() to dev_warn_ratelimited() in rcar_pcie_wakeup()
39b91eb40c6a PCI: starfive: Add JH7110 PCIe controller
d76ef0531c07 PCI: plda: Pass pci_host_bridge to plda_pcie_setup_iomems()
76c911396807 PCI: plda: Add host init/deinit and map bus functions
a576fff39eec PCI: plda: Add event bitmap field to struct plda_pcie_rp
4602c370bdf6 PCI: microchip: Move IRQ functions to pcie-plda-host.c
5037ec713a84 PCI: microchip: Add event irqchip field to host port and add PLDA irqchip
c7f6c72ae167 PCI: microchip: Add get_events() callback and PLDA get_event()
62df57b9f0c6 PCI: microchip: Add INTx and MSI event num to struct plda_event
647690479660 PCI: microchip: Add request_event_irq() callback function
d4078c87a530 PCI: microchip: Add num_events field to struct plda_pcie_rp
f966c028cfae PCI: microchip: Rename interrupt related functions
39bd5f8225d5 PCI: microchip: Move PLDA functions to pcie-plda-host.c
ed18db138c0a PCI: microchip: Rename PLDA functions to be generic
41ceca8c6163 PCI: microchip: Move PLDA structures to plda-pcie.h
e9b7007a94db PCI: microchip: Rename PLDA structures to be generic
55ba2532b33c PCI: microchip: Add bridge_addr field to struct mc_pcie
692c9b0a64bc PCI: microchip: Move PLDA IP register macros to pcie-plda.h
24934ee8978d PCI: microchip: Move pcie-microchip-host.c to PLDA directory
a231707a91f3 PCI: keystone: Fix NULL pointer dereference in case of DT error in ks_pcie_setup_rc_app_regs()
9ffa0e70b2da PCI: keystone: Don't enable BAR 0 for AM654x
5125fdc3292e PCI: keystone: Relocate ks_pcie_set/clear_dbi_mode()
2e81122d681c PCI: imx6: Convert to use agnostic GPIO API
050a5e4b8632 PCI: dwc: Remove unused of_gpio.h inclusion
9a14b2976d49 PCI: aardvark: Remove unused of_gpio.h inclusion
7726ed06f5ae PCI: dra7xx: Add missing chained IRQ header inclusion
6b11143f9344 PCI: exynos: Adapt to use bulk clock APIs
045fda253511 PCI: dra7xx: Fix dra7xx_pcie_cpu_addr_fixup() parameter name
7903ffa44056 PCI: artpec6: Fix artpec6_pcie_cpu_addr_fixup() parameter name
a9927c2cac6e PCI: al: Check IORESOURCE_BUS existence during probe
f58838d7feb0 PCI: endpoint: Rename BME to Bus Master Enable
c94391ba52b9 PCI: qcom-ep: Add HDMA support for SA8775P SoC
0551abf2192d PCI: dwc: Pass the eDMA mapping format flag directly from glue drivers
0d278fbdb432 PCI: dwc: Skip finding eDMA channels count for HDMA platforms
0b45127a1b85 PCI: dwc: Refactor dw_pcie_edma_find_chip() API
58d0d3e032b3 PCI: qcom-ep: Add support for SA8775P SOC
652935ba0586 PCI: qcom: Use devm_clk_bulk_get_all() API
a57ab7cced45 wifi: ath12k: fix firmware crash during reo reinject
073f9f249eec wifi: ath12k: fix invalid memory access while processing fragmented packets
33322e3ef074 wifi: ath12k: change DMA direction while mapping reinjected packets
35864b62fa12 wifi: ath12k: improve the rx descriptor error information
4f82a8d5c277 wifi: ath12k: refactor rx descriptor CMEM configuration
2c92ca849fcc tracing/treewide: Remove second parameter of __assign_str()
5f16eb0549ab Merge tag 'char-misc-6.10-rc1' of git://git.kernel.org/pub/scm/linux/kernel/git/gregkh/char-misc
f0bae243b2bc Merge tag 'pci-v6.10-changes' of git://git.kernel.org/pub/scm/linux/kernel/git/pci/pci
33370412eced wifi: ath12k: fix Smatch warnings on ath12k_core_suspend()
26dd8ccdba4d wifi: ath12k: dynamic VLAN support
ed61863debb2 wifi: ath12k: fix ack signal strength calculation
24ffb8c9188e Merge branch 'pci/controller/tegra194'
f4036f64b581 Merge branch 'pci/controller/rockchip'
102c69699b5b Merge branch 'pci/controller/mt7621'
08f38906c947 Merge branch 'pci/controller/dwc'
fd76e5ccc48f net: qrtr: ns: Fix module refcnt
7678f8bfd74c wifi: ath12k: use correct MAX_RADIOS
28bfc1c9c9d0 wifi: ath12k: remove duplicate definition of MAX_RADIOS
3a29442a1741 wifi: ath12k: remove redundant peer delete for WCN7850
0ce9ab2785e4 wifi: ath12k: Fix tx completion ring (WBM2SW) setup failure
c740a18f62f5 wifi: ath12k: skip sending vdev down for channel switch
f27fbd76a98f wifi: ath12k: add EMA beacon support
8c6faa56bfb2 wifi: ath12k: add MBSSID beacon support
9fd28936b641 wifi: ath12k: refactor arvif security parameter configuration
84edf47bcb31 wifi: ath12k: configure MBSSID parameters in AP mode
51c47463543e wifi: ath12k: create a structure for WMI vdev up parameters
5fbd97f25c4c wifi: ath12k: rename MBSSID fields in wmi_vdev_up_cmd
ea68f1bba616 wifi: ath12k: configure MBSSID params in vdev create/start
519a545cfee7 wifi: ath12k: advertise driver capabilities for MBSSID and EMA
97b7cbb7a3cb wifi: ath12k: support SMPS configuration for 6 GHz
f0e61dc7ecf9 wifi: ath12k: refactor SMPS configuration
112dbc6af807 wifi: ath12k: add 6 GHz params in peer assoc command
70e3be54bbdd wifi: ath12k: fix survey dump collection in 6 GHz
c3c84a74bd79 wifi: ath12k: Correct 6 GHz frequency value in rx status
3745d7963cc3 wifi: ath12k: add channel 2 into 6 GHz channel list
2dba285caba5 PCI: rockchip-ep: Remove wrong mask on subsys_vendor_id
4f9206e8c2c1 wifi: ath12k: allocate dummy net_device dynamically
3b9344740843 wifi: ath12k: initialize 'ret' in ath12k_dp_rxdma_ring_sel_config_wcn7850()
ff5fa958d2fd wifi: ath12k: fix misspelling of "dma" in num_rxmda_per_pdev
2db7a82fd150 wifi: ath12k: avoid double SW2HW_MACID conversion
bb0b0a6b96e6 wifi: ath12k: initialize 'ret' in ath12k_qmi_load_file_target_mem()
efd920f48d1f wifi: ath12k: remove invalid peer create logic
f40aaca07bf7 wifi: ath12k: avoid duplicated vdev down
3b0989e925f3 wifi: ath12k: avoid duplicated vdev stop
782615f280ce wifi: ath12k: remove unused variable monitor_flags
582e94ebe230 wifi: ath12k: Remove unused tcl_*_ring configuration
ed07ff674509 wifi: ath12k: Remove unsupported tx monitor handling
9f74e7b306dc wifi: ath12k: fix calling correct function for rx monitor mode
50971dc6694c wifi: ath12k: drop failed transmitted frames from metric calculation.
5453bbd6fef4 wifi: ath12k: Don't drop tx_status in failure case
53bf4a14f8c5 wifi: ath12k: add multi device support for WBM idle ring buffer setup
b2d54ca73a5a wifi: ath12k: Introduce device index
acc6afb31c3f wifi: ath12k: Refactor idle ring descriptor setup
5f6c3a418b40 wifi: ath12k: Replace "chip" with "device" in hal Rx return buffer manager
acaa84009fad wifi: ath12k: Add lock to protect the hardware state
9b4e5caaf590 wifi: ath12k: Refactor the hardware state
ecd509b6f263 wifi: ath12k: Refactor the hardware recovery procedure
bf76b144fe53 wifi: ath12k: fix the problem that down grade phy mode operation
24de1b7b231c wifi: ath12k: fix flush failure in recovery scenarios
05090ae82f44 wifi: ath12k: check M3 buffer size as well whey trying to reuse it
48f98496b1de bus: mhi: host: pci_generic: Add generic edl_trigger to allow devices to enter EDL mode
553f94fc7667 bus: mhi: host: Add a new API for getting channel doorbell offset
17553ba8e19d bus: mhi: host: Add sysfs entry to force device to enter EDL
da3cbd88e780 wifi: ath12k: set mlo_capable_flags based on QMI PHY capability
ae6ec4a38aa4 wifi: ath12k: read single_chip_mlo_support parameter from QMI PHY capability
b0afabc4d7e0 wifi: ath12k: add support to handle beacon miss for WCN7850
7b5f3cbfb468 wifi: ath12k: ACPI band edge channel power support
12bccacbcd9e wifi: ath12k: ACPI CCA threshold support
764883be7ed0 wifi: ath12k: ACPI SAR support
576771c9fa21 wifi: ath12k: ACPI TAS support
2b0028458996 wifi: ath12k: change supports_suspend to true for WCN7850
8d5f4da8d70b wifi: ath12k: support suspend/resume
2652f6b472ff wifi: ath12k: avoid stopping mac80211 queues in ath12k_core_restart()
b1c9992c675b wifi: ath12k: no need to handle pktlog during suspend/resume
692921ead832 wifi: ath12k: flush all packets before suspend
7b3d4eb283d2 wifi: ath12k: decrease MHI channel buffer length to 8KB
1623bf78c846 wifi: ath12k: fix warning on DMA ring capabilities event
8591b2baaee4 wifi: ath12k: do not dump SRNG statistics during resume
b8b50a489d51 wifi: ath12k: remove MHI LOOPBACK channels
c7b2da3c0a57 wifi: ath12k: rearrange IRQ enable/disable in reset path
303c017821d8 wifi: ath12k: fix kernel crash during resume
e1bdff48a1bb wifi: ath12k: fix out-of-bound access of qmi_invoke_handler()
d4e3fc4f45c6 wifi: ath12k: Refactor data path cmem init
682ca418d40a wifi: ath12k: displace the Tx and Rx descriptor in cookie conversion table
b3e9e82b31c0 wifi: ath12k: Refactor the hardware cookie conversion init
3ea19127d154 wifi: ath12k: avoid redundant code in Rx cookie conversion init
2372c6d28032 wifi: ath12k: don't use %pK in dmesg format strings
0d55f86d0260 wifi: ath12k: enable service flag for survey dump stats
03a509740b5d wifi: ath12k: enable WIPHY_FLAG_DISABLE_WEXT
0531825408ce wifi: ath12k: dynamically update peer puncturing bitmap for STA
f351772c544b wifi: ath12k: fix mac id extraction when MSDU spillover in rx error path
fd6eb49a84a8 PCI: mt7621: Fix string truncation in mt7621_pcie_parse_port()
19326006a21d PCI: tegra194: Fix probe path for Endpoint mode
a01e7214bef9 PCI: endpoint: Remove "core_init_notifier" flag
df69e17ccc2f PCI: dwc: ep: Call dw_pcie_ep_init_registers() API directly from all glue drivers
7d6e64c443ea PCI: dwc: ep: Rename dw_pcie_ep_init_complete() to dw_pcie_ep_init_registers()
570d7715eed8 PCI: dwc: ep: Introduce dw_pcie_ep_cleanup() API for drivers supporting PERST#
c8682a3314c1 PCI: dwc: ep: Rename dw_pcie_ep_exit() to dw_pcie_ep_deinit()
b7dec6b85089 PCI: dwc: ep: Remove deinit() callback from struct dw_pcie_ep_ops
7cbebc86c72a PCI: dwc: ep: Add Kernel-doc comments for APIs
869bc5253406 PCI: dwc: ep: Fix DBI access failure for drivers requiring refclk from host
de66b37a174f PCI: rockchip-ep: Set a 64-bit BAR if requested
07db0fa80cf3 PCI: cadence: Set a 64-bit BAR if requested
4f242b1d6996 wifi: ath12k: support get_survey mac op for single wiphy
d258f16ba10f wifi: ath12k: Modify rts threshold mac op for single wiphy
5a6af83c397d wifi: ath12k: Modify set and get antenna mac ops for single wiphy
0da00e45ee9a wifi: ath12k: modify regulatory support for single wiphy architecture
cec77a252407 wifi: ath12k: Add additional checks for vif and sta iterators
b5068bc9180d wifi: ath12k: Cache vdev configs before vdev create
0148e40c9f0a wifi: ath12k: fetch correct radio based on vdev status
0d6e6736ed9f wifi: ath12k: scan statemachine changes for single wiphy
314876885bdc wifi: ath12k: vdev statemachine changes for single wiphy
b8ce837ea264 wifi: ath12k: modify ath12k mac start/stop ops for single wiphy
d01c08ed6fdb wifi: ath12k: Modify add and remove chanctx ops for single wiphy support
ba12f08f3167 wifi: ath12k: add multiple radio support in a single MAC HW un/register
df1f2b947ffa wifi: ath12k: correct the capital word typo
e0cd1185900e net: qrtr: support suspend/hibernation
b34389c3978c wifi: ath12k: fix link capable flags
58e8ecda692e wifi: ath12k: extend the link capable flag
231a4c893c9b Merge branch 'mhi-immutable' of git://git.kernel.org/pub/scm/linux/kernel/git/mani/mhi into ath-next
024c4ab0415f wifi: ath12k: fix hal_rx_buf_return_buf_manager documentation
2adcddd8a316 wifi: ath12k: fix missing endianness conversion in wmi_vdev_create_cmd()
f51d917b7330 wifi: ath12k: debugfs: radar simulation support
f8bde02a26b9 wifi: ath12k: initial debugfs support
8c73e8b59593 Merge tag 'wireless-next-2024-04-03' of git://git.kernel.org/pub/scm/linux/kernel/git/wireless/wireless-next
813e0ae613d6 bus: mhi: host: Add mhi_power_down_keep_dev() API to support system suspend/hibernation
bb41fe35dce7 Merge tag 'char-misc-6.9-rc1' of git://git.kernel.org/pub/scm/linux/kernel/git/gregkh/char-misc
f42bfbe7a507 wifi: ath12k: Refactor error handler of Rxdma replenish
597b4dd63afa wifi: ath12k: Optimize the lock contention of used list in Rx data path
9d7bce18e725 wifi: ath12k: Refactor Rxdma buffer replinish argument
020e08ae5e68 wifi: ath12k: use correct flag field for 320 MHz channels
54a3d0d6684e wifi: ath12k: remove duplicate definitions in wmi.h
a49732b1f1f8 wifi: ath12k: fix desc address calculation in wbm tx completion
705c1da8fa48 Merge tag 'pci-v6.9-changes' of git://git.kernel.org/pub/scm/linux/kernel/git/pci/pci
aabf7173cdfe Merge branch 'pci/controller/qcom'
45b2987e6888 Merge branch 'pci/controller/imx'
0b5ce6b2f79a Merge branch 'pci/controller/hyperv'
92a1d9b8777d Merge branch 'pci/controller/dwc'
538ca0022566 Merge branch 'pci/controller/cadence'
cab098b6f253 Merge branch 'pci/controller/broadcom'
b5ff74c1ef50 PCI: hv: Fix ring buffer size calculation
72e34b8593e0 PCI: dwc: endpoint: Fix advertised resizable BAR size
667a006d73fb PCI: cadence: Clear the ARI Capability Next Function Number of the last function
f3a296405b6e PCI: dwc: Strengthen the MSI address allocation logic
039741a8d7c9 PCI: brcmstb: Fix broken brcm_pcie_mdio_write() polling
6d0c39324c5f PCI: qcom: Add X1E80100 PCIe support
bf79e33cdd89 PCI: qcom: Enable BDF to SID translation properly
d1997c987814 PCI: qcom: Disable ASPM L0s for sc8280xp, sa8540p and sa8295p
4cd6eb606f02 wifi: ath12k: remove obsolete struct wmi_start_scan_arg
b7d67c6130ee PCI: imx6: Add iMX95 Endpoint (EP) support
0044966cdadf PCI: imx6: Add epc_features in imx6_pcie_drvdata
1bd0d43dcf3b PCI: imx6: Clean up addr_space retrieval code
f5c04da3a12b PCI: imx6: Add iMX95 PCIe Root Complex support
21ad80b0e0ce PCI: imx6: Simplify switch-case logic by introducing init_phy() callback
f99b121c2589 PCI: imx6: Simplify configure_type() by using mode_off and mode_mask
d99aa8d3c4ac PCI: imx6: Simplify ltssm_enable() by using ltssm_off and ltssm_mask
0c9651c21f2a PCI: imx6: Simplify reset handling by using *_FLAG_HAS_*_RESET
2d06aec5665d Merge tag 'mhi-for-v6.9' of git://git.kernel.org/pub/scm/linux/kernel/git/mani/mhi into char-misc-next
776c9c93bb05 wifi: ath12k: fix license in p2p.c and p2p.h
ee3b63586b30 wifi: ath12k: add rcu lock for ath12k_wmi_p2p_noa_event()
2ec11b5d6d90 bus: mhi: host: pci_generic: constify modem_telit_fn980_hw_v1_config
1c33f0ffacfd Merge tag 'ath-next-20240222' of git://git.kernel.org/pub/scm/linux/kernel/git/kvalo/ath
a52354173bea bus: mhi: host: Change the trace string for the userspace tools mapping
e199c4ba8260 Merge tag 'wireless-next-2024-02-20' of git://git.kernel.org/pub/scm/linux/kernel/git/wireless/wireless-next
4e37c2f48712 PCI: imx6: Simplify PHY handling by using IMX6_PCIE_FLAG_HAS_PHYDRV
6a4018583875 PCI: imx6: Simplify clock handling by using clk_bulk*() function
27711860c54c bus: mhi: ep: check the correct variable in mhi_ep_register_controller()
f0397e27d120 Revert "bus: mhi: core: Add support for reading MHI info from device"
9266514689fe PCI: endpoint: Drop only_64bit on reserved BARs
e01c9797c0eb PCI: endpoint: Clean up hardware description for BARs
f0024c980df2 wifi: ath12k: remove the unused scan_events from ath12k_wmi_scan_req_arg
80fd22d7d41a wifi: ath12k: Remove unused scan_flags from struct ath12k_wmi_scan_req_arg
bcdb44f30be9 wifi: ath12k: Do not use scan_flags from struct ath12k_wmi_scan_req_arg
5ddfc2460611 Merge tag 'pci-v6.8-fixes-2' of git://git.kernel.org/pub/scm/linux/kernel/git/pci/pci
04ada8599c35 wifi: mac80211: add support to call csa_finish on a link
b82730bf57b5 wifi: cfg80211/mac80211: move puncturing into chandef
67057f48df79 PCI: dwc: Clean up dw_pcie_ep_raise_msi_irq() alignment
b5d1b4b46f85 PCI: dwc: Fix a 64bit bug in dw_pcie_ep_raise_msix_irq()
04edb5dc68f4 wifi: ath12k: Fix uninitialized use of ret in ath12k_mac_allocate()
e65a63986575 wifi: ath12k: advertise P2P dev support for WCN7850
cf0425eead75 wifi: ath12k: designating channel frequency for ROC scan
c9e4e41e71ff wifi: ath12k: move peer delete after vdev stop of station for WCN7850
32e7b12e2611 wifi: ath12k: allow specific mgmt frame tx while vdev is not up
28035a88f8b3 wifi: ath12k: change WLAN_SCAN_PARAMS_MAX_IE_LEN from 256 to 512
2830bc9e784f wifi: ath12k: implement remain on channel for P2P mode
9411eecb60cb wifi: ath12k: implement handling of P2P NoA event
575ec73cb880 wifi: ath12k: add P2P IE in beacon template
ef860c6a3adf wifi: ath12k: change interface combination for P2P mode
019b58dcb6ed wifi: ath12k: fix incorrect logic of calculating vdev_stats_id
4f684533afe2 wifi: ath12k: fix broken structure wmi_vdev_create_cmd
ceeb64f41fe6 bus: mhi: host: Add tracing support
54ca3308a23c wifi: ath12k: enable 802.11 power save mode in station mode
ae1d892d518a bus: mhi: ep: Use kcalloc() instead of kzalloc()
e7c7fbb582bc wifi: ath12k: refactor the rfkill worker
ad2b29ad94c3 wifi: ath12k: add processing for TWT disable event
2f92b22beef7 wifi: ath12k: add processing for TWT enable event
2d3a7384b9c8 wifi: ath12k: disable QMI PHY capability learn in split-phy QCN9274
af9bc78d14fb wifi: ath12k: Read board id to support split-PHY QCN9274
afeee629e72e wifi: ath12k: fix PCI read and write
57c8b5c332e5 wifi: ath12k: add MAC id support in WBM error path
419927ec8438 wifi: ath12k: subscribe required word mask from rx tlv
3cf1a9f7a1b2 wifi: ath12k: remove hal_desc_sz from hw params
f7019c2fcdf6 wifi: ath12k: split hal_ops to support RX TLVs word mask compaction
664a1c96b297 wifi: ath12k: fix firmware assert during insmod in memory segment mode
94e8235c679d wifi: ath12k: Add logic to write QRTR node id to scratch
902700d55d4a wifi: ath12k: fix fetching MCBC flag for QCN9274
287033810990 wifi: ath12k: add support for peer meta data version
9f06911998ca wifi: ath12k: fetch correct pdev id from WMI_SERVICE_READY_EXT_EVENTID
6925eba532e1 wifi: ath12k: indicate NON MBSSID vdev by default during vdev start
12f491cd6d81 wifi: ath12k: add firmware-2.bin support
6c76dd3a91e3 Merge tag 'ath-next-20240130' of git://git.kernel.org/pub/scm/linux/kernel/git/kvalo/ath
1e560864159d PCI/ASPM: Fix deadlock when enabling ASPM
8ddf54a32111 bus: mhi: host: Read PK HASH dynamically
bce3f770684c bus: mhi: host: Add MHI_PM_SYS_ERR_FAIL state
67a48d937fac wifi: ath12k: Fix issues in channel list update
9f9df1a2535f wifi: ath12k: add support for collecting firmware log
6db6e70a17f6 wifi: ath12k: Introduce the container for mac80211 hw
b856f023b40f wifi: ath12k: Refactor the mac80211 hw access from link/radio
955df16f2a4c wifi: ath12k: change MAC buffer ring size to 2048
b0970f50839e wifi: ath12k: add support for BA1024
60b937658321 wifi: ath12k: fix wrong definitions of hal_reo_update_rx_queue
49b88e5f3fa1 wifi: ath12k: replace ENOTSUPP with EOPNOTSUPP
296455ade1fd Merge tag 'char-misc-6.8-rc1' of git://git.kernel.org/pub/scm/linux/kernel/git/gregkh/char-misc
e1aa9df44018 Merge tag 'pci-v6.8-changes' of git://git.kernel.org/pub/scm/linux/kernel/git/pci/pci
53a65445c144 wifi: ath12k: add QMI PHY capability learn support
76fece36f17a wifi: ath12k: refactor QMI MLO host capability helper function
5bdfb8c9db22 wifi: ath12k: ath12k_start_vdev_delay(): convert to use ar
b33dcbe8d53d wifi: ath12k: refactor ath12k_mac_op_flush()
5b1b5dbfd6a6 wifi: ath12k: refactor ath12k_mac_op_ampdu_action()
d629b0c149c9 wifi: ath12k: refactor ath12k_mac_op_configure_filter()
92b30bb39786 wifi: ath12k: refactor ath12k_mac_op_update_vif_offload()
3bbc9c7429ff wifi: ath12k: refactor ath12k_mac_op_stop()
e1e275a69906 wifi: ath12k: refactor ath12k_mac_op_start()
00c9b1a6d21d wifi: ath12k: refactor ath12k_mac_op_conf_tx()
ce20a10fdff4 wifi: ath12k: refactor ath12k_bss_assoc()
3e141f0034d5 wifi: ath12k: refactor ath12k_mac_op_config()
d786c9f5fe34 wifi: ath12k: refactor ath12k_mac_register() and ath12k_mac_unregister()
d2b7a6e5fa1c wifi: ath12k: refactor ath12k_mac_setup_channels_rates()
8a742a79f90e wifi: ath12k: refactor ath12k_mac_allocate() and ath12k_mac_destroy()
eaf9f17b861b wifi: ath12k: relocate ath12k_dp_pdev_pre_alloc() call
dc14155d46b5 Merge branch 'pci/irq-clean-up'
eb30ad414169 Merge branch 'pci/controller/remove-void-return'
fd286a1de5dd Merge branch 'pci/controller/xilinx'
161d42df9acf Merge branch 'pci/controller/vmd'
67b9ef22c68c Merge branch 'pci/controller/rcar'
1b6069f51ef0 Merge branch 'pci/controller/mediatek'
1800c660b08f Merge branch 'pci/controller/layerscape'
921e097ede90 Merge branch 'pci/controller/kirin'
186ce88c9063 Merge branch 'pci/controller/keystone'
787c72b1d45b Merge branch 'pci/controller/dwc'
78fe51fcb435 Merge branch 'pci/controller/cadence'
6f77f0ac5ee2 Merge branch 'pci/controller/broadcom'
6d2b0a066941 wifi: ath12k: Use initializers for QMI message buffers
2e82b5f09a97 wifi: ath12k: Add missing qmi_txn_cancel() calls
59cf57ab3dee wifi: ath12k: Remove unnecessary struct qmi_txn initializers
3e7aeb78ab01 Merge tag 'net-next-6.8' of git://git.kernel.org/pub/scm/linux/kernel/git/netdev/net-next
e2596dcf1e9d PCI: brcmstb: Configure HW CLKREQ# mode appropriate for downstream device
fba97a777dcb wifi: ath12k: refactor ath12k_wmi_tlv_parse_alloc()
9ccc1318cf4b PCI: mediatek-gen3: Fix translation window size calculation
4e11c29873a8 PCI: mediatek: Clear interrupt status before dispatching handler
c12ca110c613 PCI: keystone: Fix race condition when initializing PHYs
33034c4f9497 Merge tag 'x86-apic-2024-01-08' of git://git.kernel.org/pub/scm/linux/kernel/git/tip/tip
2324be17b5e0 PCI: xilinx-xdma: Fix error code in xilinx_pl_dma_pcie_init_irq_domain()
7aa5f8fcd6d9 PCI: xilinx-xdma: Fix uninitialized symbols in xilinx_pl_dma_pcie_setup_irq()
7682f19c3c8c PCI: rcar-gen4: Fix -Wvoid-pointer-to-enum-cast error
f72896721621 PCI: iproc: Fix -Wvoid-pointer-to-enum-cast warning
70fa02ca1446 PCI: dwc: Add dw_pcie_ep_{read,write}_dbi[2] helpers
641f79beeebc PCI: dwc: Rename .func_conf_select to .get_dbi_offset in struct dw_pcie_ep_ops
756dcb5a820a PCI: dwc: Rename .ep_init to .init in struct dw_pcie_ep_ops
aea370b2aec9 PCI: dwc: Drop host prefix from struct dw_pcie_host_ops members
177c9ac6ab3f PCI: j721e: Make TI J721E depend on ARCH_K3
e49ad667815d PCI: j721e: Add TI J784S4 PCIe configuration
e63c1822ac32 Merge git://git.kernel.org/pub/scm/linux/kernel/git/netdev/net
9bf2e9165f90 net: qrtr: ns: Return 0 if server port is not present
56794e535854 Merge git://git.kernel.org/pub/scm/linux/kernel/git/netdev/net
e7ab40b73309 wifi: ath12k: Make QMI message rules const
354b2bd38aea PCI: xilinx-nwl: Use INTX instead of legacy
95da5fedd325 PCI: rockchip-host: Rename rockchip_pcie_legacy_int_handler()
5815c2d17a74 PCI: rockchip-ep: Use INTX instead of legacy
c0dcdeea0850 PCI: uniphier: Use INTX instead of legacy
3ba180c45b30 PCI: tegra194: Use INTX instead of legacy
1b79b2aa9f6c PCI: dw-rockchip: Rename rockchip_pcie_legacy_int_handler()
81957ace190f PCI: keystone: Use INTX instead of legacy
e9af4800d448 PCI: dwc: Rename dw_pcie_ep_raise_legacy_irq()
570e8579761a PCI: cadence: Use INTX instead of legacy
c5d973a07bb1 PCI: dra7xx: Rename dra7xx_pcie_raise_legacy_irq()
52f8c45fa36d wifi: ath12k: support default regdb while searching board-2.bin for WCN7850
511207452221 wifi: ath12k: add support to search regdb data in board-2.bin for WCN7850
97474e5f5424 wifi: ath12k: remove unused ATH12K_BD_IE_BOARD_EXT
7173972a2eb1 wifi: ath12k: add fallback board name without variant while searching board-2.bin
f4c2a9d62213 wifi: ath12k: add string type to search board data in board-2.bin for WCN7850
74955cb8ccc3 PCI: endpoint: Drop PCI_EPC_IRQ_XXX definitions
b642e081f46c PCI: xilinx-xdma: Remove redundant dev_err()
2217fffcd63f PCI: dwc: endpoint: Fix dw_pcie_ep_raise_msix_irq() alignment support
c5a3f56fcdb0 Merge tag 'ath-next-20231215' of git://git.kernel.org/pub/scm/linux/kernel/git/kvalo/ath
9f5077ef8f81 PCI: kirin: Use devm_kasprintf() to dynamically allocate clock names
01bd694ac2f6 bus: mhi: host: Drop chan lock before queuing buffers
b89b6a863dd5 bus: mhi: host: Add spinlock to protect WP access when queueing TREs
a5eee68931fc PCI: kirin: Convert to platform remove callback returning void
93d61d3aa996 PCI: keystone: Convert to platform remove callback returning void
4fbd8b788258 PCI: exynos: Convert to platform remove callback returning void
edd6ae1022a6 PCI: dwc: Convert SOC_SIFIVE to ARCH_SIFIVE
e75fda64f0fe Revert "wifi: ath12k: use ATH12K_PCI_IRQ_DP_OFFSET for DP IRQ"
309ab14f70d1 bus: mhi: ep: Add checks for read/write callbacks while registering controllers
2547beb00ddb bus: mhi: ep: Add support for async DMA read operation
ee08acb58fe4 bus: mhi: ep: Add support for async DMA write operation
6797e4da2dd1 PCI: rcar-host: Add support for optional regulators
ec2152374804 PCI: rcar-gen4: Replace of_device.h with explicit of.h include
927105244f8b bus: mhi: ep: Rename read_from_host() and write_to_host() APIs
b08ded2ef2e9 bus: mhi: ep: Pass mhi_ep_buf_info struct to read/write APIs
cea4bcbf997a bus: mhi: ep: Add support for interrupt moderation timer
62210a26cd4f bus: mhi: ep: Use slab allocator where applicable
eff9704f5332 bus: mhi: host: Add alignment check for event ring read pointer
5571519009d0 bus: mhi: host: pci_generic: Add SDX75 based modem support
6ab3d50b106c bus: mhi: host: Add a separate timeout parameter for waiting ready
987fdb5a43a6 bus: mhi: ep: Do not allocate event ring element on stack
991801bc4722 PCI: vmd: Remove usage of the deprecated ida_simple_xx() API
4490f559f755 PCI: j721e: Add PCIe 4x lane selection support
3ac7f14084f5 PCI: j721e: Add per platform maximum lane settings
7133b072dfbf wifi: ath12k: fix the issue that the multicast/broadcast indicator is not read correctly for WCN7850
27b3bcbf8a79 PCI: layerscape: Add suspend/resume for ls1043a
762ef94b45d9 PCI: layerscape(ep): Rename pf_* as pf_lut_*
6f8a41ba2623 PCI: layerscape: Add suspend/resume for ls1021a
123971a193d9 PCI: layerscape: Add function pointer for exit_from_l2()
780f52e3213e PCI: qcom: Clean up ASPM comment
f352ce999260 PCI: qcom: Fix potential deadlock when enabling ASPM
49de0dc87965 PCI: vmd: Fix potential deadlock when enabling ASPM
ef61a0405742 PCI: loongson: Limit MRRS to 256
c8a5f34ad811 wifi: ath12k: avoid repeated wiphy access from hw
ed7e818a7b50 wifi: ath12k: fix and enable AP mode for WCN7850
a3012f206d07 wifi: ath12k: set IRQ affinity to CPU0 in case of one MSI vector
08d52ba29678 wifi: ath12k: do not restore ASPM in case of single MSI vector
8398654398c2 wifi: ath12k: add support one MSI vector
6711b2a80b9a wifi: ath12k: refactor multiple MSI vector implementation
1f1f7d548a00 wifi: ath12k: use ATH12K_PCI_IRQ_DP_OFFSET for DP IRQ
604308a34487 wifi: ath12k: add CE and ext IRQ flag to indicate irq_handler
1b66601d1416 wifi: ath12k: get msi_data again after request_irq is called
940b57fd0e77 wifi: ath12k: avoid repeated hw access from ar
842addae0208 wifi: ath12k: Optimize the mac80211 hw data access
37a0dd6137ec wifi: ath12k: add 320 MHz bandwidth enums
05205b957661 wifi: ath12k: Update Qualcomm Innovation Center, Inc. copyrights
9f1eebf0454d wifi: ath12k: refactor DP Rxdma ring structure
4d922ce983cb wifi: ath12k: avoid explicit HW conversion argument in Rxdma replenish
d457f9fe863d wifi: ath12k: avoid explicit RBM id argument in Rxdma replenish
d281a574f133 wifi: ath12k: avoid explicit mac id argument in Rxdma replenish
898d8b3e1414 wifi: ath12k: fix the error handler of rfkill config
c7b4f54112e1 wifi: ath12k: use select for CRYPTO_MICHAEL_MIC
51516d9842a3 wifi: ath12k: Consolidate WMI peer flags
69bc79faa616 wifi: ath12k: Remove obsolete struct wmi_peer_flags_map *peer_flags
3b6ec0409fe8 wifi: ath12k: Remove struct ath12k::ops
07e8f88568f5 x86/apic: Drop apic::delivery_mode
d9dcdb4531fe PCI: host-generic: Convert to platform remove callback returning void
27beb3ca347f Merge tag 'pci-v6.7-changes' of git://git.kernel.org/pub/scm/linux/kernel/git/pci/pci
56d9854bd7c6 wifi: ath12k: drop NULL pointer check in ath12k_update_per_peer_tx_stats()
5897c174028a Merge branch 'pci/field-get'
65de3fd8f5c8 Merge branch 'pci/config-errs'
d100de085c1e Merge branch 'pci/controller/xilinx-xdma'
fb3d102fc20b Merge branch 'pci/controller/xilinx-ecam'
a4179c60a993 Merge branch 'pci/controller/vmd'
d97ab9e5330d Merge branch 'pci/controller/speed'
db20113d702e Merge branch 'pci/controller/rcar'
eecffeb04573 Merge branch 'pci/controller/qcom-ep'
e365a36eaca0 Merge branch 'pci/controller/layerscape'
7fa8fe0bd926 Merge branch 'pci/controller/hyperv'
c97e5905ab8e Merge branch 'pci/controller/cadence'
86b812dc491e Merge branch 'pci/controller/aspm'
a07d2497ed65 PCI: qcom-ep: Add dedicated callback for writing to DBI2 registers
8d786149d78c PCI: xilinx-xdma: Add Xilinx XDMA Root Port driver
a977ee945e94 PCI: xilinx-cpm: Move IRQ definitions to a common header
2fccd11518f1 PCI: xilinx-nwl: Modify ECAM size to enable support for 256 buses
177692115f6f PCI: xilinx-nwl: Rename the NWL_ECAM_VALUE_DEFAULT macro
a2492ff1fcb9 PCI: xilinx-nwl: Remove redundant code that sets Type 1 header fields
b6144dcdd445 Merge ath-next from git://git.kernel.org/pub/scm/linux/kernel/git/kvalo/ath.git
9ef118152ee0 wifi: ath12k: Introduce and use ath12k_sta_to_arsta()
6afc57ea315e wifi: ath12k: fix htt mlo-offset event locking
69bd216e0493 wifi: ath12k: fix dfs-radar and temperature event locking
cda8607e824b wifi: ath12k: rename the sc naming convention to ab
25ebf4c3c141 wifi: ath12k: rename the wmi_sc naming convention to wmi_ab
92af77ca26f7 PCI: dwc: Use FIELD_GET/PREP()
e311b3834dfa PCI: rcar-gen4: Add endpoint mode support
0d0c551011df PCI: rcar-gen4: Add R-Car Gen4 PCIe controller support for host mode
9baa8a18e31b PCI: dwc: endpoint: Introduce .pre_init() and .deinit()
303e845351f5 PCI: dwc: Expose dw_pcie_write_dbi2() to module
2703bc851399 wifi: mac80211: rename ieee80211_tx_status() to ieee80211_tx_status_skb()
2066b41a2ef8 PCI: dwc: Expose dw_pcie_ep_exit() to module
1896d17f9168 PCI: dwc: Add EDMA_UNROLL capability flag
7873b49b41b9 PCI: dwc: endpoint: Add multiple PFs support for dbi2
1a9745476cae PCI: tegra194: Drop PCI_EXP_LNKSTA_NLW setting
89db0793c9f2 PCI: dwc: Add missing PCI_EXP_LNKCAP_MLW handling
a9a1bcba9025 PCI: dwc: Add dw_pcie_link_set_max_link_width()
b09d0f98a434 PCI: cadence: Use FIELD_GET()
2180f7ac0abe wifi: ath12k: Remove ath12k_base::bd_api
3e9942fbdf4d wifi: ath12k: Enable Mesh support for QCN9274
6b819f89c482 wifi: ath12k: register EHT mesh capabilities
56a7bb12c78f Merge tag 'wireless-next-2023-10-16' of git://git.kernel.org/pub/scm/linux/kernel/git/wireless/wireless-next
f741bcadfe52 PCI: hv: Annotate struct hv_dr_state with __counted_by
9f4f3dfad8cf PCI: qcom: Enable ASPM for platforms supporting 1.9.0 ops
a78794562fcb PCI: dwc: Add host_post_init() callback
85e9eb3e7727 PCI: tegra194: Use Mbps_to_icc() macro for setting icc speed
dc2f2a9d1cf2 PCI: qcom-ep: Use PCIE_SPEED2MBS_ENC() macro for encoding link speed
8da2e9af0bb5 PCI: qcom: Use PCIE_SPEED2MBS_ENC() macro for encoding link speed
0e6bb5b7f4c8 Merge git://git.kernel.org/pub/scm/linux/kernel/git/netdev/net
c42c2b8224c4 wifi: ath12k: fix invalid m3 buffer address
92448f8718ba wifi: ath12k: add ath12k_qmi_free_resource() for recovery
ae3ed72020de wifi: ath12k: configure RDDM size to MHI for device recovery
29ea0d409103 wifi: ath12k: add parsing of phy bitmap for reg rules
910ed628e511 PCI: xgene: Do PCI error check on own line & keep return value
408599ec561a PCI: mvebu: Use FIELD_PREP() with Link Width
759574abd78e PCI: tegra194: Use FIELD_GET()/FIELD_PREP() with Link Width fields
7994db905c0f PCI: keystone: Don't discard .probe() callback
200bddbb3f52 PCI: keystone: Don't discard .remove() callback
3064ef2e88c1 PCI: kirin: Don't discard .remove() callback
83a939f0fdc2 PCI: exynos: Don't discard .remove() callback
81ef01bc5934 PCI: layerscape-ep: Set 64-bit DMA mask
13556aef0bdc wifi: ath12k: Consistently use ath12k_vif_to_arvif()
258242dac924 wifi: ath12k: remove redundant memset() in ath12k_hal_reo_qdesc_setup()
164f1842d993 Merge ath-next from git://git.kernel.org/pub/scm/linux/kernel/git/kvalo/ath.git
a1fb841f9d18 Merge tag 'wireless-next-2023-10-06' of git://git.kernel.org/pub/scm/linux/kernel/git/wireless/wireless-next
e111ac7025cb PCI: cadence: Drop unused member from struct cdns_plat_pcie
453a62a3ee65 wifi: ath12k: fix debug messages
83c088148c8e PCI: Use PCI_HEADER_TYPE_* instead of literals
5827e17d0555 PCI: vmd: Correct PCI Header Type Register's multi-function check
972754bfeec4 wifi: ath12k: add keep backward compatibility of PHY mode to avoid firmware crash
7d9832e3b538 wifi: ath12k: add read variant from SMBIOS for download board data
1e55298a6394 wifi: ath12k: do not drop data frames from unassociated stations
47c27aa7ded4 wifi: ath12k: mhi: fix potential memory leak in ath12k_mhi_register()
6a878a54d005 PCI: qcom: Fix IPQ8074 enumeration
9896f0608f9f Merge ath-next from git://git.kernel.org/pub/scm/linux/kernel/git/kvalo/ath.git
ed823fd113b7 wifi: ath12k: add msdu_end structure for WCN7850
c4cb46dfb291 wifi: ath12k: Set default beacon mode to burst mode
43a10990404f wifi: ath12k: call ath12k_mac_fils_discovery() without condition
a1e09eb35476 wifi: ath12k: enable IEEE80211_HW_SINGLE_SCAN_ON_ALL_BANDS for WCN7850
c86ba8ee7e32 wifi: ath12k: change to treat alpha code na as world wide regdomain
870c6a72739c wifi: ath12k: indicate scan complete for scan canceled when scan running
c2ebb1d11ab9 wifi: ath12k: indicate to mac80211 scan complete with aborted flag for ATH12K_SCAN_STARTING state
ecbb987b0a96 wifi: ath12k: fix recovery fail while firmware crash when doing channel switch
004ccbc0dd49 wifi: ath12k: add support for hardware rfkill for WCN7850
e5e8b38f0c05 wifi: ath12k: Remove unnecessary (void*) conversions
9ae8c496d211 wifi: ath12k: fix DMA unmap warning on NULL DMA address
b302dce3d9ed wifi: ath12k: fix possible out-of-bound write in ath12k_wmi_ext_hal_reg_caps()
1bc44a505a22 wifi: ath12k: fix possible out-of-bound read in ath12k_htt_pull_ppdu_stats()
41e7a399aea1 wifi: ath12k: change to initialize recovery variables earlier in ath12k_core_reset()
d4e244c85e45 wifi: ath12k: enable 320 MHz bandwidth for 6 GHz band in EHT PHY capability for WCN7850
3f53624f74f4 wifi: ath12k: fix radar detection in 160 MHz
8b8b990fe495 wifi: ath12k: fix WARN_ON during ath12k_mac_update_vif_chan
4c64d708f993 PCI: vmd: Fix inconsistent indentation in vmd_resume()
e8c1841278a7 wifi: cfg80211: annotate iftype_data pointer with sparse
d48f55e773dc wifi: ath12k: fix undefined behavior with __fls in dp
bbc86757ca62 wifi: ath12k: Ignore fragments from uninitialized peer in  dp
1c9f8dff62d8 Merge tag 'char-misc-6.6-rc1' of git://git.kernel.org/pub/scm/linux/kernel/git/gregkh/char-misc
b6f6167ea8a4 Merge tag 'pci-v6.6-changes' of git://git.kernel.org/pub/scm/linux/kernel/git/pci/pci
43cc31da9146 Merge branch 'pci/misc'
b7fa64ec6af1 Merge branch 'pci/controller/resources'
6cef12635821 Merge branch 'pci/controller/remove-void-cast'
663544b5697e Merge branch 'pci/controller/vmd'
5ffe43c027c2 Merge branch 'pci/controller/tegra194'
a7dfca1a6839 Merge branch 'pci/controller/rockchip'
2195c1636624 Merge branch 'pci/controller/qcom-ep'
e8ce465fd45c Merge branch 'pci/controller/qcom-edma'
fa8805ad67fa Merge branch 'pci/controller/qcom'
26d749261862 Merge branch 'pci/controller/microchip'
aa5a239c5fcd Merge branch 'pci/controller/layerscape'
d4218e2a0733 Merge branch 'pci/controller/iproc'
59a2b16dd5c3 Merge branch 'pci/controller/hv'
9190819c89b9 Merge branch 'pci/controller/fu740'
f38176d62bce Merge branch 'pci/controller/dwc'
4b3f481c7af8 Merge branch 'pci/controller/brcmstb'
98072e31aeee Merge branch 'pci/controller/apple'
01794236666a PCI: qcom-ep: Add ICC bandwidth voting support
823de40c94d6 PCI: qcom-ep: Treat unknown IRQ events as an error
ff8d92038cf9 PCI: qcom-ep: Add eDMA support
d60379d65d2b PCI: qcom: Add support for sa8775p SoC
8cd2b8ce48e5 PCI: qcom-ep: Pass alignment restriction to the EPF core
86b4ad7d67b2 PCI: Fix typos in docs and comments
e8c81fc72232 PCI: mvebu: Remove unused busn member
4dddbad8907b Merge ath-next from git://git.kernel.org/pub/scm/linux/kernel/git/kvalo/ath.git
5d7cf67f72ae Fix nomenclature for USB and PCI wireless devices
0e5b1b46925b wifi: ath12k: Remove unused declarations
2f5124e86ae7 wifi: ath12k: add check max message length while scanning with extraie
6dac1507a654 PCI: brcmstb: Remove stale comment
8eb8c2735306 PCI: brcmstb: Assert PERST# on BCM2711
9fda4d09905d PCI: layerscape: Add power management support for ls1028a
4774faf854f5 PCI: dwc: Implement generic suspend/resume functionality
17cf8661ee0f PCI: layerscape: Add workaround for lost link capabilities during reset
d28c0d84ca40 PCI: layerscape: Add support for link-down notification
afb522b36e76 wifi: ath12k: Fix memory leak in rx_desc and tx_desc
3b86f86d0f16 wifi: ath: remove unused-but-set parameter
4f1dbb4904c3 wifi: ath12k: Fix a few spelling errors
551a60e1225e PCI: fu740: Set the number of MSI vectors
04bbe863241a PCI: hv: Fix a crash in hv_pci_restore_msi_msg() during hibernation
f73eedc90bf7 PCI: vmd: Disable bridge window for domain reset
f5a7ac118faf wifi: ath12k: Use RMW accessors for changing LNKCTL
7ff57803d24e Merge git://git.kernel.org/pub/scm/linux/kernel/git/netdev/net
e75850b4573a Merge 6.5-rc6 into char-misc-next
9106536c1aa3 Merge tag 'pci-v6.5-fixes-1' of git://git.kernel.org/pub/scm/linux/kernel/git/pci/pci
0724869ede9c bus: mhi: host: pci_generic: add support for Telit FE990 modem
b0f9f3607959 bus: mhi: host: remove unused-but-set parameter
4d016ae42efb Merge git://git.kernel.org/pub/scm/linux/kernel/git/netdev/net
06f2ab86a5b6 wifi: ath12k: Fix buffer overflow when scanning with extraie
fc8b24c28bec PCI: dwc: Provide deinit callback for i.MX
bac406c34fbc PCI: microchip: Re-partition code between probe() and init()
1abb722888fd PCI: microchip: Gather MSI information from hardware config registers
4f0b91247f78 PCI: microchip: Clean up initialisation of interrupts
d1d6a0c9e79c PCI: microchip: Enable event handlers to access bridge and control pointers
4d6bf4c49578 PCI: microchip: Align register, offset, and mask names with HW docs
2e245bc8a2ab PCI: microchip: Enable building driver as a module
6d473a5a2613 PCI: microchip: Correct the DED and SEC interrupt bit offsets
7b672d703e76 bus: mhi: host: pci_generic: Add support for Quectel RM520N-GL Lenovo variant
d332642a9821 PCI: apple: Use pci_dev_id() to simplify the code
3bfc37d92687 Revert "PCI: mvebu: Mark driver as BROKEN"
efe47a18e43f bus: mhi: host: allow MHI client drivers to provide the firmware via a pointer
ebfde1584d9f Revert "PCI: tegra194: Enable support for 256 Byte payload"
8198950ccb7d wifi: ath12k: avoid deadlock by change ieee80211_queue_work for regd_update_work
9632ea57be65 wifi: ath12k: add handler for scan event WMI_SCAN_EVENT_DEQUEUED
89a9dda1430a wifi: ath12k: relax list iteration in ath12k_mac_vif_unref()
07c01b86f21d wifi: ath12k: configure puncturing bitmap
9211df5c025a wifi: ath12k: parse WMI service ready ext2 event
22e1d1166c27 wifi: ath12k: add MLO header in peer association
6734cf9b4cc7 wifi: ath12k: peer assoc for 320 MHz
5b70ec6036c1 wifi: ath12k: add WMI support for EHT peer
17bbb8aa74fd wifi: ath12k: prepare EHT peer assoc parameters
38013653a697 wifi: ath12k: add EHT PHY modes
dbe90679bfa1 wifi: ath12k: propagate EHT capabilities to userspace
1476014fadb6 wifi: ath12k: WMI support to process EHT capabilities
a7a6a45d37fe wifi: ath12k: move HE capabilities processing to a new function
e22f5b780c69 wifi: ath12k: rename HE capabilities setup/copy functions
3742928a52d6 wifi: ath12k: change to use dynamic memory for channel list of scan
68c35cc39b41 wifi: ath12k: trigger station disconnect on hardware restart
7ee027abd453 wifi: ath12k: Use pdev_id rather than mac_id to get pdev
1e9b1363e2de wifi: ath12k: avoid array overflow of hw mode for preferred_hw_mode
603cf6c2fcdc wifi: ath12k: fix memcpy array overflow in ath12k_peer_assoc_h_he()
15c8441dc1ed wifi: ath12k: correct the data_type from QMI_OPT_FLAG to QMI_UNSIGNED_1_BYTE for mlo_capable
8ad314da54c6 wifi: ath12k: Fix a NULL pointer dereference in ath12k_mac_op_hw_scan()
c5097b9869a1 Revert "PCI: dwc: Wait for link up only if link is started"
c925cfaf0992 PCI: Explicitly include correct DT includes
69940b888e35 net: qrtr: Handle IPCR control port format of older targets
f26b32ef2fe6 net: qrtr: ns: Change nodes radix tree to xarray
608a147a8872 net: qrtr: ns: Change servers radix tree to xarray
cdb50033dd6d PCI: rockchip: Use 64-bit mask on MSI 64-bit PCI address
ed3cac7c5ac6 PCI: microchip: Remove cast between incompatible function type
7a6531696668 PCI: keembay: Remove cast between incompatible function type
1a8bf351ccde PCI: meson: Remove cast between incompatible function type
188f46cac267 PCI: imx6: Use devm_platform_get_and_ioremap_resource()
b1042a7caa02 PCI: xgene-msi: Use devm_platform_get_and_ioremap_resource()
88f29abd249a PCI: v3: Use devm_platform_get_and_ioremap_resource()
da1e3277a8fe PCI: rcar-gen2: Use devm_platform_get_and_ioremap_resource()
b9cbc06049cb PCI: qcom-ep: Switch MHI bus master clock off during L1SS
8f1c517ccd37 PCI: iproc: Use of_property_read_bool() for boolean properties
d8650c0c2aa2 PCI: apple: Initialize pcie->nvecs before use
d0184830e611 bus: mhi: host: use vmalloc_array and vcalloc
104a8c5dd943 bus: mhi: host: pci_generic: Add support for Dell DW5932e
1cad976a1be9 bus: mhi: host: pci_generic: Add support for Quectel RM520N-GL modem
110f113a4898 bus: mhi: host: pci_generic: Add support for Quectel EM160R-GL modem
15f670575687 bus: mhi: host: pci_generic: Add support for IP_SW0 channels
cabce92dd805 bus: mhi: host: Skip MHI reset if device is in RDDM
0b907305022b Merge tag 'dmaengine-6.5-rc1' of git://git.kernel.org/pub/scm/linux/kernel/git/vkoul/dmaengine
9070577ae9d6 Merge tag 'pci-v6.5-changes' of git://git.kernel.org/pub/scm/linux/kernel/git/pci/pci
e4c8d0186511 Merge tag 'soc-drivers-6.5' of git://git.kernel.org/pub/scm/linux/kernel/git/soc/soc
3a8a670eeeaa Merge tag 'net-next-6.5' of git://git.kernel.org/pub/scm/linux/kernel/git/netdev/net-next
72dc6db7e3b6 Merge tag 'wq-for-6.5-cleanup-ordered' of git://git.kernel.org/pub/scm/linux/kernel/git/tj/wq
6ecac465eee8 Merge branch 'pci/controller/remove-void-callbacks'
d8c226ac1f74 Merge branch 'pci/controller/endpoint'
b5abb12cdd29 Merge branch 'pci/controller/vmd'
9f5eb1bf5512 Merge branch 'pci/controller/rockchip'
9cd5f2cec7e5 Merge branch 'pci/controller/rcar'
5c13b3c19a72 Merge branch 'pci/controller/qcom'
69fa3ef3d269 Merge branch 'pci/pci/ftpci100'
99f7b809067b Merge branch 'pci/controller/dwc'
dc97391e6610 sock: Remove ->sendpage*() in favour of sendmsg(MSG_SPLICE_PAGES)
0c0206dc4f5b PCI: vmd: Fix uninitialized variable usage in vmd_enable_domain()
afbb9130d2bf PCI: xgene-msi: Convert to platform remove callback returning void
c7fd95cda648 PCI: tegra: Convert to platform remove callback returning void
2998efcd8e73 PCI: rockchip-host: Convert to platform remove callback returning void
4c3bc1b41b8f PCI: mvebu: Convert to platform remove callback returning void
8c47ac2a66c4 PCI: mt7621: Convert to platform remove callback returning void
22626c46bb32 PCI: mediatek-gen3: Convert to platform remove callback returning void
5e0005409427 PCI: mediatek: Convert to platform remove callback returning void
6f1c0a046048 PCI: iproc: Convert to platform remove callback returning void
9a285fbbb591 PCI: hisi-error: Convert to platform remove callback returning void
221879c98698 PCI: dwc: Convert to platform remove callback returning void
c86f4bd6008e PCI: j721e: Convert to platform remove callback returning void
b169c576ad0c PCI: brcmstb: Convert to platform remove callback returning void
60d03f70455c PCI: altera-msi: Convert to platform remove callback returning void
3a610560aa4f PCI: altera: Convert to platform remove callback returning void
b11c76db97e7 PCI: aardvark: Convert to platform remove callback returning void
e28e75e9f589 PCI: rcar: Use correct product family name for Renesas R-Car
061cbfab09fb PCI: layerscape: Add the endpoint linkup notifier support
8f05cd35c73b PCI: qcom-ep: Add support for BME notification
c47c74b7217a PCI: qcom-ep: Add support for Link down notification
e6988447c15d Merge tag 'wireless-next-2023-06-22' of git://git.kernel.org/pub/scm/linux/kernel/git/wireless/wireless-next
a7384f391875 Merge git://git.kernel.org/pub/scm/linux/kernel/git/netdev/net
7e6689b34a81 PCI: rockchip: Set address alignment for endpoint mode
a52587e0bee1 PCI: rockchip: Don't advertise MSI-X in PCIe capabilities
8962b2cb3911 PCI: rockchip: Use u32 variable to access 32-bit registers
dc73ed0f1b8b PCI: rockchip: Fix window mapping and address translation for endpoint
166e89d99dd8 PCI: rockchip: Fix legacy IRQ generation for RK3399 PCIe endpoint core
9dd3c7c4c8c3 PCI: rockchip: Add poll and timeout to wait for PHY PLLs to be locked
f397fd4ac1fa PCI: rockchip: Assert PCI Configuration Enable bit after probe
1f1c42ece18d PCI: rockchip: Write PCI Device ID to correct register
92a9c57c325d PCI: rockchip: Remove writes to unused registers
1fdecc5bc8e8 PCI: qcom: Do not advertise hotplug capability for IP v2.1.0
fa2dc2528684 PCI: qcom: Do not advertise hotplug capability for IP v1.0.0
e35d13a5ff37 PCI: qcom: Use post init sequence of IP v2.3.2 for v2.4.0
25966e78d303 PCI: qcom: Do not advertise hotplug capability for IP v2.3.2
11bce06b21a0 PCI: qcom: Do not advertise hotplug capability for IPs v2.3.3 and v2.9.0
a54db86ddc15 PCI: qcom: Do not advertise hotplug capability for IPs v2.7.0 and v1.9.0
200b8f85f202 PCI: qcom: Disable write access to read only registers for IP v2.9.0
60f0072d7fb7 PCI: qcom: Use DWC helpers for modifying the read-only DBI registers
a33d700e8eea PCI: qcom: Disable write access to read only registers for IP v2.3.3
3bbc3c72c4b8 PCI: imx6: Save and restore root port MSI control in suspend and resume
067d6ec7ed5b PCI: hv: Add a per-bus mutex state_lock
a847234e24d0 Revert "PCI: hv: Fix a timing issue which causes kdump to fail occasionally"
add9195e69c9 PCI: hv: Remove the useless hv_pcichild_state from struct hv_pci_dev
2738d5ab7929 PCI: hv: Fix a race condition in hv_irq_unmask() that can cause panic
440b5e366327 PCI: hv: Fix a race condition bug in hv_pci_query_relations()
3a5d50f8eb4f wifi: ath12k: fix conf_mutex in ath12k_mac_op_unassign_vif_chanctx()
e2d1f005d3fb wifi: ath12k: delete the timer rx_replenish_retry during rmmod
8f04852e90cb wifi: ath12k: Use msdu_end to check MCBC
3394b51c7d3f wifi: ath12k: check hardware major version for WCN7850
054b5580a36e wifi: ath12k: Avoid NULL pointer access during management transmit cleanup
56ad9b211069 PCI: rcar-host: Remove unused static pcie_base and pcie_dev
c60738de85f4 PCI: ftpci100: Release the clock resources
342527f35338 wifi: ath12k: Add support to parse new WMI event for 6 GHz regulatory
da56a1bfbab5 PCI: dwc: Wait for link up only if link is started
022acfa63260 net: qrtr: Use alloc_ordered_workqueue() to create ordered workqueues
487517557f97 dmaengine: dw-edma: Rename dw_edma_core_ops structure to dw_edma_plat_ops
1e80449e8d4b wifi: ath10/11/12k: Use alloc_ordered_workqueue() to create ordered workqueues
156d30084295 Merge ath-next from git://git.kernel.org/pub/scm/linux/kernel/git/kvalo/ath.git
1fd2c3f93c3e wifi: ath12k: increase vdev setup timeout
9365bf006f53 PCI: tegra194: Add interconnect support in Tegra234
205b3d02d57c PCI: tegra194: Fix possible array out of bounds access
695df2f417d2 wifi: ath: work around false-positive stringop-overread warning
b61cf04c49c3 PCI: vmd: Reset VMD config register between soft reboots
0e12f8302369 PCI: cadence: Fix Gen2 Link Retraining process
e995f3f602a3 wifi: ath12k: fix potential wmi_mgmt_tx_queue race condition
5189a8dba849 wifi: ath12k: add wait operation for tx management packets for flush from mac80211
33f83a23f4cc wifi: ath12k: Remove some dead code
da46b58ff884 Merge tag 'hyperv-next-signed-20230424' of git://git.kernel.org/pub/scm/linux/kernel/git/hyperv/linux
cec24b8b6bb8 Merge tag 'char-misc-6.4-rc1' of git://git.kernel.org/pub/scm/linux/kernel/git/gregkh/char-misc
34b62f186db9 Merge tag 'pci-v6.4-changes' of git://git.kernel.org/pub/scm/linux/kernel/git/pci/pci
e671fb86ecc0 wifi: ath12k: send WMI_PEER_REORDER_QUEUE_SETUP_CMDID when ADDBA session starts
34c5625a459a wifi: ath12k: set PERST pin no pull request for WCN7850
9981a3ac5887 wifi: ath12k: add qmi_cnss_feature_bitmap field to hardware parameters
a494aef23dfc PCI: hv: Replace retarget_msi_interrupt_params with hyperv_pcpu_input_arg
ca2889658015 Merge tag 'wireless-next-2023-04-21' of git://git.kernel.org/pub/scm/linux/kernel/git/wireless/wireless-next
ab072a3bfa0e PCI: xilinx: Drop obsolete dependency on COMPILE_TEST
9f3c35bfc54b PCI: mobiveil: Sort Kconfig entries by vendor
c39819c044be PCI: dwc: Sort Kconfig entries by vendor
81c362e798d4 PCI: Sort controller Kconfig entries by vendor
80c170d7b13d PCI: Use consistent controller Kconfig menu entry language
bf909c57567e PCI: xilinx-nwl: Add 'Xilinx' to Kconfig prompt
7f5441c1789c PCI: hv: Add 'Microsoft' to Kconfig prompt
6ba4ce6b2ef6 PCI: meson: Add 'Amlogic' to Kconfig prompt
30dc83a92275 Merge branch 'pci/controller/rcar'
5c5dd8839fc0 Merge branch 'pci/controller/qcom'
b4c85e7bf423 Merge branch 'pci/controller/mt7621'
d7493f273b4a Merge branch 'pci/controller/layerscape'
2ad2e01914fd Merge branch 'pci/controller/kirin'
73af737eea9e Merge branch 'pci/controller/ixp4xx'
0c78d418e95f Merge branch 'pci/controller/dwc'
2a1dd5c88ce3 Merge tag 'mhi-for-v6.4' of git://git.kernel.org/pub/scm/linux/kernel/git/mani/mhi into char-misc-next
9195ee1a1f76 PCI: Use of_property_present() for testing DT property presence
2c6ba4216844 PCI: hv: Enable PCI pass-thru devices in Confidential VMs
800e68c44ffe Merge git://git.kernel.org/pub/scm/linux/kernel/git/netdev/net
6417070918de net: qrtr: Fix an uninit variable access bug in qrtr_tx_resume()
6276a403c0ff PCI: qcom: Add SM8550 PCIe support
b9235aef8492 wifi: ath12k: Remove redundant pci_clear_master
7394d0a85d6f PCI: qcom: Add support for SDX55 SoC
c0e1eb441b1d PCI: qcom: Enable async probe by default
ad9b9b6e36c9 PCI: qcom: Add support for system suspend and resume
05f464640962 PCI: qcom: Expose link transition counts via debugfs
1f70939871b2 PCI: qcom: Rename qcom_pcie_config_sid_sm8250() to reflect IP version
656a08820e7b PCI: qcom: Use macros for defining total no. of clocks & supplies
fb0eacb2972e PCI: qcom: Use bulk reset APIs for handling resets for IP rev 2.4.0
157fecca3558 PCI: qcom: Use bulk reset APIs for handling resets for IP rev 2.3.3
b699ed9b03de PCI: qcom: Use bulk clock APIs for handling clocks for IP rev 2.3.3
5329bcc4a1e7 PCI: qcom: Use bulk clock APIs for handling clocks for IP rev 2.3.2
5d4ffe5ec5e9 PCI: qcom: Use bulk clock APIs for handling clocks for IP rev 1.0.0
383215dd2fd7 PCI: qcom: Use bulk reset APIs for handling resets for IP rev 2.1.0
94ebd232dbc8 PCI: qcom: Use lower case for hex
17804668ca54 PCI: qcom: Add missing macros for register fields
57eddec8dc30 PCI: qcom: Use bitfield definitions for register fields
769e49d87b15 PCI: qcom: Sort and group registers and bitfield definitions
39171b33f652 PCI: qcom: Remove PCIE20_ prefix from register definitions
2542e16c3925 PCI: qcom: Fix the incorrect register usage in v2.7.0 config
1d1493bdc25f bus: mhi: host: Use mhi_tryset_pm_state() for setting fw error state
d469d9448a0f bus: mhi: host: Remove duplicate ee check for syserr
4308c6878acf bus: mhi: host: Avoid ringing EV DB if there are no elements to process
d9c960675adc Merge git://git.kernel.org/pub/scm/linux/kernel/git/netdev/net
f2afccfefe7b Merge tag 'net-6.3-rc6-2' of git://git.kernel.org/pub/scm/linux/kernel/git/netdev/net
839349d13905 net: qrtr: Do not do DEL_SERVER broadcast after DEL_CLIENT
c2dbd34f6a95 bus: mhi: pci_generic: Add Foxconn T99W510
446271e5d7bc bus: mhi: host: Use ERANGE for BHIOFF/BHIEOFF range check
6a0c637bfee6 bus: mhi: host: Range check CHDBOFF and ERDBOFF
44d807320000 net: qrtr: Fix a refcount bug in qrtr_recvmsg()
6c6fa1f3f771 PCI: ixp4xx: Use PCI_CONF1_ADDRESS() macro
50233e105a03 PCI: mt7621: Use dev_info() to log PCIe card detection
5f5ac460dfe7 PCI: imx6: Install the fault handler only on compatible match
25d165c49802 wifi: ath12k: incorrect channel survey dump
392b6b76fd39 wifi: ath12k: fix incorrect handling of AMSDU frames
e93bbd65547e wifi: ath12k: fix packets are sent in native wifi mode while we set raw mode
4b50d4205207 wifi: ath12k: fill peer meta data during reo_reinject
72d17c3e86d0 wifi: ath12k: Enable IMPS for WCN7850
4c26033d75e4 wifi: ath12k: Identify DFS channel when sending scan channel list command
cbc0008c9b39 wifi: ath12k: fix firmware assert during channel switch for peer sta
960412bee0ea wifi: ath12k: fix memory leak in ath12k_qmi_driver_event_work()
cdce67099117 PCI: dwc: Fix PORT_LINK_CONTROL update when CDM check enabled
be567c6cbc08 PCI: layerscape: Add EP mode support for ls1028a
488d9a484f96 wifi: ath12k: Add missing unwind goto in ath12k_pci_probe()
4c4ca9f7c4ca Merge ath-next from git://git.kernel.org/pub/scm/linux/kernel/git/kvalo/ath.git
727de4c08768 PCI: rcar: Avoid defines prefixed with CONFIG
14853a0676c1 bus: mhi: host: pci_generic: Revert "Add a secondary AT port to Telit FN990"
3a2776e8a0e1 PCI: kirin: Select REGMAP_MMIO
45581e663703 bus: mhi: host: pci_generic: Drop redundant pci_enable_pcie_error_reporting()
94e19f4fbb1e bus: mhi: ep: Demote unsupported channel error log to debug
5da094ac80cd bus: mhi: host: Remove mhi_poll() API
8ff99ad04c2e Merge tag 'phy-for-6.3' of git://git.kernel.org/pub/scm/linux/kernel/git/phy/linux-phy
90ddb3f03418 Merge tag 'pci-v6.3-changes' of git://git.kernel.org/pub/scm/linux/kernel/git/pci/pci
a93e884edf61 Merge tag 'driver-core-6.3-rc1' of git://git.kernel.org/pub/scm/linux/kernel/git/gregkh/driver-core
693fed981eb9 Merge tag 'char-misc-6.3-rc1' of git://git.kernel.org/pub/scm/linux/kernel/git/gregkh/char-misc
28013c356296 wifi: ath12k: remove memset with byte count of 278528
3eb5d0f26f4e Merge branch 'pci/misc'
90fb1a36528b Merge branch 'pci/controller/vmd'
b237474a90c1 Merge branch 'pci/controller/qcom'
7cfd342bd191 Merge branch 'pci/controller/mvebu'
181a60a0ee88 Merge branch 'pci/controller/mt7621'
a9cd360245af Merge branch 'pci/controller/imx6'
5256d493809d Merge branch 'pci/controller/dwc'
33abd97c34ff Merge branch 'pci/endpoint'
881766fe0d4a Merge branch 'pci/kbuild'
939fbcd568fd PCI: dwc: Add Root Port and Endpoint controller eDMA engine support
68373f2c0fd8 PCI: bt1: Set 64-bit DMA mask
6c784e21b3da PCI: dwc: Restrict only coherent DMA mask for MSI address allocation
80e396586d0a wifi: ath12k: PCI ops for wakeup/release MHI
95a389e2ff32 wifi: ath12k: Handle lock during peer_id find
5b7c4cabbb65 Merge tag 'net-next-6.3' of git://git.kernel.org/pub/scm/linux/kernel/git/netdev/net-next
b8878e5a5c62 Merge tag 'hyperv-next-signed-20230220' of git://git.kernel.org/pub/scm/linux/kernel/git/hyperv/linux
8cc01d43f882 Merge tag 'rcu.2023.02.10a' of git://git.kernel.org/pub/scm/linux/kernel/git/paulmck/linux-rcu
8c464d16809f wifi: ath12k: use kfree_skb() instead of kfree()
df8e8db22c25 wifi: ath12k: dp_mon: clean up some inconsistent indentings
731e1b36656a wifi: ath12k: dp_mon: Fix unsigned comparison with less than zero
480c9df57787 wifi: ath12k: Fix spelling mistakes in warning messages and comments
f98954b293d0 PCI: Remove MODULE_LICENSE so boolean drivers don't look like modules
9574d57f2d43 PCI: hv: Drop duplicate PCI_MSI dependency
f356132229b1 PCI: qcom: Add IPQ8074 Gen3 port support
997e010de913 PCI: qcom: Fix host-init error handling
720e0d91c977 PCI: qcom: Add SM8350 support
c2cc5cdda46c PCI: tegra194: Move dw_pcie_ep_linkup() to threaded IRQ handler
da87d35a6e51 PCI: dra7xx: Use threaded IRQ handler for "dra7xx-pcie-main" IRQ
c768f8c5f40f PCI: loongson: Add more devices that need MRRS quirk
3eea2c615e25 Merge ath-next from git://git.kernel.org/pub/scm/linux/kernel/git/kvalo/ath.git
b3574f579ece PCI: mvebu: Mark driver as BROKEN
d38e781ea035 Merge 6.2-rc7 into char-misc-next
0cb2a8f3456f PCI: mt7621: Delay phy ports initialization
cbce3de28c37 Merge tag 'mhi-for-v6.3' of git://git.kernel.org/pub/scm/linux/kernel/git/mani/mhi into char-misc-next
a80becc56d27 PCI: tegra: Convert to devm_of_phy_optional_get()
a8f0ff9185ae drivers/pci/controller: Remove "select SRCU"
82b4a9412b4d Merge git://git.kernel.org/pub/scm/linux/kernel/git/netdev/net
3c54a3ff0a2c bus: mhi: ep: Fix off by one in mhi_ep_process_cmd_ring()
f492edb40b54 PCI: vmd: Add quirk to configure PCIe ASPM and LTR
14d2079af648 PCI: vmd: Create feature grouping for client products
cca0dfecdba3 PCI: vmd: Use PCI_VDEVICE in device list
8b3517f88ff2 PCI: loongson: Prevent LS7A MRRS increases
29de68c2b32c net: qrtr: free memory on error path in radix_tree_insert()
2a81ada32f0e driver core: make struct bus_type.uevent() take a const *
1ddc76182940 bus: mhi: ep: Change state_lock to mutex
8a1c24bb908f bus: mhi: ep: Save channel state locally during suspend and resume
8d6a1fea5386 bus: mhi: ep: Move chan->lock to the start of processing queued ch ring
8e697fcfdb98 bus: mhi: ep: Fix the debug message for MHI_PKT_TYPE_RESET_CHAN_CMD cmd
e6cebcc27519 bus: mhi: ep: Only send -ENOTCONN status if client driver is available
6de4941c0215 bus: mhi: ep: Check if the channel is supported by the controller
47a1dcaea073 bus: mhi: ep: Power up/down MHI stack during MHI RESET
a33ca17426c0 bus: mhi: host: Update mhi driver description
1501da7696b2 bus: mhi: Update Makefile to used Kconfig flags
40e0b0908142 net/sock: Introduce trace_sk_data_ready()
801fc159e30d wifi: ath12k: Add support to read EEPROM caldata
42982259e9b7 wifi: ath12k: Add new qmi_bdf_type to handle caldata
27d7e348efb3 wifi: ath12k: Fix incorrect qmi_file_type enum values
2ee25c257d17 wifi: ath12k: dp_mon: Fix uninitialized warning related to the pktlog
80166c42434c wifi: ath12k: dp_mon: Fix out of bounds clang warning
b57f03200853 wifi: ath12k: hal_rx: Use memset_startat() for clearing queue descriptors
d1335f0dc18f wifi: ath12k: Fix uninitilized variable clang warnings
cfec785c7662 wifi: ath12k: wmi: delete PSOC_HOST_MAX_NUM_SS
f8209eef730e wifi: ath12k: hal: convert offset macros to functions
1a8dc2eb5b4e wifi: ath12k: hal: add ab parameter to macros using it
96ec2939620c Drivers: hv: Make remove callback of hyperv driver void returned
c435669a41dd PCI: imx6: Add i.MX8MP PCIe EP support
fb3217e2cfc6 PCI: imx6: Add i.MX8MM PCIe EP support
530ba41250b6 PCI: imx6: Add i.MX8MQ PCIe EP support
75c2f26da03f PCI: imx6: Add i.MX PCIe EP mode support
760d560f71c8 PCI: dwc: Adjust to recent removal of PCI_MSI_IRQ_DOMAIN
e79041113b19 Merge tag 'phy-for-6.2' of git://git.kernel.org/pub/scm/linux/kernel/git/phy/linux-phy
ba54ff1fb662 Merge tag 'char-misc-6.2-rc1' of git://git.kernel.org/pub/scm/linux/kernel/git/gregkh/char-misc
c7020e1b346d Merge tag 'pci-v6.2-changes' of git://git.kernel.org/pub/scm/linux/kernel/git/helgaas/pci
268325bda529 Merge tag 'random-6.2-rc1-for-linus' of git://git.kernel.org/pub/scm/linux/kernel/git/crng/random
9d33edb20f7e Merge tag 'irq-core-2022-12-10' of git://git.kernel.org/pub/scm/linux/kernel/git/tip/tip
f826afe5eae8 Merge branch 'pci/kbuild'
e4d741e9e40b Merge branch 'pci/ctrl/xilinx'
4e5194733a81 Merge branch 'pci/ctrl/mvebu'
0454c6c0ed26 Merge branch 'pci/ctrl/aardvark'
ba7deaa2a8e4 Merge branch 'remotes/lorenzo/pci/vmd'
4e5db7983de0 Merge branch 'remotes/lorenzo/pci/tegra'
008ee711f99f Merge branch 'remotes/lorenzo/pci/qcom'
8ecdba32a500 Merge branch 'remotes/lorenzo/pci/mt7621'
29a3e5aedc39 Merge branch 'remotes/lorenzo/pci/dwc'
c1ddc3dad85d PCI: xilinx-nwl: Fix coding style violations
76007ccc5727 PCI: mvebu: Switch to using gpiod API
7ccb96677964 PCI: aardvark: Switch to using devm_gpiod_get_optional()
19098934f910 PCI: mt7621: Add sentinel to quirks table
0a584655ef89 PCI: vmd: Fix secondary bus reset for Intel bridges
d889913205cf wifi: ath12k: driver for Qualcomm Wi-Fi 7 devices
503112f4225f PCI: hv: update comment in x86 specific hv_arch_irq_unmask
08c9d2f56178 Merge tag 'mhi-for-v6.2' of git://git.kernel.org/pub/scm/linux/kernel/git/mani/mhi into char-misc-next
ba6ed462dcf4 PCI: dwc: Add Baikal-T1 PCIe controller support
ef69f852a978 PCI: dwc: Introduce generic platform clocks and resets
9f67ecdd9579 PCI: dwc: Combine iATU detection procedures
ef8c58877fe7 PCI: dwc: Introduce generic resources getter
7f9e982dc4fc PCI: dwc: Introduce generic controller capabilities interface
8522e17d4cab PCI: dwc: Introduce dma-ranges property support for RC-host
e8a533cbeb79 treewide: use get_random_u32_inclusive() when possible
8032bf1233a7 treewide: use get_random_u32_below() instead of deprecated function
8610e98f0b48 PCI: Drop of_match_ptr() to avoid unused variables
d474d92d7025 x86/apic: Remove X86_IRQ_ALLOC_CONTIGUOUS_VECTORS
a474d3fbe287 PCI/MSI: Get rid of PCI_MSI_IRQ_DOMAIN
5562c6a9657e bus: mhi: host: pci_generic: Add definition for some VIDs
1d26a55fbeb9 PCI: histb: Switch to using gpiod API
c234ba804292 PCI: hv: Only reuse existing IRTE allocation for Multi-MSI
ae6b9a65af48 PCI: imx6: Initialize PHY before deasserting core reset
c4860af88d0c PCI: qcom: Add basic interconnect support
d899aa668498 PCI: vmd: Disable MSI remapping after suspend
602fb860945f PCI: brcmstb: Set RCB_{MPS,64B}_MODE bits
137b57413f56 PCI: brcmstb: Drop needless 'inline' annotations
ca5dcc76314d PCI: brcmstb: Replace status loops with read_poll_timeout_atomic()
3ae140ad827b PCI: brcmstb: Wait for 100ms following PERST# deassert
198acab1772f PCI: brcmstb: Enable Multi-MSI
277004d7a4a3 PCI: Remove unnecessary <linux/of_irq.h> includes
753596dcdb75 PCI: xgene-msi: Include <linux/irqdomain.h> explicitly
763d25e7affe PCI: mvebu: Include <linux/irqdomain.h> explicitly
606a0430b37a PCI: microchip: Include <linux/irqdomain.h> explicitly
8c50cd059c5c PCI: altera-msi: Include <linux/irqdomain.h> explicitly
8405d8f0956d PCI: dwc: Use dev_info for PCIe link down event logging
fba31beab357 PCI: qcom: Fix error message for reset_control_assert()
d8425a8c3a84 bus: mhi: host: pci_generic: Add HP variant of T99W175
46af287cd5d7 bus: mhi: host: pci_generic: add support for sc8280xp-crd SDX55 variant
e70af8d040d2 PCI: hv: Fix the definition of vector in hv_compose_msi_msg()
2d5253a096c6 bus: mhi: host: pci_generic: Add a secondary AT port to Telit FN990
869a99907fae bus: mhi: host: Fix race between channel preparation and M0 event
46db0ba12be6 bus: mhi: host: Use mhi_soc_reset() API in place of register write
16e3f4077965 PCI: tegra: Switch to using devm_fwnode_gpiod_get
442ae919e6ca PCI: designware-ep: Disable PTM capabilities for EP mode
66110361281b PCI: dwc: Fix n_fts[] array overrun
897a66d28198 Revert "PCI: tegra: Use PCI_CONF1_EXT_ADDRESS() macro"
a84ed1919fb3 PCI: qcom-ep: Setup PHY to work in EP mode
f90747d1b641 PCI: qcom: Setup PHY to work in RC mode
041bc24d867a Merge tag 'pci-v6.1-changes' of git://git.kernel.org/pub/scm/linux/kernel/git/helgaas/pci
a09476668e30 Merge tag 'char-misc-6.1-rc1' of git://git.kernel.org/pub/scm/linux/kernel/git/gregkh/char-misc
ff6862c23d2e Merge tag 'arm-drivers-6.1' of git://git.kernel.org/pub/scm/linux/kernel/git/soc/soc
14868d783c16 Merge branch 'remotes/lorenzo/pci/misc'
e302bafff6fa Merge branch 'pci/qcom'
fba236f96ccb Merge branch 'remotes/lorenzo/pci/mvebu'
7cb0a666998d Merge branch 'remotes/lorenzo/pci/mediatek'
fefb75d84249 Merge branch 'remotes/lorenzo/pci/dwc'
84aabff88098 Merge branch 'remotes/lorenzo/pci/bridge-emul'
9d17becd49d1 Merge branch 'remotes/lorenzo/pci/apple'
94f0b955e4ed PCI: qcom-ep: Check platform_get_resource_byname() return value
867ec26c1606 PCI: qcom-ep: Add support for SM8450 SoC
aa4b1753625c PCI: qcom-ep: Make PERST separation optional
0391632948d9 PCI: qcom-ep: Disable Master AXI Clock when there is no PCIe traffic
c457ac029e44 PCI: qcom-ep: Gate Master AXI clock to MHI bus during L1SS
6dbba2b53c3b PCI: qcom-ep: Expose link transition counts via debugfs
19619b43f031 PCI: qcom-ep: Disable IRQs during driver remove
9cf4843e1acf PCI: qcom-ep: Make use of the cached dev pointer
e2efd31465b1 PCI: qcom-ep: Rely on the clocks supplied by devicetree
f1bfbd000f3b PCI: qcom-ep: Add kernel-doc for qcom_pcie_ep structure
cbcf8722b523 phy: freescale: imx8m-pcie: Fix the wrong order of phy_init() and phy_power_on()
3db1e531e444 PCI: imx6: Add i.MX8MP PCIe support
0dbc45241dc3 PCI: dwc: Replace of_gpio_named_count() by gpiod_count()
8bb7ff12a914 PCI: tegra: Use PCI_CONF1_EXT_ADDRESS() macro
0e4d9a5cc767 PCI: qcom: Rename host-init error label
b623023225ab PCI: qcom: Drop unused post_deinit callback
2301a3e1a566 PCI: mt7621: Use PCI_CONF1_EXT_ADDRESS() macro
f75a27dc6c07 PCI: ftpci100: Use PCI_CONF1_ADDRESS() macro
bfbb58848675 Merge tag 'mhi-for-v6.1' of git://git.kernel.org/pub/scm/linux/kernel/git/mani/mhi into char-misc-next
479aa3b0ec2e bus: mhi: host: pci_generic: Add a secondary AT port to Telit FN990
a080f9ad6045 PCI: aardvark: Add support for PCI Bridge Subsystem Vendor ID on emulated bridge
e4e9631b2c88 bus: mhi: host: always print detected modem name
34fdb46f0fe2 Merge tag 'arm-soc/for-6.1/drivers' of https://github.com/Broadcom/stblinux into arm/drivers
a6b9ede1f3df PCI: apple: Do not leak reset GPIO on unbind/unload/error
ffb384c269dc Merge tag 'char-misc-6.0-rc4' of git://git.kernel.org/pub/scm/linux/kernel/git/gregkh/char-misc
2baedb9f93c4 PCI: qcom-ep: Add MODULE_DEVICE_TABLE
acc5495bf764 bus: mhi: host: Fix up null pointer access in mhi_irq_handler
423511ec23e2 PCI: dwc: Drop dependency on ZONE_DMA32
658aea35ab88 PCI: pci-bridge-emul: Set position of PCI capabilities to real HW value
034fdac01fe5 PCI: mediatek-gen3: Change driver name to mtk-pcie-gen3
2e379ac66d4b PCI: mvebu: Fix endianness when accessing PCI emul bridge members
d6cbfcd24443 PCI: qcom: Sort device-id table
223117350636 PCI: qcom: Clean up IP configurations
014aa3518a58 PCI: qcom: Make all optional clocks optional
c64f56d0857a PCI: qcom: Add support for SA8540P
70574511f3fc PCI: qcom: Add support for SC8280XP
4c2d0b039c5c Merge tag 'net-6.0-rc2' of git://git.kernel.org/pub/scm/linux/kernel/git/netdev/net
7bb49d774f48 arm64: bcmbca: Make BCM4908 drivers depend on ARCH_BCMBCA
68a838b84eff net: qrtr: start MHI channel after endpoit creation
a976835fdb31 Merge tag 'ntb-5.20' of https://github.com/jonmason/ntb
4284c88fff0e PCI: designware-ep: Allow pci_epc_set_bar() update inbound map address
eff0cb3d91c0 Merge tag 'pci-v5.20-changes' of git://git.kernel.org/pub/scm/linux/kernel/git/helgaas/pci
228dfe98a313 Merge tag 'char-misc-6.0-rc1' of git://git.kernel.org/pub/scm/linux/kernel/git/gregkh/char-misc
805f91bc5226 Merge branch 'pci/misc'
ed89d69a1506 Merge branch 'pci/ctrl/pm-ops'
56ebef0a8226 Merge branch 'pci/ctrl/xilinx-cpm'
a91c6db7f3da Merge branch 'pci/ctrl/vmd'
64451ac83fe6 Merge branch 'pci/ctrl/tegra194'
3aa321dc0afc Merge branch 'pci/ctrl/rcar-gen2'
9195e6dd9b49 Merge branch 'pci/ctrl/qcom'
4faef1089652 Merge branch 'pci/ctrl/microchip'
f3305ae56615 Merge branch 'pci/ctrl/mediatek-gen3'
359a98325be5 Merge branch 'pci/ctrl/mediatek'
b4773c53c54a Merge branch 'pci/ctrl/loongson'
13506868d9f4 Merge branch 'pci/ctrl/iproc'
468276d4ea40 Merge branch 'pci/ctrl/imx6'
0c8b7d1273ee Merge branch 'pci/ctrl/fu740'
fea77e9f2978 Merge branch 'pci/ctrl/exynos'
964db794ae3c Merge branch 'pci/ctrl/dwc'
9154b00f51ea Merge branch 'pci/ctrl/brcmstb'
6213c6c545cb PCI: imx6: Support more than Gen2 speed link mode
13f8f3d1e369 PCI: imx6: Set PCIE_DBI_RO_WR_EN before writing DBI registers
835a345b18b0 PCI: imx6: Reformat suspend callback to keep symmetric with resume
1c5e761565c1 PCI: imx6: Move the imx6_pcie_ltssm_disable() earlier
34eb543f4ffa PCI: imx6: Disable clocks in reverse order of enable
cf236e0c0d59 PCI: imx6: Do not hide PHY driver callbacks and refine the error handling
af48f8226e94 PCI: imx6: Reduce resume time by only starting link if it was up before suspend
508919d0a95c PCI: imx6: Mark the link down as non-fatal error
f0691e326b27 PCI: imx6: Move regulator enable out of imx6_pcie_deassert_core_reset()
a4bb720eeb1e PCI: imx6: Turn off regulator when system is in suspend mode
cfacf22e0df2 PCI: imx6: Call host init function directly in resume
fea446eb9c77 PCI: imx6: Disable i.MX6QDL clock when disabling ref clocks
9751f65db025 PCI: imx6: Propagate .host_init() errors to caller
835fe229d709 PCI: imx6: Collect clock enables in imx6_pcie_clk_enable()
d0a75c791f98 PCI: imx6: Factor out ref clock disable to match enable
34b1b9022586 PCI: imx6: Move imx6_pcie_clk_disable() earlier
276509690c2e PCI: imx6: Move imx6_pcie_enable_ref_clk() earlier
6b1e989e4910 PCI: imx6: Move PHY management functions together
79f14b6f1c60 PCI: imx6: Move imx6_pcie_grp_offset(), imx6_pcie_configure_type() earlier
9d14ad61551d PCI: imx6: Convert to NOIRQ_SYSTEM_SLEEP_PM_OPS()
22f3571cbc84 PCI: exynos: Correct generic PHY usage
cd761378e62c PCI: dwc: Handle MSIs routed to multiple GIC interrupts
db388348acff PCI: dwc: Convert struct pcie_port.msi_irq to an array
226ec087497a PCI: dwc: Split MSI IRQ parsing/allocation to a separate function
3c62f878a969 PCI: dwc: Correct msi_irq condition in dw_pcie_free_msi()
6be6f8529bd7 PCI: dwc: Use the bitmap API to allocate bitmaps
35797e672ff0 PCI: dwc: Fix MSI msi_msg DMA mapping
ce06bf570390 PCI: dwc: Check iATU in/outbound range setup status
edf408b946d3 PCI: dwc: Validate iATU outbound mappings against hardware constraints
89473aa9ab26 PCI: dwc: Add iATU regions size detection procedure
5a163f599818 PCI: dwc: Simplify in/outbound iATU setup methods
38fe272389f4 PCI: dwc: Drop enum dw_pcie_region_type in favor of PCIE_ATU_REGION_DIR_IB/OB
4859db9bca5d PCI: dwc: Drop enum dw_pcie_as_type in favor of PCIE_ATU_TYPE_MEM/IO
c6481d51dc65 PCI: dwc: Add dw_pcie_ops.host_deinit() callback
58c379eee610 PCI: tegra194: Drop manual DW PCIe controller version setup
50deb8ac6170 PCI: intel-gw: Drop manual DW PCIe controller version setup
0b0a780d52ad PCI: dwc: Add macros to compare Synopsys IP core versions
13e9d3900c20 PCI: dwc: Read DWC IP core version from register
afe1c6d50d33 PCI: dwc: Use native DWC IP core version representation
e3dc79adfac9 PCI: dwc: Detect iATU settings after getting "addr_space" resource
14c4ad125cf9 PCI: dwc: Log link speed and width if it comes up
5147ba8af2d7 PCI: qcom: Allow ASPM L1 and substates for 2.7.0
19b7858c3357 PCI: Convert to new *_PM_OPS macros
94c651163630 PCI: brcmstb: Rename .map_bus() functions to end with 'map_bus'
7a32e9b3ff01 PCI: brcmstb: Disable/enable regulators in suspend/resume
9e6be018b263 PCI: brcmstb: Enable child bus device regulators from DT
0693b4207fd7 PCI: brcmstb: Split post-link up initialization to brcm_pcie_start_link()
5fb8f2628edf PCI: brcmstb: Prevent config space access when link is down
0ac2ff426e3d PCI: brcmstb: Remove unnecessary forward declarations
a54e19073718 PCI: tegra194: Add Tegra234 PCIe support
f899983f71e5 PCI: tegra194: Extend Endpoint mode support
e05fd6ae77c3 PCI: tegra194: Fix link up retry sequence
bb617cbd8151 PCI: tegra194: Clean up the exit path for Endpoint mode
4fb8e46c1bc4 PCI: tegra194: Enable support for 256 Byte payload
6c12e3e139ab PCI: tegra194: Clear bandwidth management status
6646e99bcec6 PCI: tegra194: Fix Root Port interrupt handling
997b99e3b386 PCI: tegra194: Find RAS DES PCIe capability offset
f1ab409d5787 Revert "PCI: tegra194: Rename tegra_pcie_dw to tegra194_pcie"
51f1ffc00d95 PCI: xilinx-cpm: Add support for Versal CPM5 Root Port
930c6074d7dd PCI: loongson: Work around LS7A incorrect Interrupt Pin registers
15a232408a8a PCI: fu740: Remove unnecessary include files
0cf7c2efe8ac PCI: qcom: Add IPQ60xx support
9a765805f62a PCI: qcom: Define slot capabilities using PCI_EXP_SLTCAP_*
996ab868d630 PCI: dwc: Move GEN3_RELATED DBI definitions to common header
7eb5768c2693 PCI: qcom: Drop manual pipe_clk_src handling
2410e3301fcc PCI: loongson: Don't access non-existent devices
cd89edda4002 PCI: loongson: Add ACPI init support
dee449aafd48 PCI: loongson: Use generic 8/16/32-bit config ops on LS2K/LS7A
affac98a604c PCI: qcom: Remove unnecessary pipe_clk handling
36d9018d557c PCI: qcom: Power on PHY before DBI register accesses
a0e43bb9973b PCI: qcom: Power on PHY before IPQ8074 DBI register accesses
38f897ae3d44 PCI: qcom: Set up rev 2.1.0 PARF_PHY before enabling clocks
2ebb36ea41a7 bus: mhi: ep: Check dev_set_name() return value
9167fd5d5549 PCI: hv: Take a const cpumask in hv_compose_msi_req_get_cpu()
4d0b8298818b genirq: Return a const cpumask from irq_data_get_affinity_mask
1dff012f636d PCI: Drop of_match_ptr() to avoid unused variables
7659806aded9 PCI: dwc-plat: Drop dw_plat_pcie_of_match[] forward declaration
03139e66a598 PCI: dwc-plat: Drop unused regmap pointer
43e6f2d94d91 PCI: dwc-plat: Simplify dw_plat_pcie_probe() return values
60b3c27fb9b9 PCI: dwc: Rename struct pcie_port to dw_pcie_rp
d6bdbcd8bfe1 PCI: dwc: Move io_cfg_atu_shared to struct pcie_port
a37beefbde88 PCI: dwc: Add start_link/stop_link inlines
bd42f3108b41 PCI: dwc: Reuse local pointer to the resource data
60a4352f648c PCI: dwc: Organize local variable usage
3869e9a3ba38 PCI: dwc: Convert dw_pcie_link_up() to use dw_pcie_readl_dbi()
bbc7c4de33e4 PCI: dwc: Simplify unrolled iATU detection
671733184364 PCI: dwc: Add newlines to log messages
816f505f44ee PCI: dwc: Add braces to multi-line if-else statements
ec7b952f453c PCI: dwc: Always enable CDM check if "snps,enable-cdm-check" exists
8161e9626b50 PCI: dwc: Deallocate EPC memory on dw_pcie_ep_init() errors
777e7c3ab730 PCI: dwc: Set INCREASE_REGION_SIZE flag based on limit address
d60a2e281e9d PCI: dwc: Disable outbound windows only for controllers using iATU
d1cf738f2b65 PCI: dwc: Add unroll iATU space support to dw_pcie_disable_atu()
113fa857b74c PCI: dwc: Stop link on host_init errors and de-initialization
52664090101a PCI: iproc: Use bitmap API to allocate bitmaps
2113651ddf3d bus: mhi: host: pci_generic: Add another Foxconn T99W175
57a128acaba0 PCI: vmd: Add DID 8086:7D0B and 8086:AD0B for Intel MTL SKUs
1227d2a20cd7 bus: mhi: host: Move IRQ allocation to controller registration phase
aefffba67288 PCI: rcar-gen2: Add RZ/N1 SOC family compatible string
b7ce71625431 bus: mhi: host: pci_generic: Add Cinterion MV31-W with new baseline
178329d4d635 bus: mhi: host: pci_generic: Add support for Quectel EM120 FCCL modem
28fc842e1472 PCI: mediatek-gen3: Print LTSSM state when PCIe link down
b3b76fc86f0f PCI: mediatek: Allow building for ARCH_AIROHA
bcdb6fd4f3e9 PCI: aardvark: Fix reporting Slot capabilities on emulated bridge
1326b4963606 PCI: aardvark: Add support for AER registers on emulated bridge
46d2398c3bc0 PCI: vmd: Use devm_kasprintf() instead of simple kasprintf()
bf038503d5fe PCI: mediatek-gen3: Fix refcount leak in mtk_pcie_init_irq_domains()
e8fbd344a5ea PCI: tegra194: Fix PM error handling in tegra_pcie_config_ep()
f030304fdeb8 PCI: microchip: Fix refcount leak in mc_pcie_init_irq_domains()
6f9b5ed8cadd Merge tag 'char-misc-5.19-rc1' of git://git.kernel.org/pub/scm/linux/kernel/git/gregkh/char-misc
c399c85d60a4 Merge tag 'pci-v5.19-fixes-1' of git://git.kernel.org/pub/scm/linux/kernel/git/helgaas/pci
f4fd559de343 Revert "PCI: brcmstb: Split brcm_pcie_setup() into two funcs"
420be2f7ebe6 Revert "PCI: brcmstb: Add mechanism to turn on subdev regulators"
212942609d83 Revert "PCI: brcmstb: Add control of subdevice voltage regulators"
7894025c783c Revert "PCI: brcmstb: Do not turn off WOL regulators on suspend"
f56dbdda4322 Merge tag 'hyperv-next-signed-20220528' of git://git.kernel.org/pub/scm/linux/kernel/git/hyperv/linux
3cc30140dbe2 Merge tag 'pci-v5.19-changes' of git://git.kernel.org/pub/scm/linux/kernel/git/helgaas/pci
32f479d05a44 Merge branch 'remotes/lorenzo/pci/vmd'
efa315818337 Merge branch 'remotes/lorenzo/pci/versatile'
647b52ecabb4 Merge branch 'remotes/lorenzo/pci/rockchip'
ba3527d8ff7f Merge branch 'pci/host/qcom'
b0266c42894a Merge branch 'remotes/lorenzo/pci/power-slot'
5ae34e8f9e9a Merge branch 'remotes/lorenzo/pci/microchip'
979db15b4a71 Merge branch 'remotes/lorenzo/pci/mediatek'
b8dc34460cec Merge branch 'remotes/lorenzo/pci/imx6'
39348d2eb2f5 Merge branch 'remotes/lorenzo/pci/dwc'
83013631f0f9 PCI: qcom: Fix unbalanced PHY init on probe errors
87d83b96c8d6 PCI: qcom: Fix runtime PM imbalance on probe errors
fdf6a2f53311 PCI: qcom: Fix pipe clock imbalance
a935601eed18 PCI: qcom: Add SM8150 SoC support
d7e6f5836038 Merge git://git.kernel.org/pub/scm/linux/kernel/git/netdev/net
46ee6bcac983 Merge tag 'mhi-for-v5.19' of git://git.kernel.org/pub/scm/linux/kernel/git/mani/mhi into char-work-next
7013654af694 PCI: microchip: Fix potential race in interrupt handling
210e04ff7681 Merge tag 'pci-v5.18-fixes-1' of git://git.kernel.org/pub/scm/linux/kernel/git/helgaas/pci
a3b69dd0ad62 Revert "PCI: aardvark: Rewrite IRQ code to chained IRQ handler"
b4927bd27262 PCI: hv: Fix synchronization between channel callback and hv_pci_bus_exit()
9937fa6d1eb6 PCI: hv: Add validation for untrusted Hyper-V values
95b00f68209e PCI: cadence: Clear FLR in device capabilities register
a1f67bc131c3 PCI: cadence: Allow PTM Responder to be enabled
c94f732e8001 PCI: vmd: Revert 2565e5b69c44 ("PCI: vmd: Do not disable MSI-X remapping if interrupt remapping is enabled by IOMMU.")
886e67100b90 PCI: vmd: Assign VMD IRQ domain before enumeration
a2bad844a67b PCI: hv: Fix interrupt mapping for multi-MSI
b4b77778ecc5 PCI: hv: Reuse existing IRTE allocation in compose_msi_msg()
e8aae154df61 PCI: rockchip-dwc: Add legacy interrupt support
431e7d2eece5 PCI: rockchip-dwc: Reset core at driver probe
1d565935e3b9 PCI: mediatek-gen3: Assert resets to ensure expected init state
30097efa334a PCI: microchip: Add missing chained_irq_enter()/exit() calls
a6809941c1f1 PCI: imx6: Fix PERST# start-up sequence
bc49681c9636 PCI: qcom-ep: Move enable/disable resources code to common functions
13b9b814da2d bus: mhi: host: Add support for Foxconn T99W373 and T99W368
77fc41204734 bus: mhi: host: pci_generic: add Telit FN990
a96ef8b504ef bus: mhi: host: pci_generic: add Telit FN980 v1 hardware revision
249369e93121 bus: mhi: replace snprintf with sysfs_emit
c8227d568ddf Merge git://git.kernel.org/pub/scm/linux/kernel/git/netdev/net
134b5ce3ed33 PCI: qcom: Remove ddrss_sf_tbu clock from SC8180X
23e118a48acf PCI: hv: Do not set PCI_COMMAND_MEMORY to reduce VM boot time
35a7609639c4 Merge 5.18-rc5 into char-misc-next
455880dfe292 PCI: hv: Fix hv_arch_irq_unmask() for multi-MSI
6086987bdeb5 PCI: versatile: Remove redundant variable retval
c268c0a8a330 bus: mhi: ep: Add uevent support for module autoloading
e4b7b5f0f30a bus: mhi: ep: Add support for suspending and resuming channels
2d945a394d9c bus: mhi: ep: Add support for queueing SKBs to the host
03c0bb8ec983 bus: mhi: ep: Add support for processing channel rings
530125889977 bus: mhi: ep: Add support for reading from the host
e827569062a8 bus: mhi: ep: Add support for processing command rings
f7d0806bdb1b bus: mhi: ep: Add support for handling SYS_ERR condition
7a97b6b47353 bus: mhi: ep: Add support for handling MHI_RESET
5d507ee04894 bus: mhi: ep: Add support for powering down the MHI endpoint stack
fb3a26b7e8af bus: mhi: ep: Add support for powering up the MHI endpoint stack
4799e71b0826 bus: mhi: ep: Add support for processing MHI endpoint interrupts
f9baa4f73795 bus: mhi: ep: Add support for managing MHI state machine
961aeb689224 bus: mhi: ep: Add support for sending events to the host
bbdcba57a1a2 bus: mhi: ep: Add support for ring management
e9e4da23cd65 bus: mhi: ep: Add support for managing MMIO registers
297c77a0f273 bus: mhi: ep: Add support for creating and destroying MHI EP devices
ee0360b20b3f bus: mhi: ep: Add support for registering MHI endpoint client drivers
d434743e5cac bus: mhi: ep: Add support for registering MHI endpoint controllers
a765ed47e451 PCI: hv: Fix synchronization between channel callback and hv_compose_msi_msg()
de5ddb7d4434 PCI: hv: Use vmbus_requestor to generate transaction IDs for VMbus hardening
08e61e861a0e PCI: hv: Fix multi-MSI to allow more than one MSI vector
c049b4b37685 PCI: microchip: Add a missing semicolon
0d5b8c298545 PCI: mvebu: Add support for sending Set_Slot_Power_Limit message
17e6ff4937be bus: mhi: host: Add support for Cinterion MV32-WA/MV32-WB
d126bfeaf721 bus: mhi: host: Optimize and update MMIO register write method
0bca889fd6fe bus: mhi: host: Bail on writing register fields if read fails
36e5505dfb42 bus: mhi: host: Wait for ready state after reset
95c33ae41b82 bus: mhi: host: Add soc_reset sysfs
89ad19bea649 bus: mhi: host: pci_generic: Sort mhi_pci_id_table based on the PID
e565d3efd894 bus: mhi: host: Use cached values for calculating the shared write pointer
e90d20c9df11 Merge tag 'mhi-fixes-v5.18' of git://git.kernel.org/pub/scm/linux/kernel/git/mani/mhi into char-misc-linus
c38f83bae403 bus: mhi: host: pci_generic: Flush recovery worker during freeze
e64d5fa5044f bus: mhi: host: pci_generic: Add missing poweroff() PM callback
571dda6ca513 PCI: tegra194: Remove unnecessary MSI enable reg save and restore
88557685cd72 PCI: dwc: Fix setting error return on MSI DMA mapping failure
214e0d8fe4a8 PCI: mediatek: Fix refcount leak in mtk_pcie_subsys_powerup()
096950e230b8 PCI: rockchip: Fix find_first_zero_bit() limit
0aa3a0937fee PCI: cadence: Fix find_first_zero_bit() limit
dc2e0617f1fd Merge git://git.kernel.org/pub/scm/linux/kernel/git/netdev/net
42e7a03d3bad Merge tag 'hyperv-fixes-signed-20220407' of git://git.kernel.org/pub/scm/linux/kernel/git/hyperv/linux
f4b41f062c42 net: remove noblock parameter from skb_recv_datagram()
5d4be19cbe6a bus: mhi: ep: Add uevent support for module autoloading
5fb83d97aa17 bus: mhi: ep: Add support for suspending and resuming channels
f2a72d2410be bus: mhi: ep: Add support for queueing SKBs to the host
494a6f639377 bus: mhi: ep: Add support for processing channel rings
20c01fde1b36 bus: mhi: ep: Add support for reading from the host
2b231a40e907 bus: mhi: ep: Add support for processing command rings
1b54f3e8b4bb bus: mhi: ep: Add support for handling SYS_ERR condition
2ee735c17347 bus: mhi: ep: Add support for handling MHI_RESET
c6dba8924201 bus: mhi: ep: Add support for powering down the MHI endpoint stack
7de7780c43b1 bus: mhi: ep: Add support for powering up the MHI endpoint stack
b6c52d410cb4 bus: mhi: ep: Add support for processing MHI endpoint interrupts
484e04faa8a0 bus: mhi: ep: Add support for managing MHI state machine
6f7cb6e78839 bus: mhi: ep: Add support for sending events to the host
edf549e7b239 bus: mhi: ep: Add support for ring management
37867094faf1 bus: mhi: ep: Add support for managing MMIO registers
03f44035a586 bus: mhi: ep: Add support for creating and destroying MHI EP devices
36b7cae6a032 bus: mhi: ep: Add support for registering MHI endpoint client drivers
0cf35347830c bus: mhi: ep: Add support for registering MHI endpoint controllers
9a212aaf9536 Merge tag 'pci-v5.18-changes-2' of git://git.kernel.org/pub/scm/linux/kernel/git/helgaas/pci
22ef7ee3eeb2 PCI: hv: Remove unused hv_set_msi_entry_from_desc()
8d21732475c6 PCI: hv: Propagate coherence from VMbus device to PCI device
02e2af20f4f9 Merge tag 'char-misc-5.18-rc1' of git://git.kernel.org/pub/scm/linux/kernel/git/gregkh/char-misc
148a65047695 Merge tag 'pci-v5.18-changes' of git://git.kernel.org/pub/scm/linux/kernel/git/helgaas/pci
611f841830aa Merge branch 'remotes/lorenzo/pci/xgene'
c1e10d81dac4 Merge branch 'remotes/lorenzo/pci/uniphier'
4b0f6ecaba3b Merge branch 'remotes/lorenzo/pci/rcar'
0c634fcb980d Merge branch 'remotes/lorenzo/pci/qcom'
9b2c25fa1299 Merge branch 'remotes/lorenzo/pci/mvebu'
0888e08938e5 Merge branch 'remotes/lorenzo/pci/misc'
f409855492fa Merge branch 'remotes/lorenzo/pci/imx6'
8a43a7444884 Merge branch 'remotes/lorenzo/pci/hv'
d93fefad2060 Merge branch 'pci/host/fu740'
0321da851e3e Merge branch 'pci/host/dwc'
7ec9ff94f5f7 Merge branch 'remotes/lorenzo/pci/aardvark'
73c82469bd88 Merge branch 'pci/misc'
6f1025507288 PCI: fu740: Remove unused assignments
b6829e0419e5 PCI: kirin: Remove unused assignments
a382c757ec5e PCI: fu740: Force 2.5GT/s for initial device probe
825da4e9cec6 PCI: xgene: Revert "PCI: xgene: Fix IB window setup"
1874b6d7ab1b PCI: xgene: Revert "PCI: xgene: Use inbound resources for setup"
3a1b8e281a26 bus: mhi: Make mhi_state_str[] array static inline and move to common.h
8485149c7a84 bus: mhi: Move common MHI definitions out of host directory
84f5f31f110e bus: mhi: host: Rename "struct mhi_tre" to "struct mhi_ring_element"
792ba3218441 bus: mhi: Cleanup the register definitions used in headers
ba1d2b86b6a6 bus: mhi: Use bitfield operations for handling DWORDs of ring elements
d28cab4d4aa0 bus: mhi: Use bitfield operations for register read and write
a0f5a630668c bus: mhi: Move host MHI code to "host" directory
ed2d98050323 bus: mhi: Fix MHI DMA structure endianness
64f93a9a27c1 bus: mhi: Fix pm_state conversion to string
2413ffbf19a9 bus: mhi: pci_generic: Add mru_default for Quectel EM1xx series
45514f78c65c PCI: imx6: Assert i.MX8MM CLKREQ# even if no device present
deaf7a2c2e4b PCI: imx6: Invoke the PHY exit function after PHY power off
411472ae5bb4 Merge tag 'v5.17-rc8' into irq/core, to fix conflicts
6e36203bc14c PCI: rcar: Use PCI_SET_ERROR_RESPONSE after read which triggered an exception
84b576146294 PCI: rcar: Finish transition to L1 state in rcar_pcie_config_access()
f0fae8a0edd4 Merge tag 'irqchip-5.18' of git://git.kernel.org/pub/scm/linux/kernel/git/maz/arm-platforms into irq/core
9edcfaa349af Merge tag 'phy-for-5.18' of git://git.kernel.org/pub/scm/linux/kernel/git/phy/linux-phy into char-misc-next
815953dc2011 PCI: dwc: Restore MSI Receiver mask during resume
cf18fce4ed5c PCI: fu740: Drop redundant '-gpios' from DT GPIO lookup
89eb1681b73f PCI: apple: Change MSI handling to handle 4-cell AIC fwspec form
f81dd043ec41 PCI: imx6: Enable i.MX6QP PCIe power management support
d06957d7a692 PCI: hv: Avoid the retarget interrupt hypercall in irq_unmask() on ARM64
52a025546731 Merge tag 'irq-urgent-2022-02-27' of git://git.kernel.org/pub/scm/linux/kernel/git/tip/tip
9a4556dad7bd Revert "PCI: aardvark: Fix initialization with old Marvell's Arm Trusted Firmware"
d8152cfe2f21 Merge tag 'pci-v5.17-fixes-5' of git://git.kernel.org/pub/scm/linux/kernel/git/helgaas/pci
0cc62aed370d sizes.h: Add SZ_1T macro
1c5aa0372634 PCI: qcom: Add SM8450 PCIe support
0614f98bbb9f PCI: qcom: Add ddrss_sf_tbu flag
f94c35e02464 PCI: qcom: Remove redundancy between qcom_pcie and qcom_pcie_cfg
ec075262648f PCI: mvebu: Implement support for legacy INTx interrupts
d00ea94e6209 PCI: mvebu: Fix macro names and comments about legacy interrupts
c099c2a76185 PCI: mvebu: Use child_ops API
2b6ee04c0aa6 PCI: mvebu: Add support for Advanced Error Reporting registers on emulated bridge
e3e13c9135da PCI: mvebu: Add support for PCI Bridge Subsystem Vendor ID on emulated bridge
2a81dd9fd9b0 PCI: mvebu: Correctly configure x1/x4 mode
ba1366f3d039 PCI: vmd: Prevent recursive locking on interrupt allocation
fe665816e0d4 PCI: iproc: Set all 24 bits of PCI class code
904b10fb189c PCI: Add defines for normal and subtractive PCI bridges
c24449b32109 Merge tag 'hyperv-fixes-signed-20220215' of git://git.kernel.org/pub/scm/linux/kernel/git/hyperv/linux
c49ae619905e PCI: mvebu: Fix device enumeration regression
080eba785fe1 Merge tag 'char-misc-5.17-rc4' of git://git.kernel.org/pub/scm/linux/kernel/git/gregkh/char-misc
892fdf15b824 PCI: uniphier-ep: Add NX1 support
d41584ae8616 PCI: uniphier-ep: Add SoC data structure
92f4ffecc417 PCI: aardvark: Update comment about link going down after link-up
0c36ab437e1d PCI: aardvark: Drop __maybe_unused from advk_pcie_disable_phy()
befa71000160 PCI: aardvark: Don't mask irq when mapping
b08e5b53d17b PCI: aardvark: Remove irq_mask_ack() callback for INTx interrupts
815bc3136867 PCI: aardvark: Use separate INTA interrupt for emulated root bridge
273ddd86d676 PCI: aardvark: Fix support for PME requester on emulated bridge
0fc75d874541 PCI: aardvark: Add support for PME interrupts
7122bcb33295 PCI: aardvark: Optimize writing PCI_EXP_RTCTL_PMEIE and PCI_EXP_RTSTA_PME on emulated bridge
735f5ae49e1b PCI: aardvark: Fix reading PCI_EXP_RTSTA_PME bit on emulated bridge
3ebfefa396eb PCI: aardvark: Add support for ERR interrupt on emulated bridge
754e449889b2 PCI: aardvark: Enable MSI-X support
46ad3dc4171b PCI: aardvark: Fix setting MSI address
e77d9c906910 PCI: aardvark: Add support for masking MSI interrupts
4689c0916320 PCI: aardvark: Refactor unmasking summary MSI interrupt
222af78532fa PCI: aardvark: Use dev_fwnode() instead of of_node_to_fwnode(dev->of_node)
26bcd54e4a5c PCI: aardvark: Make msi_domain_info structure a static driver structure
c3cb8e51839a PCI: aardvark: Make MSI irq_chip structures static driver structures
51f96e287c6f PCI: aardvark: Check return value of generic_handle_domain_irq() when processing INTx IRQ
1571d67dc190 PCI: aardvark: Rewrite IRQ code to chained IRQ handler
b0b0b8b897f8 PCI: aardvark: Fix support for MSI interrupts
805dfc18dd3d PCI: aardvark: Fix reading MSI interrupt number
1d86abf1f896 PCI: aardvark: Replace custom PCIE_CORE_INT_* macros with PCI_INTERRUPT_*
05daa805a86c bus: mhi: pci_generic: Add mru_default for Cinterion MV31-W
a0572cea8866 bus: mhi: pci_generic: Add mru_default for Foxconn SDX55
e09e1a40639b Merge tag 'pci-v5.17-fixes-3' of git://git.kernel.org/pub/scm/linux/kernel/git/helgaas/pci
7dd3876205df PCI: kirin: Add dev struct for of_device_get_match_data()
f81f095e8771 PCI: imx6: Allow to probe when dw_pcie_wait_for_link() fails
3149efcdf2c6 PCI: hv: Fix NUMA node assignment when kernel boots with custom NUMA topology
c3bd7dc553ee PCI: mvebu: Fix reporting Data Link Layer Link Active on emulated bridge
c94ea32c0d3d PCI: mvebu: Update comment for PCI_EXP_LNKCTL register on emulated bridge
d76a6ed0964a PCI: mvebu: Update comment for PCI_EXP_LNKCAP register on emulated bridge
16038ebb0f9f PCI: mvebu: Properly initialize vendor, device and revision of emulated bridge
5c88ed798522 PCI: mvebu: Set PCI_BRIDGE_EMUL_NO_IO_FORWARD when IO is unsupported
7a02acdb5deb PCI: mvebu: Remove duplicate nports assignment
7f09a4b195a9 PCI: mvebu: Add help string for CONFIG_PCI_MVEBU option
d3f332b568dc PCI: pci-bridge-emul: Rename PCI_BRIDGE_EMUL_NO_PREFETCHABLE_BAR to PCI_BRIDGE_EMUL_NO_PREFMEM_FORWARD
64a70f521e13 PCI: pci-bridge-emul: Make struct pci_bridge_emul_ops as const
053ca37c87af PCI: j721e: Initialize pcie->cdns_pcie before using it
c035366d9c9f PCI: mt7621: Remove unused function pcie_rmw()
4b77e4abb32c PCI: mt7621: Drop of_match_ptr() to avoid unused variable
3689f9f8b0c5 Merge tag 'bitmap-5.17-rc1' of git://github.com/norov/linux
d0a231f01e5b Merge tag 'pci-v5.17-changes' of git://git.kernel.org/pub/scm/linux/kernel/git/helgaas/pci
b5c7e7ec7d34 all: replace find_next{,_zero}_bit with find_first{,_zero}_bit where appropriate
3bad80dab94a Merge tag 'char-misc-5.17-rc1' of git://git.kernel.org/pub/scm/linux/kernel/git/gregkh/char-misc
3fb561b1e0bf Merge tag 'mips_5.17' of git://git.kernel.org/pub/scm/linux/kernel/git/mips/linux
feb7a43de5ef Merge tag 'irq-msi-2022-01-13' of git://git.kernel.org/pub/scm/linux/kernel/git/tip/tip
87c71931633b Merge branch 'pci/driver-cleanup'
f5d3ca6fffeb Merge branch 'pci/errors'
da43f08db236 Merge branch 'pci/misc'
2709f0338d4c Merge branch 'remotes/lorenzo/pci/bridge-emul'
a99f501f3e4d Merge branch 'remotes/lorenzo/pci/xilinx-nwl'
18b026da34c6 Merge branch 'remotes/lorenzo/pci/xgene'
ec5d85e7f095 Merge branch 'remotes/lorenzo/pci/vmd'
4ceca42d396e Merge branch 'remotes/lorenzo/pci/rcar'
f0eb209fed99 Merge branch 'remotes/lorenzo/pci/qcom'
0de15dbbd648 Merge branch 'remotes/lorenzo/pci/mvebu'
fc10f9d6671a Merge branch 'pci/host/mt7621'
96fe57938406 Merge branch 'remotes/lorenzo/pci/mediatek-gen3'
fd785c64f355 Merge branch 'remotes/lorenzo/pci/mediatek'
0dfa6f6e6885 Merge branch 'remotes/lorenzo/pci/keystone'
6553ff3dd95f Merge branch 'pci/host/hv'
2948ce70e636 Merge branch 'remotes/lorenzo/pci/dwc'
c5f62d30e99c Merge branch 'pci/host/brcmstb'
3164f27b5fd6 Merge branch 'remotes/lorenzo/pci/apple'
44ddb791f8f4 PCI: mt7621: Allow COMPILE_TEST for all arches
e4b1cd02dc8d PCI: mt7621: Add missing MODULE_LICENSE()
fe7498ef7917 PCI: mt7621: Move MIPS setup to pcibios_root_bridge_prepare()
da48157092e7 PCI: mt7621: Declare mt7621_pci_ops static
11ed8b8624b8 PCI: brcmstb: Do not turn off WOL regulators on suspend
93e41f3fca3d PCI: brcmstb: Add control of subdevice voltage regulators
67211aadcb4b PCI: brcmstb: Add mechanism to turn on subdev regulators
830aa6f29f07 PCI: brcmstb: Split brcm_pcie_setup() into two funcs
41ac424ac188 PCI: brcmstb: Fix function return value handling
09a710d952b9 PCI: brcmstb: Do not use __GENMASK
bf7325882525 PCI: brcmstb: Declare 'used' as bitmap, not unsigned long
d9932b469156 PCI: hv: Add arm64 Hyper-V vPCI support
831c1ae725f7 PCI: hv: Make the code arch neutral by adding arch specific interfaces
aa8589aac8e3 PCI: brcmstb: Augment driver for MIPs SOCs
ccd36795be48 PCI: Correct misspelled words
7dcf07ac8867 PCI: keystone: Use phandle argument from "ti,syscon-pcie-id"/"ti,syscon-pcie-mode"
65ace9a85fa7 PCI: mediatek: Assert PERST# for 100ms for power and clock to stabilize
0746ae1be121 PCI: mvebu: Add support for compiling driver as module
922bfd001d1a PCI: vmd: Add DID 8086:A77F for all Intel Raptor Lake SKU's
d23f0c11aca2 PCI: layerscape: Change to use the DWC common link-up check function
840a720aaa14 PCI: qcom-ep: Constify static dw_pcie_ep_ops
04b12ef163d1 PCI: vmd: Honor ACPI _OSC on PCIe features
4ab34548c55f PCI: mvebu: Fix support for DEVCAP2, DEVCTL2 and LNKCTL2 registers on emulated bridge
838ff44a398f PCI: mvebu: Fix support for PCI_EXP_RTSTA on emulated bridge
ecae073e393e PCI: mvebu: Fix support for PCI_EXP_DEVCTL on emulated bridge
d75404cc0883 PCI: mvebu: Fix support for PCI_BRIDGE_CTL_BUS_RESET on emulated bridge
91a8d79fc797 PCI: mvebu: Fix configuring secondary bus of PCIe Root Port via emulated bridge
f58777582821 PCI: mvebu: Set PCI Bridge Class Code to PCI Bridge
df08ac016124 PCI: mvebu: Setup PCIe controller to Root Complex mode
e7a01876729c PCI: mvebu: Propagate errors when updating PCI_IO_BASE and PCI_MEM_BASE registers
2cf150216e5b PCI: mvebu: Do not modify PCI IO type bits in conf_write
e42b85583719 PCI: mvebu: Fix support for bus mastering and PCI_COMMAND on emulated bridge
319e6046bd5a PCI: mvebu: Disallow mapping interrupts on emulated bridges
11c2bf4a20c2 PCI: mvebu: Handle invalid size of read config request
489bfc51870b PCI: mvebu: Check that PCI bridge specified in DT has function number zero
5d18d702e5c9 PCI: mvebu: Check for errors from pci_bridge_emul_init() call
8cdabfdd5a22 PCI: mvebu: Check for valid ports
73a0c2be75cf PCI: spear13xx: Avoid invalid address space conversions
088c8405990d PCI: hisi: Avoid invalid address space conversions
dacee5872d89 PCI: xilinx-cpm: Rename xilinx_cpm_pcie_port to xilinx_cpm_pcie
0519f73adbd8 PCI: xilinx: Rename xilinx_pcie_port to xilinx_pcie
24d174a116f6 PCI: xgene: Rename xgene_pcie_port to xgene_pcie
de8bd0c6c343 PCI: uniphier: Rename uniphier_pcie_priv to uniphier_pcie
b57256918399 PCI: tegra194: Rename tegra_pcie_dw to tegra194_pcie
7025ecb658c2 PCI: rcar-gen2: Rename rcar_pci_priv to rcar_pci
4793895f597d PCI: mt7621: Rename mt7621_pci_ to mt7621_pcie_
5fe714fd9223 PCI: microchip: Rename mc_port to mc_pcie
d5a4835b5ed0 PCI: mediatek-gen3: Rename mtk_pcie_port to mtk_gen3_pcie
4688594ff476 PCI: ls-gen4: Rename ls_pcie_g4 to ls_g4_pcie
05463a768ff2 PCI: iproc: Rename iproc_pcie_pltfm_ to iproc_pltfm_pcie_
8fa966352028 PCI: iproc: Rename iproc_pcie_bcma_ to iproc_bcma_pcie_
733770d4a2be PCI: intel-gw: Rename intel_pcie_port to intel_pcie
19e863828acf PCI: j721e: Drop redundant struct device *
72de208f2bda PCI: j721e: Drop pointless of_device_get_match_data() cast
a622435fbe1a PCI: kirin: Prefer of_device_get_match_data()
39a29fbd4e31 PCI: keystone: Prefer of_device_get_match_data()
dc078f15715a PCI: dra7xx: Prefer of_device_get_match_data()
5c204204cf24 PCI: designware-plat: Prefer of_device_get_match_data()
131748ad2939 PCI: cadence: Prefer of_device_get_match_data()
7073f2ceca38 PCI: artpec6: Prefer of_device_get_match_data()
c31990dbeb78 PCI: altera: Prefer of_device_get_match_data()
824adf37ee9d Merge 5.16-rc8 into char-misc-next
178e244cb6e2 PCI: imx: Add the imx8mm pcie support
1dba0075fc3d bus: mhi: pci_generic: Introduce Sierra EM919X support
5a717e93239f bus: mhi: core: Use correctly sized arguments for bit field
227fee5fc99e bus: mhi: core: Add an API for auto queueing buffers for DL channel
d651ce8e917f bus: mhi: core: Fix race while handling SYS_ERR at power up
42c4668f7efe bus: mhi: core: Fix reading wake_capable channel configuration
f3d13397365d bus: mhi: pci_generic: Simplify code and axe the use of a deprecated API
85ec6094624c bus: mhi: core: Minor style and comment fixes
3e60c9f06803 bus: mhi: core: Use macros for execution environment features
f77097ec8c01 bus: mhi: pci_generic: Graceful shutdown on freeze
c9825e660005 bus: mhi: pci_generic: Add new device ID support for T99W175
dc2b453290c4 PCI: hv: Rework MSI handling
aa50faff4416 PCI: mt7621: Convert driver into 'bool'
8d7ed10410d5 Merge tag 'char-misc-5.16-rc5' of git://git.kernel.org/pub/scm/linux/kernel/git/gregkh/char-misc
b8a98b6bf66a Merge tag 'pci-v5.16-fixes-2' of git://git.kernel.org/pub/scm/linux/kernel/git/helgaas/pci
cab2d3fd6866 bus: mhi: core: Add support for forced PM resume
6efcdadc157f Merge https://git.kernel.org/pub/scm/linux/kernel/git/bpf/bpf
87620512681a PCI: apple: Fix PERST# polarity
ee91cb570d9b PCI: apple: Follow the PCIe specifications when resetting the port
1f1050c5e1fe PCI: pci-bridge-emul: Correctly set PCIe capabilities
549bf94dd29f PCI: qcom-ep: Remove surplus dev_err() when using platform_get_irq_byname()
75d36df68078 PCI: apple: Fix REFCLK1 enable/poll logic
3f13d611aa6b PCI: qcom: Use __be16 type to store return value from cpu_to_be16()
2070b2ddea89 PCI: aardvark: Fix checking for MEM resource type
8581fd402a0c treewide: Add missing includes masked by cgroup -> bpf dependency
e2022cbec9c2 bus: mhi: pci_generic: Fix device recovery failed issue
fdbbe242c15a PCI: aardvark: Disable common PHY when unbinding driver
759dec2e3dfd PCI: aardvark: Disable link training when unbinding driver
1f54391be8ce PCI: aardvark: Assert PERST# when unbinding driver
2f040a17f506 PCI: aardvark: Fix memory leak in driver unbind
13bcdf07cb2e PCI: aardvark: Mask all interrupts when unbinding driver
a46f2f6dd409 PCI: aardvark: Disable bus mastering when unbinding driver
a4ca7948e1d4 PCI: aardvark: Comment actions in driver remove method
7d8dc1f7cd00 PCI: aardvark: Clear all MSIs at setup
1d3e170344df PCI: aardvark: Add support for DEVCAP2, DEVCTL2, LNKCAP2 and LNKCTL2 registers on emulated bridge
6e5ebc96ec65 PCI: dwc: Do not remap invalid res
39bd54d43b3f Revert "PCI: aardvark: Fix support for PCI_ROM_ADDRESS1 on emulated bridge"
873883f2e92e PCI: mvebu: Remove custom mvebu_pci_host_probe() function
d2a14b54989e PCI: rcar: Check if device is runtime suspended instead of __clk_is_enabled()
6aab5622296b PCI: vmd: Clean up domain before enumeration
61f0aa4da397 PCI: xilinx-nwl: Simplify code and fix a memory leak
754bb7ad2956 PCI: apple: Enable clock gating
c7a75d07827a PCI: xgene: Fix IB window setup
c1aa4b55aae4 PCI: mvebu: Replace pci_ioremap_io() usage by devm_pci_remap_iospace()
1ed9b961be14 PCI: xgene-msi: Use bitmap_zalloc() when applicable
4e0e90539bb0 PCI: qcom: Fix an error handling path in 'qcom_pcie_probe()'
ab344fd43f29 PCI: mediatek-gen3: Disable DVFSRC voltage request
c78b9a9cbde5 PCI: xgene: Use PCI_ERROR_RESPONSE to identify config read errors
14e04d0d5ed0 PCI: hv: Use PCI_ERROR_RESPONSE to identify config read errors
3cfdef7a57a2 PCI: keystone: Use PCI_ERROR_RESPONSE to identify config read errors
242f288e82a3 PCI: vmd: Use PCI_POSSIBLE_ERROR() to check config reads
ba25d181caaa PCI: rockchip-host: Drop error data fabrication when config read fails
3741f5f4b2a5 PCI: rcar-host: Drop error data fabrication when config read fails
5f09342835ab PCI: altera: Drop error data fabrication when config read fails
d5da41c0c34a PCI: mvebu: Drop error data fabrication when config read fails
5a50b8b1ea88 PCI: aardvark: Drop error data fabrication when config read fails
7dcd026fb70f PCI: kirin: Drop error data fabrication when config read fails
f4a44c1e2582 PCI: histb: Drop error data fabrication when config read fails
8ed2196a0ac4 PCI: exynos: Drop error data fabrication when config read fails
7e9768539eb3 PCI: mediatek: Drop error data fabrication when config read fails
814dccec67ef PCI: iproc: Drop error data fabrication when config read fails
658f7ecd6785 PCI: thunder: Drop error data fabrication when config read fails
4218a96faf91 Merge tag 'mips_5.16_1' of git://git.kernel.org/pub/scm/linux/kernel/git/mips/linux
70060ee313be PCI: brcmstb: Allow building for BMIPS_GENERIC
0c5c62ddf88c Merge tag 'pci-v5.16-changes' of git://git.kernel.org/pub/scm/linux/kernel/git/helgaas/pci
dda4b381f05d Merge branch 'remotes/lorenzo/pci/xgene'
7b4bc1011182 Merge branch 'remotes/lorenzo/pci/vmd'
607f7f0b4cb2 Merge branch 'pci/host/rcar'
cd48bff78ae5 Merge branch 'remotes/lorenzo/pci/qcom'
83e168d607d6 Merge branch 'pci/host/mt7621'
581e8fcec53c Merge branch 'pci/host/kirin'
1f42bc19bb12 Merge branch 'remotes/lorenzo/pci/imx6'
07dd8bbec131 Merge branch 'pci/host/dwc'
93a6bba088c7 Merge branch 'pci/host/cadence'
6b0567dae2e7 Merge branch 'pci/host/apple'
27e76d06bfb3 Merge branch 'remotes/lorenzo/pci/aardvark'
468c8d52c332 PCI: apple: Configure RID to SID mapper on device addition
946d619fa25f iommu/dart: Exclude MSI doorbell from PCIe device IOVA range
476c41ed4597 PCI: apple: Implement MSI support
d8fcbe52d7d3 PCI: apple: Add INTx and per-port interrupt support
e4c72797fd16 PCI: kirin: Allow removing the driver
dc47d2f4c054 PCI: kirin: De-init the dwc driver
5b1e8c00afc3 PCI: kirin: Disable clkreq during poweroff sequence
79cf014bf3b0 PCI: kirin: Move the power-off code to a common routine
76afbdc76b80 PCI: kirin: Add power_off support for Kirin 960 PHY
aed9d9e44926 PCI: kirin: Allow building it as a module
a4099c59a4b8 PCI: kirin: Add MODULE_* macros
e636c1690941 PCI: kirin: Add Kirin 970 compatible
b22dbbb24571 PCI: kirin: Support PERST# GPIOs for HiKey970 external PEX 8606 bridge
1512f908f380 PCI: apple: Set up reference clocks when probing
1e33888fbe44 PCI: apple: Add initial hardware bring-up
ca25c63779ca PCI: vmd: Drop redundant includes of <asm/device.h>, <asm/msi.h>
27cd7e3c9bb1 PCI: cadence: Add cdns_plat_pcie_probe() missing return
496bb18483cc PCI: j721e: Fix j721e_pcie_probe() error path
d19afe7be126 PCI: kirin: Use regmap for APB registers
000f60db784b PCI: kirin: Add support for a PHY layer
61d37547436d PCI: kirin: Reorganize the PHY logic inside the driver
239edf686c14 PCI: aardvark: Fix support for PCI_ROM_ADDRESS1 on emulated bridge
bc4fac42e5f8 PCI: aardvark: Fix support for PCI_BRIDGE_CTL_BUS_RESET on emulated bridge
84e1b4045dc8 PCI: aardvark: Set PCI Bridge Class Code to PCI Bridge
771153fc884f PCI: aardvark: Fix support for bus mastering and PCI_COMMAND on emulated bridge
95997723b640 PCI: aardvark: Read all 16-bits from PCIE_MSI_PAYLOAD_REG
e4313be1599d PCI: aardvark: Fix return value of MSI domain .alloc() method
fd1ae23b495b PCI: Prefer 'unsigned int' over bare 'unsigned'
2bdd5238e756 PCI: mt7621: Add MediaTek MT7621 PCIe host controller driver
4caab28a6215 PCI: uniphier: Serialize INTx masking/unmasking and fix the bit operation
45a3ec891370 PCI: qcom: Add sc8180x compatible
aa9c0df98c29 PCI: qcom: Switch pcie_1_pipe_clk_src after PHY init in SC7280
b89ff410253d PCI: qcom: Replace ops with struct pcie_cfg in pcie match data
42cf2a633d5d PCI: vmd: depend on !UML
f18312084300 PCI: hv: Remove unnecessary use of %hx
2565e5b69c44 PCI: vmd: Do not disable MSI-X remapping if interrupt remapping is enabled by IOMMU
7e919677bb39 PCI: dwc: Perform host_init() before registering msi
f55fee56a631 PCI: qcom-ep: Add Qualcomm PCIe Endpoint controller driver
b2105b9f39b5 PCI: Correct misspelled and remove duplicated words
861e133ba268 PCI: rcar-host: Remove unneeded includes
c65bd90dc93e PCI: rcar-ep: Remove unneeded includes
9fe1155233c8 Merge git://git.kernel.org/pub/scm/linux/kernel/git/netdev/net
52bf8031c064 Merge tag 'hyperv-fixes-signed-20211007' of git://git.kernel.org/pub/scm/linux/kernel/git/hyperv/linux
42da7911b83a PCI: vmd: Assign a number to each VMD controller
5b8402562e55 PCI: visconti: Remove surplus dev_err() when using platform_get_irq_byname()
8faa1d2defb7 PCI: dwc: Clean up Kconfig dependencies (PCIE_DW_EP)
2908a0d81f5b PCI: dwc: Clean up Kconfig dependencies (PCIE_DW_HOST)
2b650b7ff20e PCI: aardvark: Fix reporting Data Link Layer Link Active
661c399a651c PCI: aardvark: Fix checking for link up via LTSSM state
f76b36d40bee PCI: aardvark: Fix link training
454c53271fc1 PCI: aardvark: Simplify initialization of rootcap on virtual bridge
223dec14a053 PCI: aardvark: Implement re-issuing config requests on CRS response
67cb2a4c9349 PCI: aardvark: Deduplicate code in advk_pcie_rd_conf()
1fb95d7d3c7a PCI: aardvark: Do not unmask unused interrupts
a7ca6d7fa3c0 PCI: aardvark: Do not clear status bits of masked interrupts
46ef6090dbf5 PCI: aardvark: Fix configuring Reference clock
d419052bc6c6 PCI: aardvark: Fix preserving PCI_EXP_RTCTL_CRSSVE flag on emulated bridge
464de7e7fff7 PCI: aardvark: Don't spam about PIO Response Status
a4e17d65dafd PCI: aardvark: Fix PCIe Max Payload Size setting
65315ec52c9b PCI: imx6: Remove unused assignment to variable ret
894682f0a9b3 PCI: xgene: Use PCI_VENDOR_ID_AMCC macro
5af9405397bf PCI: dra7xx: Get an optional clock
b9a6943dc891 PCI: dra7xx: Remove unused include
3b868d150efd PCI: dra7xx: Make it a kernel module
3a7fb86758c9 PCI: dwc: Export more symbols to allow modular drivers
a365023a76f2 net: qrtr: combine nameservice into main module
41608b64b10b PCI: hv: Fix sleep while in non-sleep context when removing child devices from the bus
9c566611ac5c Merge tag 'acpi-5.15-rc1-2' of git://git.kernel.org/pub/scm/linux/kernel/git/rafael/linux-pm
ac08b1c68d1b Merge tag 'pci-v5.15-changes' of git://git.kernel.org/pub/scm/linux/kernel/git/helgaas/pci
626bf91a292e Merge tag 'net-5.15-rc1' of git://git.kernel.org/pub/scm/linux/kernel/git/netdev/net
e3c825c93e62 Merge branch 'remotes/lorenzo/pci/misc'
6e129176c3af Merge branch 'remotes/lorenzo/pci/endpoint'
eccefc748e0e Merge branch 'remotes/lorenzo/pci/xilinx-nwl'
09cfc9db2db1 Merge branch 'remotes/lorenzo/pci/xgene'
4a4547db5612 Merge branch 'remotes/lorenzo/pci/tegra194'
db2d64f83703 Merge branch 'remotes/lorenzo/pci/tegra'
c2863b217edc Merge branch 'remotes/lorenzo/pci/rcar'
c501cf9cbeac Merge branch 'remotes/lorenzo/pci/mediatek'
af42a0d4a88b Merge branch 'remotes/lorenzo/pci/keembay'
c1bb1449fa8e Merge branch 'remotes/lorenzo/pci/iproc'
a1e4ca8eb963 Merge branch 'remotes/lorenzo/pci/hyper-v'
53cb14d25662 Merge branch 'remotes/lorenzo/pci/hv'
2b5a949eea28 Merge branch 'remotes/lorenzo/pci/cadence'
540267e236dd Merge branch 'remotes/lorenzo/pci/aardvark'
a549a33c37ef Merge branch 'pci/visconti'
0e52059a8256 Merge branch 'pci/rockchip-dwc'
bd8bb4d097e4 Merge branch 'pci/dwc'
dbf0b9bad040 Merge branch 'pci/artpec6'
59dc33252ee7 PCI: VMD: ACPI: Make ACPI companion lookup work for VMD bus
d2cabd2dc8da net: qrtr: revert check in qrtr_endpoint_post()
ba1dc7f273c7 Merge tag 'char-misc-5.15-rc1' of git://git.kernel.org/pub/scm/linux/kernel/git/gregkh/char-misc
0e898eb8df4e PCI: rockchip-dwc: Add Rockchip RK356X host controller driver
71121fdd79f5 PCI: dwc: Remove surplus break statement after return
30492c12d232 PCI: artpec6: Remove local code block from switch statement
ee6f85683e85 PCI: artpec6: Remove surplus break statement after return
da36024a4e83 PCI: visconti: Add Toshiba Visconti PCIe host controller driver
aaa8e4922c88 net: qrtr: make checks in qrtr_endpoint_post() stricter
0dc3ad3f859d Revert "bus: mhi: Add inbound buffers allocation flag"
97c78d0af55f Merge git://git.kernel.org/pub/scm/linux/kernel/git/netdev/net
8a2cb8bd064e Merge tag 'net-5.14-rc8' of git://git.kernel.org/pub/scm/linux/kernel/git/netdev/net
9ebc2758d0bb Revert "net: really fix the build..."
77216702c8f6 PCI: mediatek: Use PCI domain to handle ports detection
436960bb0045 PCI: mediatek: Add new method to get irq number
87e8657ba99c PCI: mediatek: Add new method to get shared pcie-cfg base address
d212dcee27c1 PCI: aardvark: Fix masking and unmasking legacy INTx interrupts
637d0957516e Merge 5.14-rc7 into char-misc-next
88f94c7f8f40 PCI: hv: Turn on the host bridge probing on ARM64
9e7f9178ab49 PCI: hv: Set up MSI domain at bridge probing time
38c0d266dc80 PCI: hv: Set ->domain_nr of pci_host_bridge at probing time
418cb6c8e051 PCI: hv: Generify PCI probing
7e78c597c3eb net: qrtr: fix another OOB Read in qrtr_endpoint_post
0c87f90b4c13 PCI: keembay: Add support for Intel Keem Bay
64f160e19e92 PCI: aardvark: Configure PCIe resources from 'ranges' DT property
c8a375a8e15a PCI: j721e: Add PCIe support for AM64
f1de58802f0f PCI: j721e: Add PCIe support for J7200
09c24094b2e3 PCI: cadence: Add quirk flag to set minimum delay in LTSSM Detect.Quiet state
f4455748b212 PCI: cadence: Use bitfield for *quirk_retrain_flag* instead of bool
e19a0adf6e8b PCI: cadence: Add support to configure virtual functions
0cf985d6119c PCI: cadence: Simplify code to get register base address for configuring BAR
53fd3cbe5e9d PCI: endpoint: Add virtual function number in pci_epc ops
a115b1bd3af0 PCI: rcar: Add L1 link state fix into data abort hook
8f6a6b3c50ce PCI: hv: Support for create interrupt v3
de0a01f52966 PCI: xilinx-nwl: Enable the clock through CCF
cbfece75186d ARM: ixp4xx: fix building both pci drivers
813272ed5238 Merge 5.14-rc5 into char-misc-next
0ca8d3ca4561 Merge git://git.kernel.org/pub/scm/linux/kernel/git/netdev/net
1e29cd9983eb PCI: rcar: Fix runtime PM imbalance in rcar_pcie_ep_probe()
61106bd2a8e4 bus: mhi: core: Improve debug messages for power up
2e36190de69c bus: mhi: core: Replace DMA allocation wrappers with original APIs
06e2c4a9eaf2 bus: mhi: core: Add range checks for BHI and BHIe
3551a30b9d4c bus: mhi: pci_generic: Set register access length for MHI driver
3aa8f43b3368 bus: mhi: core: Set BHI and BHIe pointers to NULL in clean-up
3215d8e0691b bus: mhi: core: Set BHI/BHIe offsets on power up preparation
87693e092bd0 bus: mhi: pci_generic: Add Cinterion MV31-W PCIe to MHI
0092a1e3f763 bus: mhi: Add inbound buffers allocation flag
9e4ae52cabd8 PCI: xgene-msi: Remove redundant dev_err() call in xgene_msi_probe()
fd44e8efccd4 PCI: tegra: make const array err_msg static
804b2b6f2a95 PCI: tegra: Use 'seq_puts' instead of 'seq_printf'
eff21f5da308 PCI: tegra: Fix OF node reference leak
43f5c77bcbd2 PCI: aardvark: Fix reporting CRS value
02bcec3ea559 PCI: aardvark: Increase polling delay to 1.5s while waiting for PIO response
fcb461e2bc8b PCI: aardvark: Fix checking for PIO status
f62750e6918d PCI: tegra194: Cleanup unused code
de2bbf2b71bb PCI: tegra194: Don't allow suspend when Tegra PCIe is in EP mode
834c5cf2b587 PCI: tegra194: Disable interrupts before entering L2
43537cf7e351 PCI: tegra194: Fix MSI-X programming
ceb1412c1c8c PCI: tegra194: Fix handling BME_CHGED event
aeaea8969b40 PCI: iproc: Fix BCMA probe resource handling
7ffa7542eca6 net: mhi: Remove MBIM protocol
ce78ffa3ef16 net: really fix the build...
d21faba11693 PCI: Bulk conversion to generic_handle_domain_irq()
d2e11fd2b7fc Merge git://git.kernel.org/pub/scm/linux/kernel/git/netdev/net
c7d102232649 Merge tag 'net-5.14-rc4' of git://git.kernel.org/pub/scm/linux/kernel/git/netdev/net
e129f6b5aeb3 net: mhi: Improve MBIM packet counting
52f3456a96c0 net: qrtr: fix memory leaks
6310a1526aa0 PCI: tegra: Remove unused struct tegra_pcie_bus
9f1168cf263a PCI: controller: PCI_IXP4XX should depend on ARCH_IXP4XX
29c4964822aa net: socket: rework compat_ifreq_ioctl()
b8a97f2a6538 bus: mhi: pci_generic: Fix inbound IPCR channel
546362a9ef2e bus: mhi: core: Validate channel ID when processing command completions
56f6f4c4eb2a bus: mhi: pci_generic: Apply no-op for wake using sideband wake boolean
5c2c85315948 bus: mhi: pci-generic: configurable network interface MRU
6e207b882159 Merge tag 'arm-soc-5.14' of git://git.kernel.org/pub/scm/linux/kernel/git/soc/soc
316a2c9b6a5f Merge tag 'pci-v5.14-changes' of git://git.kernel.org/pub/scm/linux/kernel/git/helgaas/pci
d58b20611059 Merge branch 'remotes/lorenzo/pci/mobiveil'
25f2d745666d Merge branch 'remotes/lorenzo/pci/microchip'
93f60bb915ca Merge branch 'remotes/lorenzo/pci/mediatek-gen3'
6b65fbf063a5 Merge branch 'remotes/lorenzo/pci/mediatek'
19a41f995801 Merge branch 'remotes/lorenzo/pci/iproc'
02722a841502 Merge branch 'remotes/lorenzo/pci/hv'
777e5e6ba918 Merge branch 'remotes/lorenzo/pci/ftpci100'
c04881e8c4a3 Merge branch 'remotes/lorenzo/pci/aardvark'
4343292f8057 Merge branch 'pci/kernel-doc'
5e0716fc26a2 Merge branch 'pci/host/xgene'
5a57de58a3d1 Merge branch 'pci/host/tegra194'
7b8f0c867a56 Merge branch 'pci/host/tegra'
d2918cb78497 Merge branch 'pci/host/rockchip'
364a716bd73e Merge branch 'pci/host/intel-gw'
662e4b03431f PCI: xgene: Annotate __iomem pointer
347269c113f1 PCI: Fix kernel-doc formatting
eed0218e8cae Merge tag 'char-misc-5.14-rc1' of git://git.kernel.org/pub/scm/linux/kernel/git/gregkh/char-misc
3cf5f7ab230e PCI: rockchip: Register IRQ handlers after device and data are ready
dbe69e433722 Merge tag 'net-next-5.14' of git://git.kernel.org/pub/scm/linux/kernel/git/netdev/net-next
e3ae2365efc1 net: sock: introduce sk_error_report
b694011a4aec Merge tag 'hyperv-next-signed-20210629' of git://git.kernel.org/pub/scm/linux/kernel/git/hyperv/linux
f67092eff2bd PCI: tegra194: Fix tegra_pcie_ep_raise_msi_irq() ill-defined shift
7f71a409fe3d PCI: aardvark: Implement workaround for the readback value of VEND_ID
8ceeac307a79 PCI: aardvark: Fix checking for PIO Non-posted Request
c4bf1f25c6c1 PCI: tegra194: Fix host initialization during resume
7bf475a4614a PCI: tegra: Add missing MODULE_DEVICE_TABLE
d2ce69ca2516 PCI: imx6: Enable PHY internal regulator when supplied >3V
7a289a164c73 PCI: imx6: Limit DBI register length for imx6qp PCIe
fd6403756f4c PCI: imx6: Remove imx6_pcie_probe() redundant error message
655832d12f22 PCI: intel-gw: Fix INTx enable
a25d144fb883 bus: mhi: pci-generic: Add missing 'pci_disable_pcie_error_reporting()' calls
02b49cd11745 bus: mhi: Wait for M2 state during system resume
44b1eba44dc5 bus: mhi: core: Fix power down latency
699409240389 wwan: core: add WWAN common private data for netdev
ca374290aaad wwan: core: support default netdev creation
9f0248ea476e wwan: core: no more hold netdev ops owning module
2dc0a201d0f5 PCI: iproc: Support multi-MSI only on uniprocessor kernel
e673d697b9a2 PCI: iproc: Fix multi-MSI base vector number allocation
3a2e476dc5d0 PCI: mediatek-gen3: Add missing MODULE_DEVICE_TABLE
7d815f4afa87 PCI: hv: Add check for hyperv_initialized in init_hv_pci_drv()
adc2e56ebe63 Merge git://git.kernel.org/pub/scm/linux/kernel/git/netdev/net
9ed13a17e38e Merge tag 'net-5.13-rc7' of git://git.kernel.org/pub/scm/linux/kernel/git/netdev/net
728a748b3ff7 Merge tag 'pci-v5.13-fixes-2' of git://git.kernel.org/pub/scm/linux/kernel/git/helgaas/pci
f18139966d07 PCI: aardvark: Fix kernel panic during PIO transfer
a512360f45c9 PCI: tegra194: Fix MCFG quirk build regressions
f7821b493458 PCI: ixp4xx: Add a new driver for IXP4xx
1d0bbbf22b74 net: mhi_net: make mhi_wwan_ops static
2214fb53006e net: mhi_net: Update the transmit handler prototype
ad9d24c9429e net: qrtr: fix OOB Read in qrtr_endpoint_post
13adac032982 net: mhi_net: Register wwan_ops for link creation
5f0c2ee1fe8d bus: mhi: pci-generic: Fix hibernation
0b67808ade88 bus: mhi: pci_generic: Fix possible use-after-free in mhi_pci_remove()
c7711c22c6eb bus: mhi: pci_generic: T99W175: update channel name from AT to DUN
326dc2e1e59a PCI: hv: Remove bus device removal unused refcount/functions
94d22763207a PCI: hv: Fix a race condition when removing the device
28bba1e22077 PCI: mediatek: Remove redundant error printing in mtk_pcie_subsys_powerup()
5be967d5016a PCI: ftpci100: Rename macro name collision
42d7a8dc195f PCI: mobiveil: Remove unused readl and writel functions
124310647429 PCI: microchip: Make the struct event_descs static
a49e72b3bda7 net: qrtr: ns: Fix error return code in qrtr_ns_init()
57151b502cbc Merge tag 'pci-v5.13-changes' of git://git.kernel.org/pub/scm/linux/kernel/git/helgaas/pci
882862aaacef Merge branch 'pci/tegra'
a147995c9f56 Merge branch 'pci/brcmstb'
a4ffbb7a96ea Merge branch 'remotes/lorenzo/pci/misc'
51bc2b7ffd5d Merge branch 'remotes/lorenzo/pci/msi'
4772ade27306 Merge branch 'remotes/lorenzo/pci/xilinx'
2a2dd35fee87 Merge branch 'remotes/lorenzo/pci/xgene'
04dcc048f343 Merge branch 'remotes/lorenzo/pci/vmd'
5b8dafa1e3b8 Merge branch 'remotes/lorenzo/pci/tegra'
98d771eb3df2 Merge branch 'remotes/lorenzo/pci/risc-v'
180594f55f69 Merge branch 'remotes/lorenzo/pci/microchip'
0b51c08bde08 Merge branch 'remotes/lorenzo/pci/mediatek'
586fbe90f830 Merge branch 'remotes/lorenzo/pci/layerscape'
1c401162ed11 Merge branch 'remotes/lorenzo/pci/iproc'
a5166a194ee4 Merge branch 'remotes/lorenzo/pci/dwc'
3ec17ca688cf Merge branch 'remotes/lorenzo/pci/cadence'
531a953da3fa Merge branch 'remotes/lorenzo/pci/brcmstb'
c57400bbe156 Merge branch 'remotes/lorenzo/pci/altera-msi'
ccfc1d557023 Merge branch 'pci/misc'
e7e21b3a339b PCI: fu740: Add SiFive FU740 PCIe host controller driver
bb610757fcd7 PCI: brcmstb: Use reset/rearm instead of deassert/assert
9d31d2338950 Merge tag 'net-next-5.13' of git://git.kernel.org/pub/scm/linux/kernel/git/netdev/net-next
d537dc125f07 PCI: mediatek-gen3: Add system PM support
1bdafba538be PCI: mediatek-gen3: Add MSI support
814cceebba9b PCI: mediatek-gen3: Add INTx support
d3bf75b579b9 PCI: mediatek-gen3: Add MediaTek Gen3 driver for MT8192
8bcca2658558 PCI: dwc: Move iATU detection earlier
7d499169f793 PCI: dwc/intel-gw: Remove unused function
294353d950ab PCI: dwc: Move dw_pcie_msi_init() to dw_pcie_setup_rc()
57fa2369ab17 Merge tag 'cfi-v5.13-rc1' of git://git.kernel.org/pub/scm/linux/kernel/git/kees/linux
6876a18d3361 Merge git://git.kernel.org/pub/scm/linux/kernel/git/netdev/net
01d713689441 Merge tag 'arm-soc-5.13' of git://git.kernel.org/pub/scm/linux/kernel/git/soc/soc
8e3a3249502d Merge tag 'char-misc-5.13-rc1' of git://git.kernel.org/pub/scm/linux/kernel/git/gregkh/char-misc
4d480dbf21f3 Merge tag 'hyperv-next-signed-20210426' of git://git.kernel.org/pub/scm/linux/kernel/git/hyperv/linux
91552ab8ffb8 Merge tag 'irq-core-2021-04-26' of git://git.kernel.org/pub/scm/linux/kernel/git/tip/tip
47a017f33943 net: qrtr: Avoid potential use after free in MHI send
753ed9c95c37 drivers: hv: Create a consistent pattern for checking Hyper-V hypercall status
645e9c38383d PCI: mediatek: Advertise lack of built-in MSI handling
9ec37efb8783 PCI/MSI: Make pci_host_common_probe() declare its reliance on MSI domains
e0fad163b6e7 PCI: hv: Drop msi_controller structure
313b64c3ae52 PCI: xilinx: Convert to MSI domains
161260e7f7bc PCI: xilinx: Don't allocate extra memory for the MSI capture address
83ed8d4fa656 PCI: rcar: Convert to MSI domains
93cd1bb4862d PCI: rcar: Don't allocate extra memory for the MSI capture address
2c99e55f7955 PCI: tegra: Convert to MSI domains
7f100744749e PCI: tegra: Add Tegra194 MCFG quirks for ECAM errata
b1160a06e0ea PCI: altera-msi: Remove redundant dev_err call in altera_msi_probe()
87db343f809d PCI: mediatek: Add missing MODULE_DEVICE_TABLE
31d8df9f4ae5 Merge tag 'mhi-for-v5.13' of git://git.kernel.org/pub/scm/linux/kernel/git/mani/mhi into char-misc-next
8859a44ea0df Merge git://git.kernel.org/pub/scm/linux/kernel/git/netdev/net
683e77cadc83 bus: mhi: core: Fix shadow declarations
4f0f586bf0c8 treewide: Change list_sort to use const pointers
5859c926d1f0 PCI: tegra: Fix runtime PM imbalance in pex_ep_event_pex_rst_deassert()
5630c1009bd9 bus: mhi: pci_generic: Constify mhi_controller_config struct definitions
aac426562f56 bus: mhi: pci_generic: Introduce Foxconn T99W175 support
ec32332df764 bus: mhi: core: Sanity check values from remote device before use
213e12205232 PCI: xilinx-nwl: Enable coherent PCIe DMA traffic using CCI
11134390d742 bus: mhi: pci_generic: Add FIREHOSE channels
757072abe1c0 bus: mhi: pci_generic: Implement PCI shutdown callback
8aaa288f709e bus: mhi: core: Remove __ prefix for MHI channel unprepare function
8e06e9fb9909 bus: mhi: core: Check channel execution environment before issuing reset
47705c084659 bus: mhi: core: Clear configuration from channel context during reset
73b7aebcc8cb bus: mhi: core: Hold device wake for channel update commands
cde61bb0470d bus: mhi: core: Update debug messages to use client device
3317dc6cea29 bus: mhi: core: Improvements to the channel handling state machine
4e44ae3d6d9c bus: mhi: core: Clear context for stopped channels from remove()
5a62e39b45b5 bus: mhi: core: Allow sending the STOP channel command
49d38ebb6faa bus: mhi: pci_generic: Add SDX65 based modem support
eee87072e2fb bus: mhi: core: Remove pre_init flag used for power purposes
8f910c8c2a97 bus: mhi: pm: reduce PM state change verbosity
4547a749be99 bus: mhi: core: Fix MHI runtime_pm behavior
3cbf7530a163 qrtr: Convert qrtr_ports from IDR to XArray
79d056976485 bus: mhi: core: Move to polling method to wait for MHI ready
1a42aef25880 bus: mhi: core: Introduce internal register poll helper function
19e60d6e88a6 bus: mhi: core: Improve state strings for debug messages
e72919cebd19 bus: mhi: core: Wait for MHI READY state in most scenarios
d20e82d4d016 bus: mhi: core: Identify Flash Programmer as a mission mode use case
66ac7985b2af bus: mhi: core: Add support for Flash Programmer execution environment
ad416db9fabe bus: mhi: core: Handle EDL mode entry appropriately
4f214496ac74 bus: mhi: core: Wait for ready after an EDL firmware download
418bec695696 bus: mhi: core: Rely on accurate method to determine EDL mode
d4707d79fae0 PCI: xgene: Fix cfg resource mapping
8a03dd925786 net: qrtr: Fix memory leak on qrtr_tx_wait failure
cda1893e9f7c net: mhi: remove pointless conditional before kfree_skb()
3af562a37b7f net: mhi: Allow decoupled MTU/MRU
d9f0713c9217 net: mhi: Add support for non-linear MBIM skb processing
31ec9c274646 PCI: mediatek: Configure FC and FTS for functions other than 0
49e0efdce791 PCI: j721e: Add support to provide refclk to PCIe connector
021a90fe60ea PCI: mobiveil: Improve PCIE_LAYERSCAPE_GEN4 dependencies
10739e2a5e83 PCI: tegra: Fix typo for PCIe endpoint mode in Tegra194
b5d9209d5083 PCI: brcmstb: Fix error return code in brcm_pcie_probe()
1b7996a528b3 PCI: layerscape: Correct syntax by changing comma to semicolon
3d0b2a3a87ce PCI: keystone: Let AM65 use the pci_ops defined in pcie-designware-host.c
6e7628c8c3c1 PCI: microchip: Remove dev_err() when handing an error from platform_get_irq()
2c61f32124b0 PCI: microchip: Make some symbols static
1e83130f01b0 PCI: iproc: Fix return value of iproc_msi_irq_domain_alloc()
ee81ee84f873 PCI: vmd: Disable MSI-X remapping when possible
d895ce703098 PCI: tegra: Constify static structs
be4017cea0ae PCI: hv: Use tasklet_disable_in_atomic()
9e40641f62cd bus: mhi: core: Check state before processing power_down
68731852f6e5 bus: mhi: core: Return EAGAIN if MHI ring is full
70f7025c854c bus: mhi: core: remove redundant initialization of variables state and ee
50535249f624 net: qrtr: fix a kernel-infoleak in qrtr_recvmsg()
43395d9e0912 PCI: Fix kernel-doc errors
6e5a1fff9096 PCI: Avoid building empty drivers
16f7ae5906df PCI: thunder: Fix compile testing
59521c3c4b90 PCI: al: Select CONFIG_PCI_ECAM
6403298c58d4 bus: mhi: core: Fix check for syserr at power_up
aaca4233ea03 bus: mhi: core: Update debug prints to include local device state
ef2126c4e2ea bus: mhi: core: Process execution environment changes serially
4884362f6977 bus: mhi: core: Download AMSS image from appropriate function
925089c1900f bus: mhi: core: Destroy SBL devices when moving to mission mode
020d3b26c07a bus: mhi: Early MHI resume failure in non M3 state
8de5ad994143 bus: mhi: core: Add missing checks for MMIO register entries
e5b53b5be677 bus: mhi: core: Rename debugfs directory name
0ecc1c70dcd3 bus: mhi: core: Fix invalid error returning in mhi_queue
0fccbf0a3b69 bus: mhi: pci_generic: Remove WQ_MEM_RECLAIM flag from state workqueue
d3800c1dce24 bus: mhi: pci_generic: Add support for runtime PM
e89878aa4b79 bus: mhi: pci_generic: Use generic PCI power management
e3e5e6508fc1 bus: mhi: pci_generic: No-Op for device_wake operations
59d05b71729b bus: mhi: pci_generic: Add SDX24 based modem support
ac4bf60bbaa0 bus: mhi: pci_generic: Introduce quectel EM1XXGR-L support
9ea48efdc528 bus: mhi: pci_generic: Parametrable element count for events
e259c2926c01 PCI: pci-dra7xx: Prepare for deferred probe with module_platform_driver
179d0ba0c454 net: qrtr: fix error return code of qrtr_sendmsg()
093b036aa94e net/qrtr: fix __netdev_alloc_skb call
5ad3dbab569a Merge tag 'net-5.12-rc1' of git://git.kernel.org/pub/scm/linux/kernel/git/netdev/net
5b47b10e8fb9 Merge tag 'pci-v5.12-changes' of git://git.kernel.org/pub/scm/linux/kernel/git/helgaas/pci
e18fb64b7986 Merge branch 'remotes/lorenzo/pci/misc'
88d2ec1c0d64 Merge branch 'remotes/lorenzo/pci/xilinx'
0a437c50f896 Merge branch 'remotes/lorenzo/pci/tango'
ce96d1d7b8ea Merge branch 'pci/rockchip'
4ab5718c3146 Merge branch 'remotes/lorenzo/pci/rcar'
9da5366938ad Merge branch 'pci/qcom'
2ef38d7e2b01 Merge branch 'pci/ntb'
52c1de640eae Merge branch 'pci/microchip'
4842b3869e4a Merge branch 'remotes/lorenzo/pci/mediatek'
b994a66a9d98 Merge branch 'pci/layerscape'
29b10c606f1a Merge branch 'pci/dwc'
59189d06e06c Merge branch 'remotes/lorenzo/pci/cadence'
93aed5215dca Merge branch 'remotes/lorenzo/pci/brcmstb'
2cfef1971aea PCI: qcom: Use PHY_REFCLK_USE_PAD only for ipq8064
7081556f81f7 PCI: qcom: Add support for ddrss_sf_tbu clock
e229b429bb4a Merge tag 'char-misc-5.12-rc1' of git://git.kernel.org/pub/scm/linux/kernel/git/gregkh/char-misc
2a34b86f9fc8 PCI: al: Remove useless dw_pcie_ops
a2f882d84406 PCI: dwc: Don't assume the ops in dw_pcie always exist
5b4cf0f65324 PCI: dwc: Add upper limit address for outbound iATU
3856e1c5b88e PCI: dwc: Change size to u64 for EP outbound iATU
2f5ab5afe018 PCI: dwc: Drop support for config space in 'ranges'
7007b745a508 PCI: layerscape: Convert to builtin_platform_driver()
5bfb792f210c PCI: layerscape: Add LX2160A rev2 EP mode support
6104033bd25e PCI: dwc: Work around ECRC configuration issue
fc0494ead639 net: qrtr: Fix memory leak in qrtr_tun_open
58adbfb3ebec PCI: rockchip: Make 'ep-gpios' DT property optional
a62074a9ba85 PCI: cadence: Configure LM_EP_FUNC_CFG based on epc->function_num_map
dbcc542f3608 PCI: cadence: Implement ->msi_map_irq() ops
6f15a9c9f941 PCI: microchip: Add Microchip PolarFire PCIe controller driver
791c9f143c77 PCI: Call platform_set_drvdata earlier in devm_pci_alloc_host_bridge
9c5b80b795e9 Merge tag 'hyperv-next-signed-20210216' of git://git.kernel.org/pub/scm/linux/kernel/git/hyperv/linux
1002573ee33e PCI: cadence: Fix DMA range mapping early return error
b59fb7b60d47 asm-generic/hyperv: update hv_interrupt_entry
163c5e6262ae net: mhi: Add mbim proto
84c55f16dcd7 net: mhi: Add rx_length_errors stat
77e8080e1272 net: mhi: Create mhi.h
b6ec6b894270 net: mhi: Add dedicated folder
dc9d87581d46 Merge git://git.kernel.org/pub/scm/linux/kernel/git/netdev/net
4740b969aaf5 PCI: cadence: Retrain Link to work around Gen2 training defect
db4e8de1935b mhi: Fix double dma free
37f1cda4381f Merge tag 'mhi-for-v5.12' of git://git.kernel.org/pub/scm/linux/kernel/git/mani/mhi into char-misc-next
026c5b1ec29c bus: mhi: pci_generic: Increase num of elements in hw event ring
1e2f29ba83c5 mhi: pci_generic: Print warning in case of firmware crash
2a80c1581237 net/qrtr: restrict user-controlled length in qrtr_tun_write_iter()
2bca263cdab1 Merge branch 'mhi-net-immutable' of https://git.kernel.org/pub/scm/linux/kernel/git/mani/mhi
c77bfb541743 PCI: hv: Fix typo
cc4a08cd09e4 PCI: xgene: Fix CRS SV comment
77f2cb28ae52 Merge branch 'mhi-net-immutable' into mhi-next
87baa23e0236 bus: mhi: core: Add helper API to return number of free TREs
42814c438aac PCI: mediatek: Add missing of_node_put() to fix reference leak
ae191d2e513a PCI: xilinx-cpm: Fix reference count leak on error path
de9427ca87cf PCI: Remove tango host controller driver
a8f75cb348fd mhi: core: Factorize mhi queuing
cdce2663ffb8 Merge branch 'mhi-ath11k-immutable' into mhi-next
6ffcc18d9c0b mhi: use irq_flags if controller driver configures it
b91c3b30e226 mhi: pci_generic: Fix shared MSI vector support
f49b6aeb5c45 bus: mhi: Ensure correct ring update ordering with memory barrier
5ce6697a4460 PCI: brcmstb: Remove chained IRQ handler and data in one go
ff591f7490cf PCI: Drop PCIE_RCAR config option
0cdfaceb9889 PCI: brcmstb: support BCM4908 with external PERST# signal controller
a93c00e5f975 PCI: xgene-msi: Fix race in installing chained irq handler
ad1cc6b75a79 PCI: dwc: Remove IRQ handler and data in one go
3f0ea2360e48 PCI: altera-msi: Remove IRQ handler and data in one go
c4e0fec2f7ee PCI: rcar: Always allocate MSI addresses in 32bit space
4beb17e553b4 net: qrtr: fix null-ptr-deref in qrtr_ns_remove
ec751369d6fb mhi: pci_generic: Set irq moderation value to 1ms for hw channels
4da3d07db8ae mhi: pci_generic: Add diag channels
84026a5bbc11 mhi: pci_generic: Increase controller timeout value
8562d4fe34a3 mhi: pci_generic: Add health-check
b012ee6bfe2a mhi: pci_generic: Add PCI error handlers
7389337f0a78 mhi: pci_generic: Add suspend/resume/recovery procedure
8ccc3279fcad mhi: pci_generic: Add support for reset
eb96787a5da8 mhi: pci_generic: Enable burst mode for hardware channels
d9f23ea69d41 mhi: pci-generic: Increase number of hardware events
b5a8d233a588 bus: mhi: core: Add device hardware reset support
40f78232f973 Merge tag 'pci-v5.11-fixes-1' of git://git.kernel.org/pub/scm/linux/kernel/git/helgaas/pci
99e629f14b47 PCI: dwc: Fix inverted condition of DMA mask setup warning
275e88b06a27 PCI: tegra: Fix host link initialization
3913d00ac51a Merge tag 'irq-core-2020-12-23' of git://git.kernel.org/pub/scm/linux/kernel/git/tip/tip
489e9fea66f3 Merge tag 'pci-v5.11-changes' of git://git.kernel.org/pub/scm/linux/kernel/git/helgaas/pci
2911ed9f47b4 Merge tag 'char-misc-5.11-rc1' of git://git.kernel.org/pub/scm/linux/kernel/git/gregkh/char-misc
d635a69dd498 Merge tag 'net-next-5.11' of git://git.kernel.org/pub/scm/linux/kernel/git/netdev/net-next
f7ce6838763f Merge branch 'remotes/lorenzo/pci/vmd'
b9efb854e9fd Merge branch 'remotes/lorenzo/pci/rcar'
28e77bcf4436 Merge branch 'remotes/lorenzo/pci/keystone'
4cc0a34ae2a1 Merge branch 'remotes/lorenzo/pci/iproc'
ff9f1683b630 Merge branch 'remotes/lorenzo/pci/dwc'
ee4871d0102b Merge branch 'remotes/lorenzo/pci/cadence'
0032242459e7 Merge branch 'remotes/lorenzo/pci/brcmstb'
7546ad5e3c20 Merge branch 'remotes/lorenzo/pci/aardvark'
b8fecfdfb08d PCI: mobiveil: Use irq_data_get_irq_chip_data()
e56427068a8d PCI: xilinx-nwl: Use irq_data_get_irq_chip_data()
148842c98a24 Merge tag 'x86-apic-2020-12-14' of git://git.kernel.org/pub/scm/linux/kernel/git/tip/tip
cddadae9748c PCI: xgene: Removed unused ".bus_shift" initialisers from pci-xgene.c
ce0602990fb7 PCI: vmd: Update type of the __iomem pointers
63eab4944e4f PCI: iproc: Convert to use the new ECAM constants
31a8cdb7ef80 PCI: thunder-pem: Add constant for custom ".bus_shift" initialiser
e7708f5b10e2 PCI: Unify ECAM constants in native PCI Express drivers
7aa256234c4c PCI: j721e: Get offset within "syscon" from "ti,syscon-pcie-ctrl" phandle arg
660c486590aa PCI: dwc: Set 32-bit DMA mask for MSI target address allocation
4c9398822106 PCI: qcom: Add support for configuring BDF to SID mapping for SM8250
e1dd639e374a PCI: qcom: Add SM8250 SoC support
cf68e3b7a6b7 PCI: tegra: Disable LTSSM during L2 entry
3d710af75bcd PCI: tegra: Check return value of tegra_pcie_init_controller()
b8f0d67149ac PCI: tegra: Continue unconfig sequence even if parts fail
01254b6d6bb3 PCI: tegra: Set DesignWare IP version
6b6fafc1abc7 PCI: tegra: Fix ASPM-L1SS advertisement disable code
1d1cd163d0de PCI: aardvark: Update comment about disabling link training
846c3c9cfe8a Merge tag 'wireless-drivers-next-2020-12-03' of git://git.kernel.org/pub/scm/linux/kernel/git/kvalo/wireless-drivers-next
888982a84752 Merge tag 'mhi-for-v5.11' of git://git.kernel.org/pub/scm/linux/kernel/git/mani/mhi into char-misc-next
4ea6fa2cb921 mhi: pci_generic: Fix implicit conversion warning
89828f632dec bus: mhi: core: Fix error handling in mhi_register_controller()
d5353c00cfd9 PCI: tegra: Read "dbi" base address to program in application logic
369b868f4a2e PCI: tegra: Move "dbi" accesses to post common DWC initialization
778f7c194b1d PCI: dwc: exynos: Rework the driver to support Exynos5433 variant
7698c0f1558a PCI: iproc: Enhance PCIe Link information display
89bbcaac3dff PCI: iproc: Invalidate correct PAXB inbound windows
a3ff529f5d36 PCI: iproc: Fix out-of-bound array accesses
10ea8bcda5ae bus: mhi: core: Fix device hierarchy
206e7383b343 bus: mhi: core: Indexed MHI controller name
f6b7bb847ca8 PCI: vmd: Offset Client VMD MSI-X vectors
e87d17ca6af5 PCI: cadence: Do not error if "cdns,max-outbound-regions" is not found
ddaff0af6531 PCI: brcmstb: Initialize "tmp" before use
6e8e137abeab PCI: rcar: Drop unused members from struct rcar_pcie_host
7b7e4cee0299 Merge branch 'mhi-ath11k-immutable' into mhi-next
2ca7e30d3b1e net: qrtr: Unprepare MHI channels during remove
281f1f99cf3a PCI: dwc: Detect number of iATU windows
9ca17af552bc PCI: dwc: Move inbound and outbound windows to common struct
fcde397422ef Revert "PCI: dwc/keystone: Drop duplicated 'num-viewport'"
60f5b73fa0f2 PCI: dwc: Remove unnecessary wrappers around dw_pcie_host_init()
b9ac0f9dc8ea PCI: dwc: Move dw_pcie_setup_rc() to DWC common code
59fbab1ae40e PCI: dwc: Move dw_pcie_msi_init() into core
886a9c134755 PCI: dwc: Move link handling into common code
f78f02638af5 PCI: dwc: Rework MSI initialization
5bcb1757e637 PCI: dwc: Move MSI interrupt setup into DWC common code
331e9bcead52 PCI: dwc: Drop the .set_num_vectors() host op
7f170d35f583 PCI: dwc/dra7xx: Use the common MSI irq_chip
458ad06c4cdd PCI: dwc: Ensure all outbound ATU windows are reset
1cc9a559993a PCI: dwc/intel-gw: Remove some unneeded function wrappers
a0fd361db8e5 PCI: dwc: Move "dbi", "dbi2", and "addr_space" resource setup into common code
1d567aac4610 PCI: dwc/intel-gw: Move ATU offset out of driver match data
476b70b4d1ad PCI: keystone: Enable compile-testing on !ARM
74081de4a1f7 PCI: dwc: Add support to program ATU for >4GB memory
9f9e59a48095 PCI: dwc: Support multiple ATU memory regions
6cc1716102b5 bus: mhi: core: Remove MHI event ring IRQ handlers when powering down
a03c7a86e127 bus: mhi: core: Mark and maintain device states early on after power down
556bbb442bbb bus: mhi: core: Separate system error and power down handling
40c3127187cb bus: mhi: core: Check for IRQ availability during registration
dc53d862eab8 bus: mhi: core: Move to an error state on mission mode failure
faa257075bcc bus: mhi: core: Use appropriate label in firmware load handler API
12e050c77be0 bus: mhi: core: Move to an error state on any firmware load failure
0c76b3fa580d bus: mhi: core: Prevent sending multiple RDDM entry callbacks
3fb81a4d5f2f bus: mhi: core: Move to SYS_ERROR regardless of RDDM capability
8e0559921f9a bus: mhi: core: Skip device wake in error or shutdown states
8f7039787687 bus: mhi: core: Move to using high priority workqueue
1b55c16a5e47 bus: mhi: core: Use appropriate names for firmware load functions
da7bdbf67db2 bus: mhi: core: Skip RDDM download for unknown execution environment
9e1660e5c396 bus: mhi: core: Rename RDDM download function to use proper words
bca7218099e0 bus: mhi: core: Remove unused mhi_fw_load_worker() declaration
78e1d22687ff bus: mhi: core: Expose mhi_get_exec_env() API for controllers
a8ca15a9c73f bus: mhi: core: Add missing EXPORT_SYMBOL for mhi_get_mhi_state()
56c8ea864018 bus: mhi: core: Remove unnecessary counter from mhi_firmware_copy()
a7f422f2f89e bus: mhi: Fix channel close issue on driver remove
f4d0b39c8425 bus: mhi: core: Fix null pointer access when parsing MHI configuration
855a70c12021 bus: mhi: Add MHI PCI support for WWAN modems
8ff3f7bdde45 bus: mhi: core: fix potential operator-precedence with BHI macros
9b627c25e708 bus: mhi: core: Remove double locking from mhi_driver_remove()
a2e2cc0dbb11 net: qrtr: Start MHI channels during init
ed5298c7d500 bus: mhi: Remove auto-start option
90829f07baea net: qrtr: Release distant nodes along the bridge node
f7dec6cb914c net: qrtr: Add GFP flags parameter to qrtr_alloc_ctrl_packet
0baa99ee353c net: qrtr: Allow non-immediate node routing
87f547c108e4 net: qrtr: Allow forwarded services
ae068f561baa net: qrtr: Fix port ID for control messages
ae0d0bb29b31 Merge git://git.kernel.org/pub/scm/linux/kernel/git/netdev/net
d8c4a2236385 bus: mhi: Add mhi_queue_is_full function
832ea234277a PCI: mvebu: Fix duplicate resource requests
9fff3256f93d PCI: dwc: Restore ATU memory resource setup to use last entry
e16c8058a10b PCI: vmd: Use msi_msg shadow structs
721612994f53 x86/apic: Cleanup delivery mode defines
00937f36b09e Merge tag 'pci-v5.10-changes' of git://git.kernel.org/pub/scm/linux/kernel/git/helgaas/pci
28e34e751f6c Merge branch 'remotes/lorenzo/pci/xilinx'
4c0e51f8054c Merge branch 'remotes/lorenzo/pci/xgene'
a2340daa6a8c Merge branch 'pci/vmd'
214b2e042fba Merge branch 'remotes/lorenzo/pci/tegra'
f95f023d11a0 Merge branch 'remotes/lorenzo/pci/rcar'
3b353982202b Merge branch 'remotes/lorenzo/pci/qcom'
be36e9b97144 Merge branch 'remotes/lorenzo/pci/mvebu'
4f317eac2f65 Merge branch 'remotes/lorenzo/pci/mobiveil'
92f27db7b1bd Merge branch 'remotes/lorenzo/pci/meson'
1f287b5ce5e7 Merge branch 'remotes/lorenzo/pci/loongson'
29828fc20ab1 Merge branch 'remotes/lorenzo/pci/kirin'
7ba381c449fd Merge branch 'remotes/lorenzo/pci/iproc'
982f8334262d Merge branch 'remotes/lorenzo/pci/imx6'
9d69d649bbf8 Merge branch 'remotes/lorenzo/pci/hv'
924bb1f9b014 Merge branch 'remotes/lorenzo/pci/dwc'
a78f2e07d047 Merge branch 'remotes/lorenzo/pci/cadence'
a66999a3440a Merge branch 'remotes/lorenzo/pci/brcmstb'
d1640a83073c Merge branch 'remotes/lorenzo/pci/aardvark'
03b482e2432c Merge branch 'remotes/lorenzo/pci/apei'
93c9fce7d5f3 PCI: vmd: Update VMD PM to correctly use generic PCI PM
875b4e2a93bb PCI: vmd: Create IRQ allocation helper
1552b11ba15e PCI: vmd: Create IRQ Domain configuration helper
2e1224183b1b PCI: vmd: Create bus offset configuration helper
030109c0376c PCI: vmd: Create physical offset helper
58e0cd3e23ea PCI: v3-semi: Remove unneeded break
15b23906347c PCI: dwc: Add link up check in dw_child_pcie_ops.map_bus()
726eb70e0d34 Merge tag 'char-misc-5.10-rc1' of git://git.kernel.org/pub/scm/linux/kernel/git/gregkh/char-misc
c6dbef730762 Merge tag 'usb-5.10-rc1' of git://git.kernel.org/pub/scm/linux/kernel/git/gregkh/usb
4907a43da831 Merge tag 'hyperv-next-signed' of git://git.kernel.org/pub/scm/linux/kernel/git/hyperv/linux
07940c369a6b PCI: dwc: Fix MSI page leakage in suspend/resume
742833249198 PCI: dwc: Skip PCIE_MSI_INTR0* programming if MSI is disabled
b101a39897d8 PCI: keystone: Remove iATU register mapping
13ab639ed48c PCI: dwc: Add common iATU register support
cc7343724eb7 Merge tag 'x86-irq-2020-10-12' of git://git.kernel.org/pub/scm/linux/kernel/git/tip/tip
936452941cbe PCI: iproc: Fix using plain integer as NULL pointer in iproc_pcie_pltfm_probe
082bb94fe18e net: qrtr: ns: Fix the incorrect usage of rcu_read_lock()
165563c05088 Merge git://git.kernel.org/pub/scm/linux/kernel/git/netdev/net
a98d2187efd9 PCI: meson: Build as module by default
168ae5a74b4a Merge 5.9-rc8 into usb-next
4d9c3a688a01 Merge tag 'pci-v5.9-fixes-2' of git://git.kernel.org/pub/scm/linux/kernel/git/helgaas/pci
b0c6ae0f8948 PCI: aardvark: Fix initialization with old Marvell's Arm Trusted Firmware
026b940f18bc PCI: xgene: Remove unused assignment to variable msi_val
9846155b00fe PCI: loongson: Simplify loongson_pci_probe() return expression
9aae3af8767c PCI: cadence: Simplify cdns_pcie_host_init_address_translation() return expression
df7fc0556112 PCI: mobiveil: Simplify mobiveil_pcie_init_irq_domain() return expression
0c3c87d2b270 PCI: iproc: Use module_bcma_driver to simplify the code
1f66d95efdb7 PCI: brcmstb: Add bcm7211, bcm7216, bcm7445, bcm7278 to match list
20b1d6ba606c PCI: brcmstb: Set bus max burst size by chip type
3baec684a531 PCI: brcmstb: Accommodate MSI for older chips
52ded9e4f07b PCI: brcmstb: Set additional internal memory DMA viewport sizes
740d6c3708a9 PCI: brcmstb: Add control of rescal reset
915cff7f38c5 PCI: hv: Fix hibernation in case interrupts are not re-created
9e8c8cc44f35 bus: mhi: debugfs: Print channel context read-pointer
5fc4997fd9d0 bus: mhi: core: Fix the building of MHI module
9654ab011e28 bus: mhi: Remove unused nr_irqs_req variable
b0fc0167f254 bus: mhi: core: Allow shared IRQ for event rings
21cb9b18edea bus: mhi: core: Introduce sysfs entries for MHI
c7bd825e52b3 bus: mhi: core: Introduce debugfs entries for MHI
e0af24acdabc bus: mhi: Fix entries based on Kconfig coding style
f38173a731ca bus: mhi: core: Add const qualifier to MHI config information
f42dfbe8f712 bus: mhi: core: Introduce APIs to allocate and free the MHI controller
8e3729bfa7be bus: mhi: core: Read and save device hardware information from BHI
601455dae00a bus: mhi: core: Introduce counters to track MHI device state transitions
a6c1fff8571a bus: mhi: core: Introduce helper function to check device state
5aa93f0576b4 bus: mhi: core: Use generic name field for an MHI device
870f81bd28f2 bus: mhi: core: Trigger host resume if suspended during mhi_device_get()
8b53087cab61 bus: mhi: core: Use helper API to trigger a non-blocking host resume
515847c557dd bus: mhi: core: Abort suspends due to outgoing pending packets
bcbaccdf9fbe bus: mhi: core: Remove double occurrence for mhi_ctrl_ev_task() declaration
a7809ff90ce6 net: qrtr: ns: Protect radix_tree_deref_slot() using rcu read locks
ecc3e424d190 PCI: kirin: Return -EPROBE_DEFER in case the gpio isn't ready
ce31ff786ddf PCI: dwc: Fix 'cast truncates bits from constant value'
cd198909d680 PCI: tegra: Convert to use DEFINE_SEQ_ATTRIBUTE macro
6d2730cb1121 PCI: hv: Document missing hv_pci_protocol_negotiation() parameter
1b6a0e43a1a1 PCI: layerscape: Add EP mode support for ls1088a and ls2088a
e64844b6da31 PCI: layerscape: Modify the MSIX to the doorbell mode
cc255eb0bfbe PCI: layerscape: Modify the way of getting capability with different PEX
20e458fb92af PCI: layerscape: Fix some format issue of the code
47a062609a30 PCI: designware-ep: Modify MSI and MSIX CAP way of finding
6bfc9c3a2c70 PCI: designware-ep: Move the function of getting MSI capability forward
2f7f7001d0e5 PCI: designware-ep: Add the doorbell mode of MSI-X in EP mode
24ede430fa49 PCI: designware-ep: Add multiple PFs support for DWC
04356ac30771 PCI: brcmstb: Add bcm7278 PERST# support
8195b7417018 PCI: brcmstb: Add suspend and resume pm_ops
1cf1b0a6dd95 PCI: brcmstb: Add bcm7278 register info
b927ad3405f9 PCI: brcmstb: PCIE_BRCMSTB depends on ARCH_BRCMSTB
077ee78e3928 PCI/MSI: Make arch_.*_msi_irq[s] fallbacks selectable
d7f954e54079 PCI_vmd_Mark_VMD_irqdomain_with_DOMAIN_BUS_VMD_MSI
9006c133a422 x86/msi: Use generic MSI domain ops
3b9c1d377d67 x86/msi: Consolidate MSI allocation
585dfe8abc44 PCI: vmd: Dont abuse vector irqomain as parent
acb52897cc84 PCI: hip: Add handling of HiSilicon HIP PCIe controller errors
fdd056ff7af4 PCI: dwc: Use DBI accessors
aeaa0bfe8965 PCI: dwc: Move N_FTS setup to common setup
d439e7edd134 PCI: dwc/intel-gw: Drop unused max_width
cf854be2d9a3 PCI: dwc/intel-gw: Move getting PCI_CAP_ID_EXP offset to intel_pcie_link_setup()
b02b06a74b01 PCI: dwc/intel-gw: Drop unnecessary checking of DT 'device_type' property
441e48fdf0b4 PCI: dwc: Set PORT_LINK_DLL_LINK_EN in common setup code
39bc5006501c PCI: dwc: Centralize link gen setting
3ca1a42a52ca net: qrtr: check skb_put_padto() return value
e338eecf3fe7 PCI: rockchip: Fix bus checks in rockchip_pcie_valid_device()
eb7eacaa5b9e PCI: iproc: Set affinity mask on MSI interrupts
d5071f086bac PCI: mvebu: Remove useless msi_controller pointer allocation
b04a6b9d395d PCI: dwc: Make ATU accessors private
903d69f83c6b PCI: dwc: Remove read_dbi2 code
84667a416d42 PCI: dwc/tegra: Use common Designware port logic register definitions
fb7652327101 PCI: dwc: Remove hardcoded PCI_CAP_ID_EXP offset
7b87ddc04b36 PCI: dwc/qcom: Use common PCI register definitions
201a8df89952 PCI: dwc/imx6: Use common PCI register definitions
2f2cea1ea70a PCI: dwc/meson: Rework PCI config and DW port logic register accesses
15efab2b8934 PCI: dwc/meson: Drop unnecessary RC config space initialization
244c40cc28b1 PCI: dwc/meson: Drop the duplicate number of lanes setup
cff9244432e8 PCI: dwc: Ensure FAST_LINK_MODE is cleared
6ffc02d23631 PCI: dwc: Add a 'num_lanes' field to struct dw_pcie
574523dcfc63 PCI: dwc/imx6: Remove duplicate define PCIE_LINK_WIDTH_SPEED_CONTROL
cf627713e3c0 PCI: dwc: Check CONFIG_PCI_MSI inside dw_pcie_msi_init()
421063efaf1e PCI: dwc/keystone: Drop duplicated 'num-viewport'
2ef6b06a0475 PCI: dwc: Simplify config space handling
0f71c60ffd26 PCI: dwc: Remove storing of PCI resources
5808d43e7c91 PCI: dwc: Remove root_bus pointer
1df793054859 PCI: dwc: Convert to use pci_host_probe()
6ab15b5e7057 PCI: dwc: keystone: Convert .scan_bus() callback to use add_bus
c2b0c098fbd1 PCI: dwc: Use generic config accessors
7975c8cc8ed8 PCI: dwc: Remove dwc specific config accessor ops
c4a42ee9acfb PCI: dwc: histb: Use pci_ops for root config space accessors
08d2209e798a PCI: dwc: exynos: Use pci_ops for root config space accessors
6408e6a7f9ee PCI: dwc: kirin: Use pci_ops for root config space accessors
e0ceb8f90b80 PCI: dwc: meson: Use pci_ops for root config space accessors
692ccce7f0c5 PCI: dwc: tegra: Use pci_ops for root config space accessors
10a797c6e54a PCI: dwc: keystone: Use pci_ops for config space accessors
fffbb0ba8e75 PCI: dwc: al: Use pci_ops for child config space accessors
27e7ed018113 PCI: dwc: Add a default pci_ops.map_bus for root port
c7e592a6a541 PCI: cadence-ep: Remove obsolete path from comment
61660dbf08e1 PCI: imx6: Do not output error message when devm_clk_get() failed with -EPROBE_DEFER
73abd0bf89d2 PCI: imx6: Use fallthrough pseudo-keyword
44c9b4cc3467 PCI: rcar-gen2: Use fallthrough pseudo-keyword
d0c6a3475b03 PCI: aardvark: Move PCIe reset card code to advk_pcie_train_link()
526a76991b7b PCI: aardvark: Implement driver 'remove' function and allow to build it as module
7862a6134456 PCI: aardvark: Check for errors from pci_bridge_emul_init() call
b32c012e4b98 PCI: aardvark: Fix compilation on s390
d3d4d028afb7 PCI: qcom: Make sure PCIe is reset before init for rev 2.1.0
7d69b117c313 PCI: xilinx-cpm: Remove leftover bridge initialization
d27b1cdc10e7 PCI: tegra: No need to check return value of debugfs_create() functions
444ddca52484 PCI: dwc: Allow overriding bridge pci_ops
f81c770df72e PCI: dwc: Use DBI accessors instead of own config accessors
16270a923557 PCI: designware-ep: Fix the Header Type check
5fedf0d295d3 Merge 5.9-rc3 into usb-next
df561f6688fe treewide: Use fallthrough pseudo-keyword
f48cc509c935 Revert "PCI: brcmstb: Wait for Raspberry Pi's firmware when present"
8dfddfb79653 net: qrtr: fix usage of idr in port assignment to socket
049eb096da48 Merge tag 'pci-v5.9-changes' of git://git.kernel.org/pub/scm/linux/kernel/git/helgaas/pci
47ec5303d73e Merge git://git.kernel.org/pub/scm/linux/kernel/git/netdev/net-next
6f119ec8d9c8 Merge branch 'pci/irq-error'
65c2bc6ce972 Merge branch 'pci/doc'
49e427e6bdd1 Merge branch 'pci/host-probe-refactor'
f8917db95667 Merge branch 'pci/xilinx-cpm'
3f379177e44f Merge branch 'remotes/lorenzo/pci/vmd'
fa6cc79a3edf Merge branch 'remotes/lorenzo/pci/tegra'
21c04e050e5c Merge branch 'remotes/lorenzo/pci/runtime-pm'
a07a20b191c6 Merge branch 'remotes/lorenzo/pci/mvebu'
64d293d8ac87 Merge branch 'remotes/lorenzo/pci/loongson'
98f5c57a4e8f Merge branch 'remotes/lorenzo/pci/hv'
26418025ce0b Merge branch 'remotes/lorenzo/pci/dwc'
13a77336f4f5 Merge branch 'remotes/lorenzo/pci/cadence'
5b17dbab2630 Merge branch 'remotes/lorenzo/pci/aardvark'
9b41d19aff40 PCI: Fix kerneldoc warnings
508f610648b9 PCI: xilinx-cpm: Add Versal CPM Root Port driver
b64aa11eb2dd PCI: Set bridge map_irq and swizzle_irq to default functions
669cbc708122 PCI: Move DT resource setup into devm_pci_alloc_host_bridge()
4a957563fe02 PCI: rcar-gen2: Convert to use modern host bridge probe functions
3b4b84b2ea99 Merge tag 'irq-urgent-2020-08-02' of git://git.kernel.org/pub/scm/linux/kernel/git/tip/tip
caecb05c8000 PCI: Remove dev_err() when handing an error from platform_get_irq()
f3e25911a430 PCI: j721e: Add TI J721E PCIe driver
3ef5d16f50f8 PCI: cadence: Add MSI-X support to Endpoint driver
a459d9e10788 PCI: hv: Make some functions static
a6fbb4a4a7f0 PCI: tegra: Remove PLL power supplies
c2fa6cf76d20 PCI: dwc: hisi: Remove non-ECAM HiSilicon hip05/hip06 driver
e3bca37d15dc PCI: cadence: Fix updating Vendor ID and Subsystem Vendor ID register
d07701a17aec PCI: cadence: Add new *ops* for CPU addr fixup
c4c10c0125a7 PCI: cadence: Allow pci_host_bridge to have custom pci_ops
40d957e6f9eb PCI: cadence: Add support to start link and verify link status
a8b661eb50ab PCI: cadence: Convert all r/w accessors to perform only 32-bit accesses
19abcd790b51 PCI: cadence: Fix cdns_pcie_{host|ep}_setup() error path
5d3d063abb27 PCI: cadence: Use "dma-ranges" instead of "cdns,no-bar-match-nbits" property
d6af2ed29c7c PCI: hv: Fix a timing issue which causes kdump to fail occasionally
a57066b1a019 Merge git://git.kernel.org/pub/scm/linux/kernel/git/netdev/net
1b64b2e2444c Merge git://git.kernel.org/pub/scm/linux/kernel/git/netdev/net into master
af9f691f0f5b qrtr: orphan socket in qrtr_release()
b411b2e1adb9 PCI: rcar: Use struct pci_host_bridge.windows list directly
61f11f8250e2 PCI: rcar: Use devm_pci_alloc_host_bridge()
ec64e2795988 PCI: cadence: Remove private bus number and range storage
06ff98fcc4a7 PCI: cadence: Use bridge resources for outbound window setup
4f5c883d7815 PCI: Move setting pci_host_bridge.busnr out of host drivers
6176a5f32751 PCI: rcar: Use pci_is_root_bus() to check if bus is root bus
d84c572de1a3 PCI: rockchip: Use pci_is_root_bus() to check if bus is root bus
49169c255c99 PCI: xilinx: Use pci_is_root_bus() to check if bus is root bus
77fc9aa96943 PCI: xilinx-nwl: Use pci_is_root_bus() to check if bus is root bus
388637d972db PCI: mobiveil: Use pci_is_root_bus() to check if bus is root bus
552549386624 PCI: designware: Use pci_is_root_bus() to check if bus is root bus
11e97973607f PCI: aardvark: Use pci_is_root_bus() to check if bus is root bus
d3bb94d06aae PCI: Drop unnecessary zeroing of bridge fields
6a589900d050 PCI: Set default bridge parent device
79cbde56f98b PCI: versatile: Drop flag PCI_ENABLE_PROC_DOMAINS
da30e8bc9acc PCI: controller: Remove duplicate error message
a68e06e729b1 PCI: rcar: Fix runtime PM imbalance on error
ec0160891e38 irqdomain/treewide: Free firmware node after domain removal
70e380250c36 PCI: aardvark: Don't touch PCIe registers if no card connected
14110af60696 PCI: loongson: Use DECLARE_PCI_FIXUP_EARLY for bridge_class_quirk()
e7b856dfcec6 PCI: tegra: Revert tegra124 raw_violation_fixup
a44d9e72100f net: make ->{get,set}sockopt in proto_ops optional
9413cd7792dc Merge tag 'irq-urgent-2020-07-19' of git://git.kernel.org/pub/scm/linux/kernel/git/tip/tip into master
936fa5cd7b8e PCI: dwc: Convert to devm_platform_ioremap_resource_byname()
e3beca48a45b irqdomain/treewide: Keep firmware node unconditionally allocated
216f8e95aacc PCI: mvebu: Setup BAR0 in order to fix MSI
3cf0eead9fb8 PCI: controller: Convert to devm_platform_ioremap_resource()
e2dcd20b1645 PCI: controller: Convert to devm_platform_ioremap_resource_byname()
78aada4b05bd PCI: xilinx: Use pci_host_probe() to register host
dd58950f9875 PCI: xilinx-nwl: Use pci_host_probe() to register host
f473182c7524 PCI: rockchip: Use pci_host_probe() to register host
56d292348470 PCI: rcar: Use pci_host_probe() to register host
81ce3cf4a246 PCI: iproc: Use pci_host_probe() to register host
c63aed7334c2 PCI: altera: Use pci_host_probe() to register host
97c5372aeb5b PCI: xgene: Use pci_host_probe() to register host
a4b21b858b56 PCI: versatile: Use pci_host_probe() to register host
d7169a94f1ba PCI: v3: Use pci_host_probe() to register host
67047e8bc8aa PCI: tegra: Use pci_host_probe() to register host
1f9b751220ce PCI: mobiveil: Use pci_host_probe() to register host
a37571fa9c04 PCI: brcmstb: Use pci_host_probe() to register host
e63434f4cc0d PCI: host-common: Use struct pci_host_bridge.windows list directly
824001cb64c0 PCI: qcom: Replace define with standard value
51ed2c2b6026 PCI: qcom: Support pci speed set for ipq806x
8df093fe2ae1 PCI: qcom: Add ipq8064 rev2 variant
de3c4bf64897 PCI: qcom: Add support for tx term offset for rev 2.1.0
5149901e9e6d PCI: qcom: Define some PARF params needed for ipq8064 SoC
6a114526af46 PCI: qcom: Use bulk clk api and assert on error
ee367e2cdd22 PCI: qcom: Add missing reset for ipq806x
dd58318c019f PCI: qcom: Change duplicate PCI reset to phy reset
8b6f0330b5f9 PCI: qcom: Add missing ipq806x clocks in PCIe driver
b1bd5714472c PCI: aardvark: Indicate error in 'val' when config read fails
cb52a4020242 PCI: qcom: Fix runtime PM imbalance on error
7a790087c1ad PCI: cadence: Fix runtime PM imbalance on error
c2615d620a85 PCI: dwc: pci-dra7xx: Fix runtime PM imbalance on error
51f939b11cb1 PCI: vmd: Use Shadow MEMBAR registers for QEMU/KVM guests
c322fa0b3fa9 PCI: mvebu: Use struct pci_host_bridge.windows list directly
24344226f66b PCI: cadence: Use struct pci_host_bridge.windows list directly
8ff41cc21714 net: qrtr: Fix an out of bounds read qrtr_endpoint_post()
28541f3d324f net: qrtr: free flow in __qrtr_node_release
7ecd4a817510 PCI: Replace http:// links with https://
a7f7f6248d97 treewide: replace '---help---' in Kconfig files with 'help'
9aa900c8094d Merge tag 'char-misc-5.8-rc1' of git://git.kernel.org/pub/scm/linux/kernel/git/gregkh/char-misc
3925c3bbdf88 Merge tag 'pci-v5.8-changes' of git://git.kernel.org/pub/scm/linux/kernel/git/helgaas/pci
2bd81cd04a3f Merge branch 'remotes/lorenzo/pci/vmd'
5a881eb3d138 Merge branch 'remotes/lorenzo/pci/v3-semi'
62e8a5ad4732 Merge branch 'remotes/lorenzo/pci/tegra'
51755de7398c Merge branch 'remotes/lorenzo/pci/rcar'
7c9908d3c8ef Merge branch 'remotes/lorenzo/pci/hv'
d388e541e2e3 Merge branch 'remotes/lorenzo/pci/host-generic'
b9fcf4910b72 Merge branch 'remotes/lorenzo/pci/dwc'
712879510fa4 Merge branch 'remotes/lorenzo/pci/cadence'
a1dcc1aa6f67 Merge branch 'remotes/lorenzo/pci/brcmstb'
754262d1befb Merge branch 'remotes/lorenzo/pci/altera'
075a383389d7 Merge branch 'remotes/lorenzo/pci/aardvark'
9f91d05e4aac Merge branch 'pci/misc'
8d7e33d6811f PCI: uniphier: Add Socionext UniPhier Pro5 PCIe endpoint controller driver
cb8e59cc8720 Merge git://git.kernel.org/pub/scm/linux/kernel/git/netdev/net-next
6b2591c21273 Merge tag 'hyperv-next-signed' of git://git.kernel.org/pub/scm/linux/kernel/git/hyperv/linux
8226f11318bd Merge tag 'mips_5.8' of git://git.kernel.org/pub/scm/linux/kernel/git/mips/linux
fcee90cdf6f3 PCI: tegra: Fix runtime PM imbalance on error
1806c13dc253 Merge git://git.kernel.org/pub/scm/linux/kernel/git/netdev/net
c6e08d6251f3 net: qrtr: Allocate workqueue before kernel_bind
3e5095eebe01 PCI: vmd: Filter resource type bits from shadow register
1c1dbb2c0262 PCI: tegra194: Fix runtime PM imbalance on error
d0684fd0bd79 PCI: hv: Use struct_size() helper
1f58cca5cf2b PCI: Add Loongson PCI Controller support
13209a8f7304 Merge git://git.kernel.org/pub/scm/linux/kernel/git/netdev/net
caffb99b6929 Merge git://git.kernel.org/pub/scm/linux/kernel/git/netdev/net
03f8c1b350d0 PCI: dwc: Use private data pointer of "struct irq_domain" to get pcie_port
87dccf09323f PCI: amlogic: meson: Don't use FAST_LINK_MODE to set up link
0414b93e78d8 PCI: dwc: Fix inner MSI IRQ domain registration
c8a119779f56 PCI: dwc: pci-dra7xx: Use devm_platform_ioremap_resource_byname()
558c1225a2f3 PCI: dwc: intel: Make intel_pcie_cpu_addr() static
668b4490a3a5 PCI: dwc: Program outbound ATU upper limit register
2a6d0d63d999 PCI: rcar: Add endpoint mode support
d45e3c1a5979 PCI: endpoint: Add support to handle multiple base for mapping outbound memory
e18d4e9fa79b bus: mhi: core: Handle syserr during power_up
3bc1a5f43161 bus: mhi: core: Handle write lock properly in mhi_pm_m0_transition
30b7892417c5 bus: mhi: core: Do not process SYS_ERROR if RDDM is supported
ada5e1def5da bus: mhi: core: Skip handling BHI irq if MHI reg access is not allowed
3c1bd0047124 bus: mhi: core: Handle disable transitions in state worker
bc7ccce5a519 bus: mhi: core: Remove the system error worker thread
0ab9fcd0e7b2 bus: mhi: core: Ensure non-zero session or sequence ID values are used
0a895f091ebd bus: mhi: core: Improve debug logs for loading firmware
a21eaf592fad bus: mhi: core: Return appropriate error codes for AMSS load failure
560e3a045961 bus: mhi: core: Handle firmware load using state worker
ee75cedf82d8 bus: mhi: core: Read transfer length from an event properly
020960685041 bus: mhi: core: Add range check for channel id received in event ring
44d4e063d18b bus: mhi: core: Cache intmod from mhi event to mhi channel
cd116318803f bus: mhi: core: Refactor mhi queue APIs
d28ea1fbbf43 net: qrtr: Fix passing invalid reference to qrtr_local_enqueue()
7fb39bf2a1de PCI: cadence: Fix to read 32-bit Vendor ID/Device ID property from DT
9e2618c3f1a9 PCI: cadence: Remove "cdns,max-outbound-regions" DT property
96be36dbffac PCI: aardvark: Replace custom macros by standard linux/pci_regs.h macros
366697018c9a PCI: aardvark: Add PHY support
b2a56469d550 PCI: aardvark: Add FIXME comment for PCIE_CORE_CMD_STATUS_REG access
5169a9851daa PCI: aardvark: Issue PERST via GPIO
43fc679ced18 PCI: aardvark: Improve link training
90c6cb4a355e PCI: aardvark: Don't blindly enable ASPM L0s and don't write to read-only register
6964494582f5 PCI: aardvark: Train link immediately after enabling training
da07f52d3caf Merge git://git.kernel.org/pub/scm/linux/kernel/git/netdev/net
1ea34b298855 bus: mhi: core: Fix some error return code
44331189f908 PCI: brcmstb: Wait for Raspberry Pi's firmware when present
0584bff09629 PCI: Check for platform_get_irq() failure consistently
c81992e7f4aa PCI: hv: Retry PCI bus D0 entry on invalid device state
83cc3508ffaa PCI: hv: Fix the PCI HyperV probe failure path to release resource properly
caab002d5069 PCI: brcmstb: Disable L0s component of ASPM if requested
077a4fa92a61 PCI: brcmstb: Fix window register offset from 4 to 8
b382e4a0a18f PCI: brcmstb: Don't clk_put() a managed clock
22e21e51ce75 PCI: brcmstb: Assert fundamental reset on initialization
975cf23e3aa8 PCI: endpoint: Pass page size as argument to pci_epc_mem_init()
328263687148 PCI: rcar: Fix calculating mask for PCIEPAMR register
78a0d7f2f5a3 PCI: rcar: Move shareable code to a common file
a18f4b6ea50b PCI: rcar: Rename pcie-rcar.c to pcie-rcar-host.c
63605f1cfcc5 PCI: tegra: Fix reporting GPIO error value
dd92b0133a78 Merge 5.7-rc5 into char-misc-next
e42671084361 net: qrtr: Do not depend on ARCH_QCOM
6e728f321393 net: qrtr: Add MHI transport layer
ce351636c67f PCI: rcar: Add suspend/resume
2b9f217433e3 PCI: rcar: Fix incorrect programming of OB windows
b2f75a41eaa6 PCI: host-generic: Eliminate pci_host_common_probe wrappers
f0e1d3ac2d7c bus: mhi: core: Fix channel device name conflict
45723a44845c bus: mhi: core: Offload register accesses to the controller
85a087df4a71 bus: mhi: core: Remove link_status() callback
ce312258084e bus: mhi: core: Make sure to powerdown if mhi_sync_power_up fails
c96efe265692 PCI: altera: Clean up indentation issue on a return statement
bca718988b90 PCI: v3-semi: Fix a memory leak in v3_pci_probe() error handling paths
819482a96790 PCI: dwc: Make hisi_pcie_platform_ops static
bf7116204657 PCI: dwc: Clean up computing of msix_tbl
0c59c06a7c90 PCI: host-generic: Support building as modules
0b104773b4f7 PCI: Constify struct pci_ecam_ops
522587e7c008 bus: mhi: core: Fix a NULL vs IS_ERR check in mhi_create_devices()
0c6b20a1d720 bus: mhi: core: Add support for MHI suspend and resume
fbedda4e4dc5 PCI: keystone: Don't select CONFIG_PCI_KEYSTONE_HOST by default
94b84ac1979b PCI: dra7xx: Don't select CONFIG_PCI_DRA7XX_HOST by default
240ad77cb50d PCI: hv: Prepare hv_compose_msi_msg() for the VMBus-channel-interrupt-to-vCPU reassignment functionality
dfddb54043f0 net: qrtr: Add tracepoint support
6dbf02acef69 net: qrtr: send msgs from local of same id as broadcast
86f26a77cb0c Merge tag 'pci-v5.7-changes' of git://git.kernel.org/pub/scm/linux/kernel/git/helgaas/pci
0ad5b053d438 Merge tag 'char-misc-5.7-rc1' of git://git.kernel.org/pub/scm/linux/kernel/git/gregkh/char-misc
5f38dec435b2 Merge branch 'remotes/lorenzo/pci/tegra'
a9dcb025d31e Merge branch 'remotes/lorenzo/pci/qcom'
d09fca9ecddb Merge branch 'remotes/lorenzo/pci/mobiveil'
a29a44c19711 Merge branch 'remotes/lorenzo/pci/hv'
b16f2ab280f9 Merge branch 'remotes/lorenzo/pci/endpoint'
cc36a451e403 Merge branch 'remotes/lorenzo/pci/dwc'
d620d86426ba Merge branch 'remotes/lorenzo/pci/amlogic'
54455238be89 PCI: tegra: Print -EPROBE_DEFER error message at debug level
146d32880796 PCI: keystone: Allow AM654 PCIe Endpoint to raise MSI-X interrupt
6f5e193bfb55 PCI: dwc: Fix dw_pcie_ep_raise_msix_irq() to get correct MSI-X table address
83153d9f36e2 PCI: endpoint: Fix ->set_msix() to take BIR and offset as arguments
c57247f940e8 PCI: tegra: Add support for PCIe endpoint mode in Tegra194
9a5595ab21a9 PCI: dwc: pci-dra7xx: Fix MSI IRQ handling
3eb583a6d0ae bus: mhi: core: Drop the references to mhi_dev in mhi_destroy_device()
93e17a44347a bus: mhi: core: Initialize bhie field in mhi_cntrl for RDDM capture
3316ab2b45f6 bus: mhi: core: Add support for reading MHI info from device
821747386cb6 bus: mhi: core: Pass module owner during client driver registration
3baf89abca19 bus/mhi: fix printk format for size_t
e6b0de469c5b bus: mhi: core: Add uevent support for module autoloading
189ff97cca53 bus: mhi: core: Add support for data transfer
1d3173a3bae7 bus: mhi: core: Add support for processing events from client device
6fdfdd27328c bus: mhi: core: Add support for downloading RDDM image during panic
cd457afb1667 bus: mhi: core: Add support for downloading firmware over BHIe
3000f85b8f47 bus: mhi: core: Add support for basic PM operations
a6e2e3522f29 bus: mhi: core: Add support for PM state transitions
6cd330ae76ff bus: mhi: core: Add support for ringing channel/event ring doorbells
da1c4f856924 bus: mhi: core: Add support for creating and destroying MHI devices
e755cadb0171 bus: mhi: core: Add support for registering MHI client drivers
0cbf260820fa bus: mhi: core: Add support for registering MHI controllers
863bba34d2f4 PCI: mobiveil: Fix unmet dependency warning for PCIE_MOBIVEIL_PLAT
92a17e5c7949 PCI: mobiveil: Fix sparse different address space warnings
1d3435793123 Merge git://git.kernel.org/pub/scm/linux/kernel/git/netdev/net
6348a34dcb98 PCI: Use pci_speed_string() for all PCI/PCI-X/PCIe strings
1cf106d93245 PCI: hv: Introduce hv_msi_entry
61bfd920abbf PCI: hv: Move retarget related structures into tlfs header
b00f80fcfaa0 PCI: hv: Move hypercall related definitions into tlfs header
067fb6c97e7e PCI: hv: Replace zero-length array with flexible-array member
999dd956d838 PCI: hv: Add support for protocol 1.3 and support PCI_BUS_RELATIONS2
f9ad0f361cf3 PCI: hv: Decouple the func definition in hv_dr_state from VSP message
1e6bbc468893 PCI: amlogic: Use AXG PCIE
71046abfffe9 net: qrtr: Fix FIXME related to qrtr_ns_init()
a1dc1d6a05a7 net: qrtr: Respond to HELLO message
73a7a271b3ee PCI: brcmstb: Fix build on 32bit ARM platforms with older compilers
9baeea50718f net: qrtr: Fix error pointer vs NULL bugs
604f3956524a PCI: qcom: Fix the fixup of PCI_VENDOR_ID_QCOM
ac37dde72177 PCI: dwc: Add API to notify core initialization completion
e966f7390da9 PCI: dwc: Refactor core initialization code for EP mode
13ef6ae8c0d9 net: qrtr: fix spelling mistake "serivce" -> "service"
94e99b194e5f PCI: tegra: Use pci_parse_request_of_pci_ranges()
42c3d41832ef PCI: hv: Add missing kfree(hbus) in hv_pci_probe()'s error handling path
e658a4fea8ef PCI: hv: Remove unnecessary type casting from kzalloc
31d6cbeeb880 net: qrtr: Fix the local node ID as 1
0c2204a4ad71 net: qrtr: Migrate nameservice to kernel from userspace
d29ad70a813b PCI: mobiveil: Add PCIe Gen4 RC driver for Layerscape SoCs
11d22cc395ca PCI: mobiveil: Add Header Type field check
029dea3cdc67 PCI: mobiveil: Add 8-bit and 16-bit CSR register accessors
52cae4c7082f PCI: mobiveil: Allow mobiveil_host_init() to be used to re-init host
fc99b3311af7 PCI: mobiveil: Add callback function for link up check
ed620e96541f PCI: mobiveil: Add callback function for interrupt initialization
03bdc3884019 PCI: mobiveil: Modularize the Mobiveil PCIe Host Bridge IP driver
39e3a03eea5b PCI: mobiveil: Collect the interrupt related operations into a function
2ba24842d6b4 PCI: mobiveil: Move the host initialization into a function
1f442218d657 PCI: mobiveil: Introduce a new structure mobiveil_root_port
45586c7078d4 treewide: remove redundant IS_ERR() before error code check
26dca6dbd62d Merge tag 'pci-v5.6-changes' of git://git.kernel.org/pub/scm/linux/kernel/git/helgaas/pci
01b810ed7187 Merge branch 'remotes/lorenzo/pci/uniphier'
b647d2bd8064 Merge branch 'remotes/lorenzo/pci/tegra'
c11dfed9caa2 Merge branch 'remotes/lorenzo/pci/qcom'
d86936363c10 Merge branch 'remotes/lorenzo/pci/misc'
518fc4a3a609 Merge branch 'remotes/lorenzo/pci/keystone'
4c6a8fe3aaa5 Merge branch 'remotes/lorenzo/pci/dwc'
61d02c37fcd0 Merge branch 'remotes/lorenzo/pci/brcmstb'
db83c269d225 Merge branch 'pci/host-vmd'
db51b4c85fb7 PCI: vmd: Add two VMD Device IDs
bd2463ac7d7e Merge git://git.kernel.org/pub/scm/linux/kernel/git/netdev/net-next
40ca1bf580ef PCI: brcmstb: Add MSI support
c0452137034b PCI: brcmstb: Add Broadcom STB PCIe host controller driver
6a1000bd2703 Merge tag 'ioremap-5.6' of git://git.infradead.org/users/hch/ioremap
962e329d888c PCI: vmd: Remove dma_map_ops overrides
34067c56fa17 x86/PCI: Expose VMD's pci_dev in struct pci_sysdata
b0de922af53e PCI: keystone: Fix error handling when "num-viewport" DT property is not populated
e04df98adf7d net: qrtr: Remove receive worker
f16a4b26f31f net: qrtr: Make qrtr_port_lookup() use RCU
0a7e0d0ef054 net: qrtr: Migrate node lookup tree to spinlock
5fdeb0d372ab net: qrtr: Implement outgoing flow control
cb6530b99faf net: qrtr: Move resume-tx transmission to recvmsg
d36925be5382 PCI: uniphier: remove module code from built-in driver
a0601a1f1dee PCI: exynos: Rename Exynos to lowercase
21a92676e1fe PCI: tegra: Fix afi_pex2_ctrl reg offset for Tegra30
885199148442 PCI: tegra: Fix return value check of pm_runtime_get_sync()
2d0c3fbe43fa PCI: keystone: Fix outbound region mapping
6df19872d881 PCI: keystone: Fix link training retries initiation
ed8cc3b1fc84 PCI: qcom: Add support for SDM845 PCIe controller
6fd622c226e6 PCI: artpec6: Configure FTS with dwc helper function
ed22aaaede44 PCI: dwc: intel: PCIe RC controller driver
4bdc0d676a64 remove ioremap_nocache and devm_ioremap_nocache
ce57785bf91b net: qrtr: fix len of skb_put_padto in qrtr_node_enqueue
574f29036fce PCI: iproc: Apply quirk_paxc_bridge() for module as well as built-in
ca01e7987463 PCI: rockchip: Fix IO outbound ATU register number
c3bed3b20e40 Merge tag 'pci-v5.5-changes' of git://git.kernel.org/pub/scm/linux/kernel/git/helgaas/pci
7e124c405172 Merge branch 'pci/trivial'
48617f03c940 Merge branch 'remotes/lorenzo/pci/misc'
7bd4c4a7b0ff Merge branch 'remotes/lorenzo/pci/mmio-dma-ranges'
d8ddab63635d Merge branch 'remotes/lorenzo/pci/vmd'
77471510559c Merge branch 'remotes/lorenzo/pci/uniphier'
b19c3f46caf8 Merge branch 'remotes/lorenzo/pci/tegra'
069ade5dfec9 Merge branch 'remotes/lorenzo/pci/rockchip'
21cea0c0eaba Merge branch 'remotes/lorenzo/pci/rcar'
4940330a3696 Merge branch 'remotes/lorenzo/pci/mobiveil'
30c50d3a26a5 Merge branch 'remotes/lorenzo/pci/meson'
e63758e2790f Merge branch 'remotes/lorenzo/pci/layerscape'
132c4a6b544a Merge branch 'remotes/lorenzo/pci/iproc'
4eb87ddf390e Merge branch 'remotes/lorenzo/pci/hv'
d76d273dc861 Merge branch 'remotes/lorenzo/pci/dwc'
ba7e87c5dd63 Merge branch 'remotes/lorenzo/pci/cadence'
318ed91f36f9 Merge branch 'remotes/lorenzo/pci/aardvark'
774800cb099f Merge branch 'pci/resource'
877b911a5ba0 PCI: hv: Avoid a kmemleak false positive caused by the hbus buffer
14ef39fddd23 PCI: hv: Change pci_protocol_version to per-hbus
ac82fc832708 PCI: hv: Add hibernation support
a8e37506e79a PCI: hv: Reorganize the code in preparation of hibernation
36533f355b1a PCI: Fix indentation
4b1140ade8f5 PCI: uniphier: Set mode register to host mode
bbd8810d3998 PCI: Remove unused includes and superfluous struct declaration
65e3c803e7a4 x86/PCI: Correct SPDX comment style
1e4d40186026 PCI: rockchip: Make some regulators non-optional
085f793984ad PCI: rcar: Use inbound resources for setup
b9ae59b30bcf PCI: iproc: Use inbound resources for setup
6dce5aa59e0b PCI: xgene: Use inbound resources for setup
070d7d70291c PCI: v3-semi: Use inbound resources for setup
ea4f718e8455 PCI: ftpci100: Use inbound resources for setup
331f63457165 PCI: of: Add inbound resource parsing to helpers
ec11e5c213cc PCI: vmd: Add device id for VMD device 8086:9A0B
08bcdd22ecdb PCI: vmd: Add bus 224-255 restriction decode
7c7e53e1c93d PCI: rcar: Fix missing MACCTLR register setting in initialization sequence
de80f95ccb9c PCI: cadence: Move all files to per-device cadence directory
bd22885aa188 PCI: cadence: Refactor driver to use as a core library
767c7846419c PCI: rcar: Recalculate inbound range alignment for each controller entry
85bff4c3d320 PCI: rcar: Move the inbound index check
af072edb8355 PCI: rcar: Remove unnecessary header include (../pci.h)
7973eb13aecf PCI: layerscape: Add LS1028a support
21d8bd123ac4 net: qrtr: Simplify 'qrtr_tun_release()'
ecf8fd6d917d PCI: versatile: Enable COMPILE_TEST
2999dea8e94a PCI: versatile: Remove usage of PHYS_OFFSET
f9f4fdaa3509 PCI: versatile: Use pci_parse_request_of_pci_ranges()
3c65ebff8fae PCI: xilinx-nwl: Use pci_parse_request_of_pci_ranges()
ee352c272e41 PCI: xilinx: Use pci_parse_request_of_pci_ranges()
83083e241d48 PCI: xgene: Use pci_parse_request_of_pci_ranges()
e0aebfe84a2f PCI: v3-semi: Use pci_parse_request_of_pci_ranges()
62240a88004b PCI: rockchip: Drop storing driver private outbound resource data
5c1306a0fde6 PCI: rockchip: Use pci_parse_request_of_pci_ranges()
6c6a0dff0641 PCI: mobiveil: Use pci_parse_request_of_pci_ranges()
8a26f861b815 PCI: mediatek: Use pci_parse_request_of_pci_ranges()
7ef1c871da16 PCI: iproc: Use pci_parse_request_of_pci_ranges()
783a862563f7 PCI: faraday: Use pci_parse_request_of_pci_ranges()
7fe71aa84b43 PCI: dwc: Use pci_parse_request_of_pci_ranges()
e634e3e0b790 PCI: altera: Use pci_parse_request_of_pci_ranges()
4e5be6f81be7 PCI: aardvark: Use pci_parse_request_of_pci_ranges()
9415743e4c8a PCI: iproc: Invalidate PAXB address mapping before programming it
ff5c2bb9c6f5 PCI: tegra: Fix CLKREQ dependency programming
e078723f9ccc PCI: aardvark: Fix big endian support
80aed7dc6d36 PCI: mvebu: mvebu_pcie_map_registers __iomem fix
8990e381d188 PCI: mvebu: Make mvebu_pci_bridge_emul_ops static
a243bf39d8be PCI: iproc-msi: Fix __iomem annotation in decode_msi_hwirq()
1137e61dcb99 PCI: dwc: Fix find_next_bit() usage
4906c05b87d4 PCI: mobiveil: Fix csr_read()/write() build issue
4ff9f68f8378 PCI: amlogic: meson: Add support for G12A
eacaf7dcf08e PCI: amlogic: Fix probed clock names
4d3186a525b3 PCI: amlogic: Fix reset assertion via gpio descriptor
7fbcb5da811b PCI: aardvark: Don't rely on jiffies while holding spinlock
c0f05a6ab525 PCI: aardvark: Fix PCI_EXP_RTCTL register configuration
f4c7d053d7f7 PCI: aardvark: Wait for endpoint to be ready before training link
364b3f1ff8f0 PCI: aardvark: Use LTSSM state to build link training flag
c9c13ba428ef PCI: Add PCI_STD_NUM_BARS for the number of standard BARs
02dc96ef6c25 Merge git://git.kernel.org/pub/scm/linux/kernel/git/netdev/net
299d14d4c31a Merge tag 'pci-v5.4-changes' of git://git.kernel.org/pub/scm/linux/kernel/git/helgaas/pci
c5048a73b477 Merge branch 'pci/trivial'
cdc7e184abb3 Merge branch 'remotes/lorenzo/pci/vmd'
3efa7f1febe6 Merge branch 'lorenzo/pci/tegra'
4597905ee429 Merge branch 'remotes/lorenzo/pci/mobiveil'
e4faafbf5c3f Merge branch 'remotes/lorenzo/pci/misc'
8b38b5f2cf92 Merge branch 'remotes/lorenzo/pci/mediatek'
5adc7d510627 Merge branch 'remotes/lorenzo/pci/layerscape'
708824167830 Merge branch 'remotes/lorenzo/pci/imx'
a40c4b379f57 Merge branch 'remotes/lorenzo/pci/hv'
b83e445d462a Merge branch 'remotes/lorenzo/pci/dwc'
af47f25f33f7 Merge branch 'remotes/lorenzo/pci/al'
73f0c11d1132 net: qrtr: Stop rx_worker before freeing node
0a901f213080 PCI: tegra: Add support to enable slot regulators
f4ff4faf894d PCI: tegra: Add support to configure sideband pins
81160dda9a7a Merge git://git.kernel.org/pub/scm/linux/kernel/git/netdev/net-next
a572ba63298d Merge branch 'irq-core-for-linus' of git://git.kernel.org/pub/scm/linux/kernel/git/tip/tip
a1a30170138c PCI: vmd: Fix shadow offsets to reflect spec changes
e3dffa4f6c36 PCI: vmd: Fix config addressing when using bus offsets
0b24134f7888 PCI: dwc: Add validation that PCIe core is set to correct mode
a8daea947549 PCI: dwc: al: Add Amazon Annapurna Labs PCIe controller driver
aa2eaa8c272a Merge git://git.kernel.org/pub/scm/linux/kernel/git/netdev/net
a21b7f0cff19 net: qrtr: fix memort leak in qrtr_tun_write_iter
f73f8a504e27 PCI: hv: Use bytes 4 and 5 from instance ID as the PCI domain numbers
56e15a238d92 PCI: tegra: Add Tegra194 PCIe support
c1e33666c94f PCI: iproc: Propagate errors for optional PHYs
8f9e1641ba44 PCI: histb: Propagate errors for optional regulators
e7a877b2fa79 PCI: armada8x: Propagate errors for optional PHYs
2170a09fb4b0 PCI: imx6: Propagate errors for optional regulators
ddd6960087d4 PCI: exynos: Propagate errors for optional PHYs
0e3ff0ac5f71 PCI: rockchip: Propagate errors for optional regulators
55507aea5882 PCI: Remove unnecessary returns
66de33f09fd9 PCI: dwc: Return directly when num-lanes is not found
348dd93e40c1 PCI: hv: Add a Hyper-V PCI interface driver for software backchannel interface
e5d2f910cfec PCI: hv: Add a paravirtual backchannel in software
df901c85cc28 PCI: mobiveil: Fix the CPU base address setup in inbound window
5ae6393e6d41 PCI: kirin: Make structure kirin_dw_pcie_ops constant
be700103efd1 PCI: hv: Detect and fix Hyper-V PCI domain number collision
075af61c19cd PCI: imx6: Limit DBI register length
b5b24617987f PCI: layerscape: Add CONFIG_PCI_LAYERSCAPE_EP to build EP/RC separately
fd5d16531a39 PCI: layerscape: Add the bar_fixed_64bit property to the endpoint driver
07f123def73e PCI: dwc: Add support to enable CDM register check
feee519ae55c PCI: dwc: Export dw_pcie_wait_for_link() API
5b0841fa653f PCI: dwc: Add extended configuration space capability search API
7a6854f6874f PCI: dwc: Move config space capability search API
3924bc2fd1b6 PCI: dwc: Group DBI registers writes requiring unlocking
533ca1feed98 PCI: hv: Avoid use of hv_pci_dev->pci_slot after freeing it
9e38e690ace3 PCI: tegra: Fix OF node reference leak
467a3bb97432 PCI: hv: Allocate a named fwnode instead of an address-based one
0cccd42e6193 PCI: mediatek: Add controller support for MT7629
befa45fb5bdd PCI: Use devm_add_action_or_reset()
fb4da215ed92 Merge tag 'pci-v5.3-changes' of git://git.kernel.org/pub/scm/linux/kernel/git/helgaas/pci
7b4b0f6b34d8 Merge branch 'pci/trivial'
916f12e494d7 Merge branch 'remotes/lorenzo/pci/xilinx'
6bfc0c07cdb7 Merge branch 'remotes/lorenzo/pci/tegra'
757410bd97ca Merge branch 'remotes/lorenzo/pci/qcom'
3d663fc0f2b0 Merge branch 'remotes/lorenzo/pci/mobiveil'
caa98440ac53 Merge branch 'remotes/lorenzo/pci/hv'
6c90132f0e5f Merge branch 'remotes/lorenzo/pci/dwc'
8e7bc41cdcfe Merge branch 'remotes/lorenzo/pci/armada'
381ed79c8655 PCI: dwc: pci-dra7xx: Fix compilation when !CONFIG_GPIOLIB
f6b6aefee70a PCI: Fix typos and whitespace errors
8a4f9fea2697 PCI: mobiveil: Fix INTx interrupt clearing in mobiveil_pcie_isr()
526c101dde64 PCI: mobiveil: Fix infinite-loop in the INTx handling function
fe83fa7e7eac PCI: mobiveil: Move PCIe PIO enablement out of inbound window routine
4e00aca3ba0b PCI: mobiveil: Add upper 32-bit PCI base address setup in inbound window
6f7374b871d5 PCI: mobiveil: Add upper 32-bit CPU base address setup in outbound window
7717c7d7da31 PCI: mobiveil: Mask out hardcoded bits in inbound/outbound windows setup
cf22c591f93d PCI: mobiveil: Clear the control fields before updating it
4b7e2e59f0e5 PCI: mobiveil: Add configured inbound windows counter
ccd34dac2ed5 PCI: mobiveil: Fix the valid check for inbound and outbound windows
ea0f1c959fb7 PCI: mobiveil: Clean-up program_{ib/ob}_windows()
afd899d3c854 PCI: mobiveil: Remove an unnecessary return value check
e0a7e56368a4 PCI: mobiveil: Fix error return values
f97441f4c398 PCI: mobiveil: Refactor the MEM/IO outbound window initialization
91347af1c5c3 PCI: mobiveil: Make some register updates more readable
e369faf6255d PCI: mobiveil: Reformat the code for readability
cbd50b3ca396 PCI: mobiveil: Fix devfn check in mobiveil_pcie_valid_device()
6f3ab451aa5c PCI: mobiveil: Initialize Primary/Secondary/Subordinate bus numbers
284441a9662c PCI: mobiveil: Move IRQ chained handler setup out of DT parse
40af900c5f12 PCI: mobiveil: Move the link up waiting out of mobiveil_host_init()
0122af0a0824 PCI: mobiveil: Fix the Class Code field
f7fee1b42fe4 PCI: mobiveil: Use the 1st inbound window for MEM inbound transactions
f39ed3d09b34 PCI: mobiveil: Use WIN_NUM_0 explicitly for CFG outbound window
9815d3288ed0 PCI: mobiveil: Update the resource list traversal function
f99536e9d2f5 PCI: mobiveil: Fix PCI base address in MEM/IO outbound windows
a131fb6364c1 PCI: mobiveil: Remove the flag MSI_FLAG_MULTI_PCI_MSI
bcbe0d9a8d93 PCI: mobiveil: Unify register accessors
7e8ab1b268b1 PCI: imx6: Simplify Kconfig depends on
4df591b20b80 PCI: hv: Fix a use-after-free bug in hv_eject_device_work()
7be142caabc4 PCI: tegra: Enable Relaxed Ordering only for Tegra20 & Tegra30
4b16a8227907 PCI: tegra: Change link retry log level to debug
dbdcc22c845b PCI: tegra: Add support for GPIO based PERST#
ca98329d3b58 PCI: dwc: Export APIs to support .remove() implementation
7bc082d7e970 PCI: dwc: Cleanup DBI,ATU read and write APIs
9d071cade30a PCI: dwc: Add API support to de-initialize host
181fa434d051 PCI: xilinx-nwl: Fix Multi MSI data programming
2d8c7361585f PCI: tegra: Put PEX CLK & BIAS pads in DPD mode
adb2653b3d2e PCI: tegra: Add AFI_PEX2_CTRL reg offset as part of SoC struct
c894121d0142 PCI: tegra: Change PRSNT_SENSE IRQ log to debug
b5b4717ea0dd PCI: tegra: Program AFI_CACHE_BAR_{0,1}_{ST,SZ} registers only for Tegra20
eef4a3502661 PCI: tegra: Fix PLLE power down issue due to CLKREQ# signal
c23ae2aec5bc PCI: tegra: Set target speed as Gen1 before starting LTSSM
9f570b6c240e PCI: tegra: Update flow control timer frequency in Tegra210
191cd6fb5d2c PCI: tegra: Add SW fixup for RAW violations
b2634cd0d26d PCI: tegra: Increase the deskew retry time
f1178099a6e4 PCI: tegra: Enable PCIe xclk clock clamping
52db2fd89e1a PCI: tegra: Process pending DLL transactions before entering L1 or L2
92bd94f1fdde PCI: tegra: Disable AFI dynamic clock gating
7763cc24e210 PCI: tegra: Enable opportunistic UpdateFC and ACK
2513a4ee4735 PCI: tegra: Program UPHY electrical settings for Tegra210
c635a815c8c7 PCI: tegra: Advertise PCIe Advanced Error Reporting (AER) capability
538123a29aeb PCI: tegra: Add PCIe Gen2 link speed support
d1f9113faf8a PCI: tegra: Fix PCIe host power up sequence
316b9ef1ee14 PCI: tegra: Mask AFI_INTR in runtime suspend
973d7499c51c PCI: tegra: Rearrange Tegra PCIe driver functions
1056dda8a8d6 PCI: tegra: Handle failure cases in tegra_pcie_power_on()
7a28db0a251e PCI: altera: Fix configuration type based on secondary number
c369b536f8e3 PCI: armada8k: Add PHYs support
97fb5e8d9b57 treewide: Replace GPLv2 boilerplate/reference with SPDX - rule 284
64adde31c8e9 PCI: qcom: Ensure that PERST is asserted for at least 100 ms
c7ddfd3514f2 PCI: altera-msi: Allow building as module
ec15c4d0d5d2 PCI: altera: Allow building as module
67021ae0bbe9 PCI: qcom: Add QCS404 PCIe controller support
5aa180974e4d PCI: qcom: Use clk bulk API for 2.4.0 controllers
f75b6f303bd8 Merge git://git.kernel.org/pub/scm/linux/kernel/git/davem/net
ec8f24b7faaf treewide: Add SPDX license identifier - Makefile/Kconfig
7036e621455f net: qrtr: Fix message type of outgoing packets
414147d99b92 Merge tag 'pci-v5.2-changes' of git://git.kernel.org/pub/scm/linux/kernel/git/helgaas/pci
c7a1c2bbb65e Merge branch 'pci/trivial'
f2e946831625 Merge branch 'pci/iova-dma-ranges'
ee6df38da848 Merge branch 'remotes/lorenzo/pci/misc'
ed0eaf320571 Merge branch 'remotes/lorenzo/pci/xilinx'
cdf4315502a5 Merge branch 'remotes/lorenzo/pci/tegra'
673525c5c2da Merge branch 'remotes/lorenzo/pci/rockchip'
bac9789e535a Merge branch 'remotes/lorenzo/pci/rcar'
fb8a85fabdc8 Merge branch 'remotes/lorenzo/pci/mediatek'
0b8439d37482 Merge branch 'remotes/lorenzo/pci/keystone'
b138f67d7bad Merge branch 'remotes/lorenzo/pci/iproc'
5349abcf8e5f Merge branch 'remotes/lorenzo/pci/imx'
29fa3bbd6c20 Merge branch 'pci/dwc'
4014eb8b6117 Merge branch 'remotes/lorenzo/pci/controller-fixes'
83d82352827a Merge branch 'pci/host/al'
8f5e24514cbd net: qrtr: use protocol endiannes variable
80f232121b69 Merge git://git.kernel.org/pub/scm/linux/kernel/git/davem/net-next
1b8df7aa7874 PCI: imx6: Allow asynchronous probing
fe23274f72f4 PCI: dwc: Save root bus for driver remove hooks
e6fdd3bf5aec PCI: dwc: Use devm_pci_alloc_host_bridge() to simplify code
9e2b5de5604a PCI: dwc: Free MSI in dw_pcie_host_init() error path
dc69a3d56794 PCI: dwc: Free MSI IRQ page in dw_pcie_free_msi()
3ebc269c197e PCI: dwc: Fix dw_pcie_free_msi() if msi_irq is invalid
322f03436692 PCI: qcom: Use default config space read function
90199c951bd2 PCI: iproc: Add sorted dma ranges resource entries to host bridge
6b7330303a81 PCI: designware-ep: Use aligned ATU window for raising MSI interrupts
fc9a77040b04 PCI: designware-ep: Configure Resizable BAR cap to advertise the smallest size
23284ad677a9 PCI: keystone: Add support for PCIe EP in AM654x Platforms
87cb312777b5 PCI: imx6: Use usleep_range() in imx6_pcie_enable_ref_clk()
76d6dc26331d PCI: imx6: Use flags to indicate support for suspend
37d5d32ae091 PCI: imx6: Restrict PHY register data to 16-bit
c2c708bc1dbf PCI: imx6: Simplify pcie_phy_poll_ack()
3ca4133253a7 PCI: imx6: Simplify bit operations in PHY functions
276c76d7a15a PCI: imx6: Make use of BIT() in constant definitions
60ef4b072ba0 PCI: dwc: imx6: Share PHY debug register definitions
680728e4cbee PCI: imx6: Remove PCIE_PL_PFLR_* constants
c377690cffaf PCI: imx6: Return -ETIMEOUT from imx6_pcie_wait_for_speed_change()
ee6f37175b3f PCI: imx6: Drop imx6_pcie_wait_for_link()
9e303be2e5d0 PCI: imx6: Simplify imx7d_pcie_wait_for_phy_pll_lock()
8cff995405eb PCI: iproc: Enable iProc config read for PAXBv2
8cb081746c03 netlink: make validation more configurable for future strictness
4166bfe53093 PCI: al: Add Amazon Annapurna Labs PCIe host controller driver
15854edd193a x86/pci: Clean up usage of X86_DEV_DMA_OPS
c7cbdbf29f48 net: rework SIOCGSTAMP ioctl handling
21e2079fe493 PCI: tegra: Use the DMA-API to get the MSI address
ddf567e3d994 PCI: dwc: Add callbacks for accessing dbi2 address space
421db1ab287e PCI: dwc: Fix dw_pcie_ep_find_capability() to return correct capability offset
626961dd6d32 PCI: dwc: Add const qualifier to struct dw_pcie_ep_ops
fbb2de891cc4 PCI: keystone: Add support to set the max link speed from DT
b22af42b3e57 PCI: keystone: Invoke phy_reset() API before enabling PHY
18b0415bc802 PCI: keystone: Add support for PCIe RC in AM654x Platforms
f316a2b53cd7 PCI: keystone: Prevent ARM32 specific code to be compiled for ARM64
2aadcb0cd391 PCI: dwc: Fix ATU identification for designware version >= 4.80
a9f4c2d2f99e PCI: dwc: Enable iATU unroll for endpoint too
156c6fef75a4 PCI: keystone: Explicitly set the PCIe mode
b1dee41b7692 PCI: keystone: Move resources initialization to prepare for EP support
c577f4a5a08b PCI: rockchip: Fix rockchip_pcie_ep_assert_intx() bitwise operations
74356addc0b3 PCI: Fix comment typos
2341ab4fd5d7 PCI: keystone: Use platform_get_resource_byname() to get memory resources
f3560a9f88ae PCI: keystone: Perform host initialization in a single function
0790eb175ee0 PCI: keystone: Cleanup error_irq configuration
9afb20d600da PCI: keystone: Add start_link()/stop_link() dw_pcie_ops
6be22343cc54 PCI: mediatek: Get optional clocks with devm_clk_get_optional()
fd8a44bd5b76 PCI: dwc: Remove default MSI initialization for platform specific MSI chips
dad5258999e9 PCI: dwc: Remove Keystone specific dw_pcie_host_ops
117c3b60bd53 PCI: keystone: Use Keystone specific msi_irq_chip
9f67437b3a08 PCI: dwc: Add support to use non default msi_irq_chip
66c10eca5952 PCI: keystone: Cleanup ks_pcie_msi_irq_handler()
f6f2900ca9b7 PCI: keystone: Use hwirq to get the MSI IRQ number offset
1146c2953dcb PCI: keystone: Add separate functions for configuring MSI and legacy interrupt
1beb55126937 PCI: keystone: Cleanup interrupt related macros
a27beb5820d1 PCI: rcar: Do not shadow the 'irq' variable
f0d14edd2ba4 PCI: rcar: Fix a potential NULL pointer dereference
954b4b752a4c PCI: rcar: Fix 64bit MSI message address handling
42a58f73e9ea PCI: rcar: Clean up debug messages
29ffa6db4043 PCI: rcar: Replace (8 * n) with (BITS_PER_BYTE * n)
d8fa26609b91 PCI: rcar: Replace various variable types with unsigned ones for register values
7dc13a7939e0 PCI: rcar: Replace unsigned long with u32/unsigned int in register accessors
b2c615457b28 PCI: rcar: Clean up remaining macros defining bits
ea2df11f7221 PCI: iproc: Allow outbound configuration for 32-bit I/O region
73b9e4d3309c PCI: iproc: Add CRS check in config read
ff7a5a0a8562 PCI: mediatek: Fix a leaked reference by adding missing of_node_put()
8956388d3670 PCI: iproc: Fix a leaked reference by adding missing of_node_put()
3842f5166bf1 PCI: aardvark: Fix a leaked reference by adding missing of_node_put()
69adea738eb2 PCI: rockchip: Fix a leaked reference by adding missing of_node_put()
b35c0e454394 PCI: dwc: layerscape: Fix a leaked reference by adding missing of_node_put()
e12bfa013c09 PCI: uniphier: Fix a leaked reference by adding missing of_node_put()
91e0a58e663f PCI: dwc: pci-dra7xx: Fix a leaked reference by adding missing of_node_put()
699ca3016268 PCI: xilinx: Check for __get_free_pages() failure
340d45569940 PCI: hv: Add pci_destroy_slot() in pci_devices_present_work(), if necessary
15becc2b56c6 PCI: hv: Add hv_pci_remove_slots() when we unload the driver
05f151a73ec2 PCI: hv: Fix a memory leak in hv_eject_device_work()
be20bbcb0a8c PCI: rcar: Add the initialization of PCIe link in resume_noirq()
fc2786545395 PCI/MSI: Remove unused mask_msi_irq() and unmask_msi_irq()
2901752c14b8 Merge tag 'pci-v5.1-changes' of git://git.kernel.org/pub/scm/linux/kernel/git/helgaas/pci
dd92b6677e3d Merge branch 'remotes/lorenzo/pci/vmd'
5b90fc562cbc Merge branch 'remotes/lorenzo/pci/misc'
d00aaa88c33a Merge branch 'remotes/lorenzo/pci/mediatek'
a8e04a7a7f54 Merge branch 'remotes/lorenzo/pci/hv'
7e5b22ddb2d4 Merge branch 'remotes/lorenzo/pci/endpoint'
2506419e06d4 Merge branch 'remotes/lorenzo/pci/dwc'
98fa15f34cb3 mm: replace all open encodings for NUMA_NO_NODE
5fd831cd1677 PCI: altera: Enable driver on ARM64
49fdbd7cfece PCI: altera: Add Stratix 10 PCIe support
d3b34d048b7c PCI: aardvark: Make symbol 'advk_pci_bridge_emul_ops' static
3afc8299f39a PCI: dwc: skip MSI init if MSIs have been explicitly disabled
c8ccf7599dda PCI: hv: Refactor hv_irq_unmask() to use cpumask_to_vpset()
9bc1174280dd PCI: hv: Replace hv_vp_set with hv_vpset
6ae91579061c PCI: hv: Add __aligned(8) to struct retarget_msi_interrupt
cbe3a7728c7a PCI: mediatek: Enlarge PCIe2AHB window size to support 4GB DRAM
c61df57343bf PCI: mediatek: Fix memory mapped IO range size computation
44ddb77b2fdc PCI: dwc: Remove superfluous shifting in definitions
a991f748962d PCI: dwc: Make use of GENMASK/FIELD_PREP
0e11faa48b07 PCI: dwc: Make use of BIT() in constant definitions
689e349a1a6c PCI: dwc: Share code for dw_pcie_rd/wr_other_conf()
4f8bbd2f8e7c PCI: dwc: Make use of IS_ALIGNED()
5278f65107b1 PCI: imx6: Add code to request/control "pcie_aux" clock for i.MX8MQ
02b485e31d98 PCI: qcom: Don't deassert reset GPIO during probe
33776d059630 PCI: pci-bridge-emul: Extend pci_bridge_emul_init() with flags
a805770d8a22 PCI: layerscape: Add EP mode support
92f2b028418c PCI: designware-plat: Remove setting epc->features in Designware plat EP driver
f1267978457e PCI: rockchip: Remove pci_epf_linkup() from Rockchip EP driver
c274c9f4ea75 PCI: cadence: Remove pci_epf_linkup() from Cadence EP driver
67c777e6015d PCI: cadence: Populate ->get_features() cdns_pcie_epc_ops
146221768c74 PCI: rockchip: Populate ->get_features() dw_pcie_ep_ops
4894467e7861 PCI: pci-dra7xx: Populate ->get_features() dw_pcie_ep_ops
3b4322e589a6 PCI: designware-plat: Populate ->get_features() dw_pcie_ep_ops
fee35cb76a54 PCI: dwc: Add ->get_features() callback function to dw_pcie_ep_ops
1df82ec46600 PCI: imx: Add workaround for e10728, IMX7d PCIe PLL failure
0380cf843c54 PCI: dwc: Print debug error message when MSI-X entry control mask bit is set
2d8ed461dbc9 PCI: imx6: Add support for i.MX8MQ
4c458bb347ae PCI: imx6: Convert DIRECT_SPEED_CHANGE quirk code to use a flag
2f532d07f0cc PCI: imx6: Mark PHY functions as i.MX6 specific
e8e4d4e95701 PCI: imx6: Introduce drvdata
657722570a55 PCI: dwc: Replace bit rotation operation (1 << bit) with BIT(bit)
a348d015f0de PCI: dwc: Improve code readability and simplify mask/unmask operations
4cfae0f1f8ce PCI: dwc: Rename variable name from data to d on dw_pcie_irq_domain_free()
fd5288a362ab PCI: dwc: Rename variable name from data to d on dw_pci_msi_set_affinity()
59ea68b3f172 PCI: dwc: Rename variable name from data to d on dw_pci_setup_msi_msg()
40e9892ef94c PCI: dwc: Rename variable name from data to d on dw_pci_bottom_mask/unmask()
3630c4aaae21 PCI: dwc: Remove unnecessary header include (signal.h)
12de16ae0d6c PCI: dwc: Remove unnecessary header include (of_gpio.h)
44e56f325b7d Merge tag 'pci-v5.0-fixes-3' of git://git.kernel.org/pub/scm/linux/kernel/git/helgaas/pci
f14bcc0add3a Revert "PCI: armada8k: Add support for gpio controlled reset signal"
a4ace4fa2007 PCI: imx: Fix checking pd_pcie_phy device link addition
a6093ad7fc49 PCI: imx: Fix probe failure without power domain
65c839a134e6 PCI: dwc: dra7xx: Invoke phy_set_mode() API to set PHY mode to PHY_MODE_PCIE
c232c0df9610 PCI: dwc: dra7xx: Enable x2 mode support for dra74x, dra76x and dra72x
0294951030eb PCI/VMD: Configure MPS settings before adding devices
66c56cfa64d9 Merge tag 'remove-dma_zalloc_coherent-5.0' of git://git.infradead.org/users/hch/dma-mapping
a3869d43c980 PCI: amlogic: Fix build failure due to missing gpio header
750afb08ca71 cross-tree: phase out dma_zalloc_coherent()
926b02d3eb54 Merge tag 'pci-v4.21-changes' of git://git.kernel.org/pub/scm/linux/kernel/git/helgaas/pci
72199051af62 Merge branch 'pci/imx6'
cdf4f4dc118b Merge branch 'remotes/lorenzo/pci/uniphier'
c266b026ae7a Merge branch 'remotes/lorenzo/pci/mediatek'
c8778707c23a Merge branch 'remotes/lorenzo/pci/dwc-msi'
6a790bf0eac4 Merge branch 'remotes/lorenzo/pci/dwc'
75cb8d20c112 PCI: imx: Enable MSI from downstream components
af7ddd8a627c Merge tag 'dma-mapping-4.21' of git://git.infradead.org/users/hch/dma-mapping
7e6d5cd88a6f PCI: uniphier: Add UniPhier PCIe host controller support
9c0ef6d34fdb PCI: amlogic: Add the Amlogic Meson PCIe controller driver
7b96dc91be5e PCI: mediatek: Remove un-used variant in struct mtk_pcie_port
6d6b05e3d533 PCI: dwc: Don't hard-code DBI/ATU offset
9e56f0df3684 PCI: imx: Add imx6sx suspend/resume support
3d71746c420c PCI: armada8k: Add support for gpio controlled reset signal
a3ed1446520e PCI: dwc: Adjust Kconfig to allow IMX6 PCIe host on IMX7
edfd39f0a417 PCI: dwc: layerscape: Constify driver data
3f7cceeab895 PCI: imx: Add multi-pd support
190d4e5916a2 vmd: use the proper dma_* APIs instead of direct methods calls
3f7bb2ec20ce PCI: dwc: Move interrupt acking into the proper callback
fce5423e4f43 PCI: dwc: Take lock when ACKing an interrupt
830920e065e9 PCI: dwc: Use interrupt masking instead of disabling
68c9ac1d1fd5 dma-mapping: remove the mapping_error dma_map_ops method
0c0f2f93e708 PCI: mediatek: Use devm_of_pci_get_host_bridge_resources() to parse DT
15cb127e3c8f PCI: dwc: Fix MSI-X EP framework address calculation bug
c6fd6fe9dea4 PCI: layerscape: Fix wrong invocation of outbound window disable accessor
68bc10bf9921 PCI: imx6: Fix link training status detection in link up check
b69f4abc125f PCI: histb: Constify dw_pcie_host_ops structure
bd6bf7c10484 Merge tag 'pci-v4.20-changes' of git://git.kernel.org/pub/scm/linux/kernel/git/helgaas/pci
cff229491af5 Merge tag 'dma-mapping-4.20' of git://git.infradead.org/users/hch/dma-mapping
7e4e95897663 Merge branch 'remotes/lorenzo/pci/vmd'
4dd4d9963677 Merge branch 'remotes/lorenzo/pci/mediatek'
fc23af0cb1ef Merge branch 'remotes/lorenzo/pci/keystone'
deab1f261cd3 Merge branch 'remotes/lorenzo/pci/iproc'
525fde075039 Merge branch 'remotes/lorenzo/pci/dwc'
b7c18dc06ad1 Merge branch 'remotes/lorenzo/pci/controller-misc'
8a3ebd8de328 PCI: aardvark: Implement emulated root PCI bridge config space
1f08673eef12 PCI: mvebu: Convert to PCI emulated bridge config space
eae6aaf8488e PCI: mvebu: Drop unused PCI express capability code
dc8af3a827df PCI: vmd: Detach resources after stopping root bus
031337ace2d1 PCI: mediatek: Add loadable kernel module support
97d2932fee4b PCI: mediatek: Add system PM support for MT2712 and MT7622
3828d60fd2ef PCI: mediatek: Fixup MSI enablement logic by enabling MSI before clocks
57cb3152b360 PCI: mediatek: Convert to use pci_host_probe()
88c0e230bb4a PCI: mediatek: Remove the redundant dev->pm_domain check
261de72f0169 PCI: keystone: Cleanup macros defined in pci-keystone.c
c0b8558648c2 PCI: keystone: Reorder header file in alphabetical order
daaaa665ca01 PCI: keystone: Add debug error message for all errors
0523cdc6e775 PCI: keystone: Use ERR_IRQ_STATUS instead of ERR_IRQ_STATUS_RAW to get interrupt status
23fe5bd4be90 PCI: keystone: Cleanup ks_pcie_link_up()
f9127db9fbad PCI: keystone: Cleanup set_dbi_mode() and get_dbi_mode()
e75043ad9792 PCI: keystone: Cleanup outbound window configuration
b4f1af8352fd PCI: keystone: Get number of outbound windows from DT
44c747af2be7 PCI: keystone: Cleanup configuration space access
8047eb55129a PCI: keystone: Invoke runtime PM APIs to enable clock
49229238ab47 PCI: keystone: Cleanup PHY handling
b51a625b784a PCI: keystone: Use SYSCON APIs to get device ID from control module
a1cabd2b42fd PCI: keystone: Use uniform function naming convention
c81ab8013672 PCI: keystone: Remove redundant platform_set_drvdata() invocation
b492aca35c98 PCI: keystone: Merge pci-keystone-dw.c and pci-keystone.c
1f79f98f0575 PCI: keystone: Remove unused argument from ks_dw_pcie_host_init()
2433a182ad9c PCI: keystone: Do not initiate link training multiple times
1e10f73e4cb0 PCI: keystone: Move dw_pcie_setup_rc() out of ks_pcie_establish_link()
00a2c4094f8e PCI: keystone: Use quirk to set MRRS for PCI host bridge
148e340c0696 PCI: keystone: Use quirk to limit MRRS for K2G
a7f172ab6a8e PCI: mediatek: Fix class type for MT7622 to PCI_CLASS_BRIDGE_PCI
074d6f32689c PCI: mediatek: Fix mtk_pcie_find_port() endpoint/port matching logic
e81e36a96bb5 PCI: cadence: Write MSI data with 32bits
0652d4b6b56f PCI: cadence: Use AXI region 0 to signal interrupts from EP
834d3cd294ab Merge tag 'alloc-args-v4.19-rc8' of https://git.kernel.org/pub/scm/linux/kernel/git/kees/linux
329e09893909 treewide: Replace more open-coded allocation size multiplications
5943a9bbbb98 Merge tag 'pci-v4.19-fixes-3' of ssh://gitolite.kernel.org/pub/scm/linux/kernel/git/helgaas/pci
f4e833ba2a95 PCI: imx: Add PME_Turn_Off support
95375f2ab296 PCI: mvebu: Fix PCI I/O mapping creation sequence
6870b6735097 PCI: kirin: Fix section mismatch warning
c6d4381220a0 dma-mapping: make the get_required_mask method available unconditionally
278e59a00741 Merge tag 'pci-v4.19-fixes-2' of ssh://gitolite.kernel.org/pub/scm/linux/kernel/git/helgaas/pci
aa77e55d4812 PCI: cadence: Correct probe behaviour when failing to get PHY
726d75a6d243 PCI: dwc: pci-dra7xx: Enable errata i870 for both EP and RC mode
de17c5200237 PCI: Remove unnecessary check of device_type == pci
54be5b8ce33f PCI: hv: Fix return value check in hv_pci_assign_slots()
9024143e700f PCI: dwc: Fix scheduling while atomic issues
17a0a1e5f6c4 PCI: mediatek: Fix unchecked return value
6e5da6f7d824 PCI: qcom: Fix error handling in runtime PM support
0ee2c1f2429f PCI: imx: Initial imx7d pm support
f18f42d7497d PCI: imx6: Support MPLL reconfiguration for 100MHz and 200MHz refclock
4da6b4480766 PCI: iproc: Remove PAXC slot check to allow VF support
a15f2c08c708 PCI: hv: support reporting serial number as slot information
4e31843f681c Merge tag 'pci-v4.19-changes' of git://git.kernel.org/pub/scm/linux/kernel/git/helgaas/pci
fa687fb9ced4 Merge branch 'remotes/lorenzo/pci/vmd'
323fc7509a2a Merge branch 'remotes/lorenzo/pci/mvebu'
732c47019de9 Merge branch 'remotes/lorenzo/pci/mobiveil'
0ea77d2b209a Merge branch 'remotes/lorenzo/pci/iproc'
1974704eadb2 Merge branch 'remotes/lorenzo/pci/hv'
0c38011aba35 Merge branch 'remotes/lorenzo/pci/dwc'
37f0e311bca6 Merge branch 'remotes/lorenzo/pci/cadence'
ce342a1aa8c6 Merge branch 'remotes/lorenzo/pci/aardvark'
0d56768651fc Merge branch 'remotes/lorenzo/pci/controller/misc'
958f338e96f8 Merge branch 'l1tf-final' of git://git.kernel.org/pub/scm/linux/kernel/git/tip/tip
f23d0d449c16 PCI: mvebu: Drop bogus comment above mvebu_pcie_map_registers()
42342073e38b PCI: mvebu: Convert to use pci_host_bridge directly
5a553d6ba103 PCI: mvebu: Use resource_size() to remap I/O space
ee1604381a37 PCI: mvebu: Only remap I/O space if configured
dfd0309fd7b3 PCI: mvebu: Fix I/O space end address calculation
6554f9501915 PCI: mvebu: Remove redundant platform_set_drvdata() call
34dbc9c6584d PCI/xilinx: Depend on OF instead of the ARCH
f2701b77bbd9 Merge 4.18-rc7 into master to pick up the KVM dependcy
447ae3166702 x86: Don't include linux/irq.h from asm/hardirq.h
ef46808b79eb Merge tag 'pci-v4.18-fixes-5' of git://git.kernel.org/pub/scm/linux/kernel/git/helgaas/pci
6f2c73c124b1 PCI: mobiveil: Add Kconfig/Makefile entries
d3743012230f PCI: mobiveil: Add missing ../pci.h include
af3f606e0bbb PCI: mobiveil: Fix struct mobiveil_pcie.pcie_reg_base address type
a54e43f993f8 PCI: mobiveil: Avoid integer overflow in IB_WIN_SIZE
014562071c96 PCI: mobiveil: Integer overflow in IB_WIN_SIZE
fb7d1bcf1602 Merge tag 'pci-v4.18-fixes-3' of git://git.kernel.org/pub/scm/linux/kernel/git/helgaas/pci
c2e00e31087e pci-epf-test/pci_endpoint_test: Add MSI-X support
cb22d40b5f2b PCI: dwc: Add legacy interrupt callback handler
3920a5d7b24d PCI: dwc: Rework MSI callbacks handler
beb4641a787d PCI: dwc: Add MSI-X callbacks handler
d3c70a98d7d6 PCI: Update xxx_pcie_ep_raise_irq() and pci_epc_raise_irq() signatures
4e965ede1856 PCI: dwc: Fix EP link notification implementation
024ddc0ce104 Merge git://git.kernel.org/pub/scm/linux/kernel/git/davem/net
270ed733e689 PCI: v3-semi: Fix I/O space page leak
438477b9a089 PCI: mediatek: Fix I/O space page leak
e30609454b39 PCI: faraday: Fix I/O space page leak
1df3e5b3feeb PCI: aardvark: Fix I/O space page leak
fd07f5e19c6f PCI: designware: Fix I/O space page leak
0018b265adf7 PCI: versatile: Fix I/O space page leak
925652d03589 PCI: xgene: Fix I/O space page leak
eb1e39f784e8 PCI: pcie-cadence-ep: Remove redundant variable mmc
53dd0c51f16b PCI: spear13xx: Drop unnecessary root_bus_nr setting
739cd35918b7 PCI: qcom: Drop unnecessary root_bus_nr setting
73fb9924d26b PCI: histb: Drop unnecessary root_bus_nr setting
3513f81816ef PCI: designware-plat: Drop unnecessary root_bus_nr setting
84b88219553a PCI: artpec6: Drop unnecessary root_bus_nr setting
53b801fd020d PCI: armada8k: Drop unnecessary root_bus_nr setting
8519bc8fe88f PCI: keystone: Drop unnecessary root_bus_nr setting
39f712e989c5 PCI: imx6: Drop unnecessary root_bus_nr setting
a0476b3a678b PCI: exynos: Drop unnecessary root_bus_nr setting
0043d4ae812e PCI: iproc: Reduce inbound/outbound mapping print level
f78e60a29d4f PCI: iproc: Reject unconfigured physical functions from PAXC
1e5748c27ad6 PCI: iproc: Disable MSI parsing in certain PAXC blocks
3bc70825e436 PCI: iproc: Fix up corrupted PAXC root complex config registers
0ae7383e83c6 PCI: cadence: Add shutdown callback to host driver
ee12c9efe685 PCI: cadence: Add Power Management ops for host and EP
141cb3d4ee52 PCI: kirin: Add MSI support
dfb80534692d PCI: cadence: Add generic PHY support to host and EP drivers
7e37dc1db594 PCI: cadence: Update cdns_pcie_writel() function signature
35a88a18d7ea PCI: hv: Disable/enable IRQs rather than BH in hv_compose_msi_msg()
8979319f2d36 Merge tag 'pci-v4.18-fixes-2' of git://git.kernel.org/pub/scm/linux/kernel/git/helgaas/pci
c8e144f8ab00 PCI: aardvark: Convert to use pci_host_probe()
91a2968e245d PCI: aardvark: Size bridges before resources allocation
d27e77a3de28 net: qrtr: Reset the node and port ID of broadcast messages
fdf5fd397566 net: qrtr: Broadcast messages only from control port
3dc6ddfedc28 PCI: faraday: Add missing of_node_put()
342639d996f1 PCI: xilinx-nwl: Add missing of_node_put()
8c3f9bd851a4 PCI: xilinx: Add missing of_node_put()
9bc5f0833a55 PCI: controller: dwc: Do not let PCIE_DW_PLAT_HOST default to yes
3c5777c372b6 PCI: rcar: Clean up PHY init on failure
4050360f9646 PCI: rcar: Shut the PHY down in failpath
7403bd14d7b5 PCI: hv: Replace GFP_ATOMIC with GFP_KERNEL in new_pcichild_device()
cd993fc4316d Merge tag 'pci-v4.18-fixes-1' of git://git.kernel.org/pub/scm/linux/kernel/git/helgaas/pci
a11e1d432b51 Revert changes to convert to ->poll_mask() and aio IOCB_CMD_POLL
a7f58b9ecfd3 PCI: vmd: White list for fast interrupt handlers
6df6ba974a55 PCI: aardvark: Remove PCIe outbound window configuration
248d4e59616c PCI: aardvark: Introduce an advk_pcie_valid_device() helper
925d31668d5b PCI: controller: Move PCI_DOMAINS selection to arch Kconfig
b08fc5277aaa Merge tag 'overflow-v4.18-rc1-part2' of git://git.kernel.org/pub/scm/linux/kernel/git/kees/linux
6e0832fa432e PCI: Collect all native drivers under drivers/pci/controller/
1c8c5a9d38f6 Merge git://git.kernel.org/pub/scm/linux/kernel/git/davem/net-next
db5051ead64a net: convert datagram_poll users tp ->poll_mask
28fb4e59a47d net: qrtr: Expose tunneling endpoint to user space
77ac725e0c5b net: qrtr: add MODULE_ALIAS_NETPROTO macro
0f3e9c97eb5a Merge git://git.kernel.org/pub/scm/linux/kernel/git/davem/net
c77f5fbbefc0 qrtr: add MODULE_ALIAS macro to smd
9b2c45d479d0 net: make getname() functions return length rather than use int* parameter
c1c502b51150 net: use rtnl_register_module where needed
4dc6758d7824 Merge git://git.kernel.org/pub/scm/linux/kernel/git/davem/net
b7e732fa3171 qrtr: Move to postcore_initcall
2a171788ba7b Merge git://git.kernel.org/pub/scm/linux/kernel/git/davem/net
b24413180f56 License cleanup: add SPDX GPL-2.0 license identifier to files with no license
194ccc88297a net: qrtr: Support decoding incoming v2 packets
f507a9b6e63b net: qrtr: Use sk_buff->cb in receive path
1a7959c76641 net: qrtr: Clean up control packet handling
e7044482c8ac net: qrtr: Pass source and destination to enqueue functions
da7653f0faab net: qrtr: Add control packet definition to uapi
28978713c51b net: qrtr: Move constants to header file
ae85bfa87821 net: qrtr: Invoke sk_error_report() after setting sk_err
b97bac64a589 rtnetlink: make rtnl_register accept a flags parameter
4df864c1d9af networking: make skb_put & friends return void pointers
59ae1d127ac0 networking: introduce and use skb_put_data()
b080db585384 networking: convert many more places to skb_put_zero()
b24844b1b537 net: qrtr: Inform open sockets about new controller
1784473b2425 net: qrtr: Broadcast DEL_CLIENT message when endpoint is closed
8acc8ee465e6 net: qrtr: Inject BYE on remote termination
64f9eca06415 net: qrtr: Refactor packet allocation
fb796707d7a6 Merge git://git.kernel.org/pub/scm/linux/kernel/git/davem/net
6f60f438108c net: qrtr: potential use after free in qrtr_sendmsg()
c21ef3e343ae net: rtnetlink: plumb extended ack to doit function
fceb6435e852 netlink: pass extended ACK struct to parsing functions
5052de8deff5 soc: qcom: smd: Transition client drivers from smd to rpmsg
3512a1ad5617 net: qrtr: Mark 'buf' as little endian
08a6ee580771 Merge tag 'net-next-qcom-soc-4.7-2-merge' of git://github.com/andersson/kernel
a986a05de95b net: qrtr: fix build problems
f79a917e69e1 Merge tag 'qcom-soc-for-4.7-2' into net-next
bdabad3e363d net: Add Qualcomm IPC router

=== 18. CURRENT 7.3-SALAMI COMMITS TOUCHING ATH12K/MHI/QRTR ===
1f67f2a0258f ath12k: Force Single Chip MLO support to fix firmware boot Booting new firmwares like "WLAN.HMT.1.1.c2-00259-QCAHMTSWPL_V1.0_V2.0_SILICONZ-1" is broken since https://github.com/torvalds/linux/commit/46d16f7e1d1413ad7ff99c1334d8874623717745 commit, so force enable single chip MLO like it was before.
88d4a3beb3e0 ath12k: Generate random mac address if mac in eeprom is empty.
8703de46bcde ath12k: Disable rfkill pin for now Fixes wifi hard block issue on Pad 6S Pro.
6a5719cc3ef2 net: qrtr: resend HELLO on MHI resume
ef31d04b6d8a Merge tag 'pci-v7.3-fixes-1' of git://git.kernel.org/pub/scm/linux/kernel/git/pci/pci
c9dc7d730319 PCI: imx6: Move clock enable after core reset assertion
fefaac1176bf Merge tag 'wireless-2026-09-16' of https://git.kernel.org/pub/scm/linux/kernel/git/wireless/wireless
ce9d5197d651 wifi: ath12k: ahb: Revert undocumented ABI and dead code
3a2c4d55e32a treewide: refresh kmalloc_obj() conversions
544d85de4dc2 net: qrtr: Send HELLO message on endpoint register
5e6ff28676dd Merge tag 'hyperv-next-signed-20260826' of git://git.kernel.org/pub/scm/linux/kernel/git/hyperv/linux
93e4b3076b5f Merge tag 'char-misc-7.3-rc1' of git://git.kernel.org/pub/scm/linux/kernel/git/gregkh/char-misc
86bdd16e8f39 PCI: hv: Set irq_retrigger callback for the Hyper-V PCI MSI irqchip
570f7e331f5f Merge tag 'pci-v7.3-changes' of git://git.kernel.org/pub/scm/linux/kernel/git/pci/pci
9324becc398a Merge branch 'pci/misc'
70cbec6fec2c Merge branch 'pci/controller/misc'
25a22c9078d2 Merge branch 'pci/controller/xgene'
e0aba454f87a Merge branch 'pci/controller/vmd'
b130a2caf5d3 Merge branch 'pci/controller/tegra264'
003bb33da95b Merge branch 'pci/controller/rzg3s-host'
707ba6063c47 Merge branch 'pci/controller/mediatek'
2d022e66d5d9 Merge branch 'pci/controller/plda-starfive'
e6859eee417d Merge branch 'pci/controller/plda-host'
3d3fce943508 Merge branch 'pci/controller/dwc-ultrarisc'
2a66fae91e35 Merge branch 'pci/controller/dwc-spacemit-k1'
45b3d1baf4d6 Merge branch 'pci/controller/dwc-rcar-gen4'
157936259499 Merge branch 'pci/controller/dwc-qcom'
9bb52aa1972d Merge branch 'pci/controller/dwc-meson'
ab345fad8f7f Merge branch 'pci/controller/dwc-keystone'
3e01ebb61957 Merge branch 'pci/controller/dwc-imx6'
71aabbe6d49b Merge branch 'pci/controller/dwc'
4bba1f93069e Merge branch 'pci/controller/cadence'
1ef0f8a7f084 Merge branch 'pci/controller/aspeed'
c4afb0b2d334 Merge branch 'pci/controller/host-generic'
55aa45154fe4 PCI: vmd: Add Nova Lake (NVL) and Dunlow (DNL) Device IDs
01c3c27a0ef6 PCI: tegra264: Add Tegra264 support
c1366b72ad4e PCI: dwc: Handle return value from endpoint .pre_init callback
face36545741 PCI: dwc: Handle return value from endpoint .init callback
22a415e623e9 PCI: ultrarisc: Use module_platform_driver()
e152c295d32a PCI: ultrarisc: Get and enable DP1000 PCIe controller clocks
70200b99a36e Merge tag 'mhi-for-v7.3' of ssh://gitolite.kernel.org/pub/scm/linux/kernel/git/mani/mhi into char-misc-next
4fa4977a0d90 Merge tag 'wireless-next-2026-08-06' of https://git.kernel.org/pub/scm/linux/kernel/git/wireless/wireless-next
1962afd21159 Merge git://git.kernel.org/pub/scm/linux/kernel/git/netdev/net
315f4bd234b3 Merge tag 'net-7.2-rc7' of git://git.kernel.org/pub/scm/linux/kernel/git/netdev/net
79752653c136 PCI: cadence: Fix host/endpoint dependencies for cadence-plat driver
7fc1c937b6b3 net: qrtr: ns: Raise lookup limit to 128
0307efd32f29 Merge tag 'ath-next-20260803' of git://git.kernel.org/pub/scm/linux/kernel/git/ath/ath
b376b3ff9cb0 PCI: dw-rockchip: Implement .reset_root_port() and use for link down
4d88cb82a6d9 PCI: qcom: Implement .reset_root_port() and use for link down
9de09b807a19 PCI: dwc: ep: Fix unmap potentially unmapping the wrong iATU
1b01d725d8b4 PCI: dwc: ep: Flush cached MSI write before unmapping the iATU
3a006d09a21d Merge tag 'rtw-next-2026-08-02' of https://github.com/pkshih/rtw
1e33f8acd837 wifi: ath12k: fix encrypted EAPOL TX in encap offload mode
ce3294cef61c PCI: Use %pe format specifier to print error pointers
4c99bace4f4e PCI: host-common: Add link down handling for Root Ports
596254ecc5b7 Merge tag 'pci-v7.2-fixes-1' of git://git.kernel.org/pub/scm/linux/kernel/git/pci/pci
65ccb2203ef8 PCI: qcom: Clear Attention Button Present in Slot Capabilities
5c458073553f Merge git://git.kernel.org/pub/scm/linux/kernel/git/netdev/net
36637958726a PCI: dwc: ep: Clear MSI iATU mapping in dw_pcie_ep_cleanup()
4c6eb712a91f wifi: ath12k: fix stride mismatch in mac_phy_caps_parse()
5993e10b82a4 bus: mhi: ep: Flush async transfers before notifying disconnect in mhi_ep_abort_transfer()
7cc5ddce0a62 bus: mhi: ep: Add mhi_cntrl->flush_async() callback to flush the async read/write
0d5b9e66591d bus: mhi: host: Fix controller cleanup on EDL sysfs failure
5fe63c1bba57 bus: mhi: pci_generic: Add SAHARA channel support for Foxconn products
0936a8780ec2 bus: mhi: host: pci_generic: Set 'mhi_cntrl->no_m3' flag
753aa72545ce bus: mhi: host: Add support for devices with no M3 state
24f4423cbc89 bus: mhi: host: Flush the posted write after writing to MHI_SOC_RESET_REQ_OFFSET
aaae91799062 PCI: starfive: Fix unchecked pm_runtime_get_sync() in probe
fb9f7973473f PCI: starfive: Fix Runtime PM handling and teardown ordering
19a30bbb6477 PCI: plda: Fix IRQ domain leaks in the error paths of plda_init_interrupts()
26b73bae01d6 PCI: plda: Fix use-after-free of event IRQs during teardown
c6ab3b1dfa3e wifi: ath12k: Share RootPD state across UserPDs to avoid duplicate operations
96f46607bbce wifi: ath12k: add AHB platform descriptor support
43c521c11ce8 wifi: ath12k: skip MLO multicast links during crash recovery in Tx path
534459ac562b wifi: ath12k: Use different RX release ring sizes as per memory profiles
0090ec7ad252 wifi: ath12k: rename firmware_mode enum members to use QMI namespace
0702eddffff1 wifi: ath12k: move firmware_mode enum to qmi.h
8e415b806848 wifi: ath12k: validate TLV length in process_tpc_stats()
878654eb78c6 wifi: ath12k: fix overreads in ath12k_wmi_process_csa_switch_count_event()
9cb1b6a781ab PCI: Use standard wait times for PCIe link monitoring
2162572d34c5 PCI: vmd: Only copy root bridge _OSC control flags in bare metal OS
9f46f9d696d3 PCI: qcom: Rename qcom_pcie_set_slot_nccs() to qcom_pcie_set_slot_cap()
7678e81498e2 PCI: imx6: Fix i.MX6Q/DL boot hang caused by improper PHY power sequencing
650a21e0bfe4 Merge tag 'ath-current-20260727' of git://git.kernel.org/pub/scm/linux/kernel/git/ath/ath
edc84a9396ac Merge tag 'wireless-2026-07-26' of https://git.kernel.org/pub/scm/linux/kernel/git/wireless/wireless-next
469d7e6077c1 wifi: ath12k: resolve PENDING ML peer ID from MLO_PEER_MAP HTT event
a7619b3bcba4 wifi: ath12k: defer dp_peer registration when firmware allocates MLD peer ID
1726a7a10c4f wifi: ath12k: do not advertise MLD peer ID for firmware-allocate devices
378e659029d5 wifi: ath12k: introduce host_alloc_ml_id hardware parameter
a08455ee85a2 wifi: ath12k: add support for HTT_T2H_MSG_TYPE_MLO_RX_PEER_MAP
dd121ed779dd wifi: ath12k: keep ATH12K_PEER_ML_ID_VALID set in ath12k_sta::ml_peer_id
21ca38bb6b53 wifi: ath12k: factor out peer assoc send-and-wait into a helper
47abd2ca2815 wifi: ath12k: fix out-of-bounds clear_bit in ath12k_mac_dp_peer_cleanup()
888b1934642b PCI: Move Spacemit vendor and device IDs to linux/pci_ids.h
3b536db8fb32 net: qrtr: restrict socket creation to the initial network namespace
90883c513ca0 Merge tag 'ath-next-20260722' of git://git.kernel.org/pub/scm/linux/kernel/git/ath/ath
fec15bb3dab0 Merge tag 'wireless-2026-07-22' of https://git.kernel.org/pub/scm/linux/kernel/git/wireless/wireless
7698656a2f7b wifi: ath12k: Avoid buffer overread in ath12k_wmi_op_rx()
c42b27336eef wifi: ath12k: fix survey indexing across bands
af50baccaa5f wifi: ath12k: Set DTIM policy to stick mode for station interface
d6850f1984eb wifi: ath12k: Constify struct ath12k_dp_arch_ops
6c90f68f97de wifi: ath12k: fix scan command endianness on big endian
7b0bd40e97a0 wifi: ath12k: Correctly copy the hint BSSID in WMI scan request
42399be44b13 wifi: ath12k: allocate HOST_DDR and BDF regions after Q6 RO region
ecb517f97e62 wifi: ath12k: refactor QMI memory assignment
3fe59edd1901 wifi: ath12k: switch to name-based reserved memory lookup
e23d90cfcbe2 wifi: ath12k: Set congestion control max MSDU count
408ec3ffcc76 wifi: ath12k: update IPQ5332 BDF address offset
ff651212f2e2 wifi: ath12k: fix ML-STA authentication timeout on QCC2072
be72d6aecea4 wifi: ath12k: Set IEEE80211_OFFLOAD_ENCAP_4ADDR after tx_encap_type vdev param
7147a7bfce47 PCI: j721e: Fix incorrect max_lanes for J7200
ff194cffd586 net: qrtr: ns: Raise node count limit to 512
72b32eccbcd5 PCI: vmd: Handle BUS_RESTRICT_CFG value 3 for Arrow Lake-HX
b55a04ebb52d Merge tag 'ath-current-20260713' of git://git.kernel.org/pub/scm/linux/kernel/git/ath/ath
f944349dcbae PCI: aspeed: Switch to irq_domain_create_linear()
008cb88edb41 PCI: host-generic: Fix NULL pointer dereference on 32-bit CAM systems
c2b9620359b7 PCI: imx6: Add runtime PM support for i.MX95
b4bee12ebecc PCI: imx6: Keep i.MX6 Root Port MSI/MSI-X Capabilities with iMSI-RX to work around hardware bug
e145af8c1447 PCI: spacemit: Add missing MODULE_DEVICE_TABLE()
22877a061f81 PCI: starfive: Fix resource leaks on error paths in host_init()
b030905bf5a6 PCI: vmd: Add feature to scan BIOS-enumerated devices
8d6af27c0a73 PCI: rcar-gen4: Configure AXIINTC if iMSI-RX is not used
2077ccb9baa2 PCI: mediatek: Add support for EcoNet EN7528 SoC
6fc5fcd8ec1b PCI: dwc: Use common speed conversion function
d70e964dc099 PCI: cadence: Add LGA IP debugfs for LTSSM status
ea34744eb094 PCI: cadence: Add HPA IP debugfs for LTSSM status
b5672f9463f2 PCI: cadence: Add HPA architecture flag
3260336defeb PCI: keystone: Fix OF node reference leak in init
4869db344e76 PCI: xgene: Drop unnecessary OF node reference
b93c1dc44684 wifi: ath12k: add QMI capability negotiation for dynamic memory mode
9eb29fd47595 wifi: ath12k: fix rx_mpdu_start layout for QCC2072
6b31c3451b12 wifi: ath12k: Reduce RX SRNG interrupt timer threshold to 200us
6385fd09a399 wifi: ath12k: Fix ath12k_wifi7_mac_op_tx() style issues
01cc0f59aac3 wifi: ath12k: fix MLO peer delete race
f066e1a93703 wifi: ath12k: fix dp_link_peer dangling references on AP vdev rollback
d418509383b0 wifi: ath12k: Switch to generic PAS TZ APIs
70231dcd7822 wifi: ath12k: fix NULL pointer dereference in rhash table destroy
a2fe9dc70f3b wifi: ath12k: Fix low MLO RX throughput on WCN7850
f26b1c697a2b PCI: imx6: Add 'skip_pwrctrl_off' flag support
2c5768344f88 PCI: imx6: Move pci_pwrctrl_create_devices() to imx_pcie_probe()
09aad32189e4 PCI: dwc: Move iMSI-RX check before calling 'pp->ops->init()'
55f3aa06951c wifi: ath12k: Flush the posted write after writing to PCIE_SOC_GLOBAL_RESET
93aac16f1eb9 PCI: cadence: Add missing MODULE_DEVICE_TABLE()
6f12862600bb bus: mhi: ep: Fix device refcount leak in the error path of MHI device creation
22568e8f13a4 bus: mhi: core: Fix sys error transition latency
3edb3a038d42 PCI: qcom: Skip PERST# GPIOs provided by downstream PCIe devices
533171173882 PCI: qcom: Add support for Hawi
84442442e04b wifi: cfg80211: remove WIPHY_FLAG_DISABLE_WEXT
995832b2cebe Replace <linux/mod_devicetable.h> by more specific <linux/device-id/*.h> (c files)
7f4d9901eb1f PCI: imx6: Fix building against PCI_PWRCTRL_GENERIC
d4e0984f12ea PCI: imx6: Fix building against PCI_HOST_COMMON
913998f903fb wifi: ath12k: correct monitor destination ring size
58aeb412495a wifi: ath12k: change MAC buffer ring size to 4096
56f8f12c1a3c wifi: ath12k: Skip peer link info update in rx_status for monitor MSDUs
5a2b5d6a5a4a wifi: ath12k: Skip setting RX_FLAG_8023 for Ethernet-II (DIX) frames in monitor mode
b1d8d626e206 wifi: ath12k: Show per-radio center freq in dp stats
6cc84fce7b99 wifi: ath12k: Add timestamp to dp stats display
34620d1890cc wifi: ath12k: Use runtime device count in dp stats display
e47d6c9bb416 wifi: ath12k: Advertise multicast Ethernet encapsulation offload support
784f7dabf5d3 wifi: ath12k: advertise ieee_link_id in vdev start MLO params
fe2b006c15f6 wifi: ath12k: reset REOQ LUT addresses before firmware stop
c2d60ab8e382 wifi: ath12k: expand UserPD ID mask to support up to 8 PDs
fffa54aeaeb2 wifi: ath12k: tighten RX monitor TLV bounds check
4c09bbf0c1e1 wifi: ath12k: add dp_mon support 32-bit TLV headers
9d1d61121b05 wifi: ath12k: add HAL ops for monitor TLV header decode and alignment
e264a3dbe866 wifi: ath12k: refactor HAL TLV32/64 decode helpers
d762bbc08ca7 wifi: ath12k: fix TLV32 length mask
eaf478b3ea68 wifi: ath12k: avoid setting 320MHz support on non 6GHz band
007b638ed724 wifi: ath12k: remove unused QMI definitions
26d529b99861 wifi: ath12k: use %u for unsigned variables in QMI debug logs
c29d1550e166 wifi: ath12k: Fix inconsistencies in struct qmi_elem_info initializers
74e1a4762c79 wifi: ath12k: enable threaded NAPI when DP IRQ affinity is unavailable
40fb390cbcc1 PCI: meson: Fix GPIO state while requesting PERST#
3567bcf0e985 PCI: host-generic: Move legacy DT binding fallback decision to caller of pci_host_common_parse_ports()
007c7304d80f PCI: rzg3s-host: Add support for RZ/V2H(P) SoC
9f2ed7c3de5d PCI: rzg3s-host: Prepare System Controller handling for multiple controllers
e2260454946d PCI: rzg3s-host: Use shared reset controls for power domain resets
26ae421f7f49 Merge tag 'pci-v7.2-changes' of git://git.kernel.org/pub/scm/linux/kernel/git/pci/pci
2c2fb7a8aa10 Merge branch 'pci/misc'
e5eb7036ac4f Merge branch 'pci/controller/misc'
78e531d3e5a7 Merge branch 'pci/controller/tlp_macros'
7c97ee7c4951 Merge branch 'pci/controller/rescan_lock'
dd81c6524b3d Merge branch 'pci/controller/link_train_delay'
01b5f1d052b6 Merge branch 'pci/controller/rcar-host'
878ec1809949 Merge branch 'pci/controller/mvebu'
4e38ddba805a Merge branch 'pci/controller/mediatek-gen3'
7b9001901259 Merge branch 'pci/controller/mediatek'
a5c8e1ffe9d9 Merge branch 'pci/controller/loongson'
d04ef0d3b44e Merge branch 'pci/controller/iproc-bcma'
97eee6d7769a Merge branch 'pci/controller/dwc-ultrarisc'
81c4ead83ece Merge branch 'pci/controller/dwc-tegra194'
9cd6b3cae021 Merge branch 'pci/controller/dwc-qcom'
c08c02e749b5 Merge branch 'pci/controller/dwc-meson'
87edaec53641 Merge branch 'pci/controller/dwc-intel-gw'
878f37d6dea3 Merge branch 'pci/controller/dwc-imx6'
1d0f97d5f8e9 Merge branch 'pci/controller/dwc-amd-mdb'
bcb446d61dd2 Merge branch 'pci/controller/dwc'
bf27eed04093 Merge branch 'pci/controller/altera'
34de2910286c Merge branch 'pci/controller/host-common'
ae385ca81232 Merge branch 'pci/endpoint'
2b0d1a605ef2 PCI: rzg3s-host: Use common pci_host_common_link_train_delay() helper
d24e3fab6ee2 PCI: mediatek-gen3: Add 100 ms delay after link up
6bba1de54ceb PCI: aardvark: Add 100 ms delay after link training
0a46957df45a PCI: dwc: Use common pci_host_common_link_train_delay() helper
57d3400df052 PCI: cadence-hpa: Add post-link delay
0000d9ccbcfa Merge tag 'char-misc-7.2-rc1' of git://git.kernel.org/pub/scm/linux/kernel/git/gregkh/char-misc
fda8749ba736 PCI: host-common: Request bus reassignment when not probe-only
0bd9611587bb PCI: rockchip: Protect root bus removal with rescan lock
4e4f9745f016 PCI: plda: Protect root bus removal with rescan lock
a29812a55da8 PCI: mediatek: Protect root bus removal with rescan lock
a6a64e150f12 PCI: iproc: Protect root bus removal with rescan lock
26335696498a PCI: dwc: Protect root bus removal with rescan lock
713331969ce8 PCI: cadence: Protect root bus removal with rescan lock
20b7aba83c0e PCI: brcmstb: Protect root bus removal with rescan lock
a8759c8ac48c PCI: altera: Protect root bus removal with rescan lock
3c2e6cc6affa PCI: iproc: Restore .map_irq() for the platform bus driver
7cb033507068 PCI: mvebu: Use fixed-width interrupt masks to avoid truncation in 64-bit builds
09fb6892f34a Merge tag 'devicetree-for-7.2' of git://git.kernel.org/pub/scm/linux/kernel/git/robh/linux
70cb95c73680 Merge tag 'soc-drivers-7.2' of git://git.kernel.org/pub/scm/linux/kernel/git/soc/soc
d755d45bc08a Merge git://git.kernel.org/pub/scm/linux/kernel/git/netdev/net
20054869770c net: qrtr: fix 32-bit integer overflow in qrtr_endpoint_post()
f71f07bee9b5 of: Factor arguments passed to of_map_id() into a struct
d4b52f83f198 of: Add convenience wrappers for of_map_id()
26b67fa10ef8 PCI: dwc: Avoid dwc_pcie_rasdes_debugfs_deinit() NULL dereference when no RAS DES capability
dad4d4b92a9b Merge git://git.kernel.org/pub/scm/linux/kernel/git/netdev/net
ebc1d9906894 PCI: mediatek: Use actual physical address instead of virt_to_phys()
6ba90ce2069a PCI: rcar-host: Remove unused LIST_HEAD(res)
972c4dd19cb9 Merge tag 'wireless-next-2026-06-10' of https://git.kernel.org/pub/scm/linux/kernel/git/wireless/wireless-next
85c1fcfa740d PCI: imx6: Integrate new pwrctrl API
f865a57896bd PCI: mediatek: Fix IRQ domain leak when port fails to enable
4b0dc84b2939 PCI: meson: Add missing remove callback
b12341b98d5a PCI: meson: Propagate devm_add_action_or_reset() failure
9dda3f83ba67 PCI: imx6: Assert ref_clk_en after reference clock stabilizes on i.MX95
0c26b1c34d12 PCI: imx6: Configure REF_USE_PAD before PHY reset for i.MX95
869317b95fd7 PCI: cadence: Add post-link delay for LGA and j721e glue driver
29fbf582e750 PCI: Add pci_host_common_link_train_delay() helper
52015335e5db PCI: cadence: Use common TLP type macros
3136184508d2 PCI: dwc: Replace ATU type macros with common TLP type macros
286db45fb7ef PCI: Add common TLP type macros and convert aspeed/mediatek
63abe299b12b wifi: ath12k: enable IEEE80211_VHT_EXT_NSS_BW_CAPABLE when NSS ratio is reported
fdea4d44e4b9 wifi: ath12k: fix EAPOL TX failure caused by stale tcl_metadata bits
1c316d02c399 wifi: ath12k: Update Qualcomm copyrights
282305d7e9c0 PCI: mediatek: Fix operator precedence in PCIE_FTS_NUM_L0 macro
a2171131ecda net: qrtr: fix refcount saturation and potential UAF in qrtr_port_remove
39f9c91bce7c Merge tag 'mhi-for-v7.2' of ssh://gitolite.kernel.org/pub/scm/linux/kernel/git/mani/mhi into char-misc-next
e0779713a1e2 PCI: qcom: Initialize DWC MSI lock for firmware-managed ECAM hosts
3b09ff541145 net: qrtr: fix node refcount leak on ctrl packet alloc failure
565257a85769 wifi: ath12k: Handle 4-address EAPOL frames from WBM error path
f818260ac66b wifi: ath12k: Add support for 4-address frame notification
6d0572f61539 wifi: ath12k: Add support for 4-address NULL frame handling
729cad3c3c9e wifi: ath12k: Add 4-address mode support for eth offload
2f57f737dbf3 wifi: ath12k: Add support for 4-address mode
e1125b0ab6fd wifi: ath12k: Set WDS vdev parameter for 4-address station interface
675aa75bfc29 wifi: ath12k: Prevent incorrect vif chanctx switch when handling multi-radio contexts
05337d0b9c5a wifi: ath12k: add hardware parameters for maximum supported clients
47809a7c8348 wifi: ath12k: fix NULL deref in change_sta_links for unready link
c972636efc63 wifi: ath12k: fix inconsistent arvif state in vdev_create error paths
51d510589f5c wifi: ath12k: allow peer_id 0 in dp peer lookup
98d4f92ab6a1 wifi: ath12k: fix memory leak in ath12k_wifi7_dp_rx_h_verify_tkip_mic()
10085a654a4c wifi: ath12k: fix incorrect HT/VHT/HE/EHT MCS reporting in monitor mode
e7d6bd24e883 Merge tag 'wireless-next-2026-05-28' of https://git.kernel.org/pub/scm/linux/kernel/git/wireless/wireless-next
d44646fc9eeb Merge git://git.kernel.org/pub/scm/linux/kernel/git/netdev/net
5f726aeb505c PCI: tegra: Explicitly specify PMC instance to use
29f692985819 PCI: qcom: Disable ASPM L0s for SA8775P
6f5dc19f46f4 Merge tag 'ath-next-20260526' of git://git.kernel.org/pub/scm/linux/kernel/git/ath/ath
32845111e8ea bus: mhi: host: pci_generic: Fix the physical function check
d5c336161088 wifi: ath12k: fix error unwind on arch_init() failure in PCI probe
e9769bb17269 PCI: qcom: Program T_POWER_ON
d697e9067248 PCI: dwc: Add dw_pcie_program_t_power_on() to program T_POWER_ON
1a23bcb452d9 PCI: qcom: Handle mixed PERST#/PHY DT configuration
ced835ae1f62 PCI: qcom: Indicate broken L1SS exit during resume from system suspend
6a20b34fe3b3 Merge git://git.kernel.org/pub/scm/linux/kernel/git/netdev/net
6779b50faa56 Merge tag 'pci-v7.1-fixes-2' of git://git.kernel.org/pub/scm/linux/kernel/git/pci/pci
2cc0e7454c78 PCI: qcom: Add D3cold support
56378c03c1a8 PCI: dwc: Use common D3cold eligibility helper in suspend path
8a847d3e9e5f PCI: qcom: Power down PHY via PARF_PHY_CTRL before disabling rails/clocks
131a93dbcb95 PCI: qcom: Add .get_ltssm() callback to query LTSSM status
1d2a29ccd3a1 PCI: host-common: Add pci_host_common_d3cold_possible() helper
e373c789bac0 PCI: loongson: Override PCIe bridge supported speeds for Loongson-3C6000 series
afa1bd86eddd wifi: ath12k: Add debugfs support to simulate incumbent signal interference
e7f9be2c7bff wifi: ath12k: Add support for handling incumbent signal interference in 6 GHz
8ba433753d9b PCI: mediatek-gen3: Fix incorrectly skipped pwrctrl error message
94ac934d2c05 PCI: dwc: Fix signedness bug in fault injection test code
87f493041e20 PCI: tegra194: Use aspm-l1-entry-delay-ns DT property for L1 entrance latency
d25f1dd6b986 PCI: dwc: Use DEFINE_SHOW_ATTRIBUTE for ltssm_status debugfs
250eea5c06f5 PCI: imx6: Parse 'reset-gpios' in Root Port nodes
610fa91d9863 PCI: imx6: Assert PERST# before enabling regulators
b269bb5e4cc3 PCI: host-generic: Add common helpers for parsing Root Port properties
aad953fb4eed PCI: imx6: Fix IMX6SX_GPR12_PCIE_TEST_POWERDOWN handling
d39d55d7411c PCI: mediatek-gen3: Do full device power down on removal
7a0e17e7a081 PCI: mediatek-gen3: Add a .shutdown() callback to control PERST# signal
22fc8822d146 PCI: mediatek-gen3: Fix PERST# control timing during system startup
60fb2cf51e77 wifi: ath12k: fix EHT TX MCS limitation due to wrong 20 MHz-only parsing
ed831e7ea1a8 PCI: brcmstb: Assign pcie->gen from of_pci_get_max_link_speed()
7a94138caeb2 PCI: altera: Fix resource leaks on probe failure
5ef4bac02189 PCI: altera: Do not dispose parent IRQ mapping
f02459d0342f PCI: keembay: Use common mode field in struct dw_pcie
a8bf471f87f4 PCI: dwc: Use common mode field in struct dw_pcie
5d47f6aeffdf PCI: artpec6: Use common mode field in struct dw_pcie
3718315f58f8 PCI: dra7xx: Use common mode field in struct dw_pcie
5dc31cd4a91a PCI: qcom: Set max OPP before DBI access during resume
1e1b554c2b91 PCI: dwc: Apply ECRC workaround for DesignWare cores prior to 5.10a
5fc35740c3b3 PCI: ultrarisc: Add UltraRISC DP1000 PCIe Root Complex driver
519ddf194b15 bus: mhi: ep: Protect mhi_ep_handle_syserr() in the error path
5096977d0da4 bus: mhi: host: pci_generic: Add Telit FE910C04 modem support
ce3e534ee9c8 bus: mhi: ep: Add missing state_lock protection for mhi_state access
9dece4435d39 bus: mhi: ep: Fix potential deadlock in mhi_ep_reset_worker()
86f6dc05ea05 bus: mhi: host: pci_generic: Round up nr_irqs to power of two
0492461a0508 PCI: amd-mdb: Assert PERST# on shutdown
1389ab9bf9f6 PCI: loongson: Do not ignore downstream devices on external bridges
19f90be49c11 PCI: intel-gw: Fix ATU base address setup and add optional DT 'atu' region
1eedabe7c617 PCI: intel-gw: Add .start_link() callback
febf9ed3c35e PCI: intel-gw: Enable clock before PHY init
abddc0539e59 PCI: intel-gw: Move interrupt enable to own function
75479bed53b1 PCI: intel-gw: Remove unused PCIE_APP_INTX_OFST definition
1e8ab2e2e962 wifi: ath12k: add channel 177 to the 5 GHz channel list
6a4c4656b0d2 Merge git://git.kernel.org/pub/scm/linux/kernel/git/netdev/net
7cc21269ef74 PCI: visconti: Drop unused include
71d007f6fb17 PCI: fu740: Drop unused include
800c861cfcbe PCI: designware-plat: Drop unused include
8d846a0a6f95 PCI: amd-mdb: Use the right GPIO header
42ec65b46a4f PCI: Use FIELD_MODIFY() instead of open-coding it
0e1308803d2c wifi: ath12k: fix peer_id usage in normal RX path
81594a12d5ce wifi: ath12k: initialize RSSI dBm conversion event state
05c5078de822 wifi: ath12k: fix leak in some ath12k_wmi_xxx() functions
e12d2d3983ac wifi: ath12k: add thermal cooling device support
0ab4dc09b781 wifi: ath12k: reorder group start/stop for safe thermal sysfs cleanup
cd93e8c23ebb wifi: ath12k: refactor per-radio thermal hwmon setup and cleanup
612556eb774f wifi: ath12k: configure firmware thermal throttling via WMI
845b613b57c6 wifi: ath12k: handle thermal throttle stats WMI event
31d4f8d427f2 wifi: ath12k: unify error handling in some ath12k_wmi_xxx() functions
d88c3a5117c5 wifi: ath12k: use kzalloc_flex
c4aa897fe234 wifi: ath12k: Handle DP_RX_DECAP_TYPE_8023 type in Rx path
2419d92ad387 wifi: ath: Unify user-visible "Qualcomm" name
0e39eea57626 wifi: ath: Use the unified QMI service ID instead of defining it locally
ec2075cfc629 PCI: dwc: ep: Expose integrated eDMA resources via EPC aux-resource API
bfb9502651f6 PCI: dwc: Record integrated eDMA register window
334a70c454e4 Merge tag 'ath-next-20260427' of git://git.kernel.org/pub/scm/linux/kernel/git/ath/ath
d997c32157d2 Merge tag 'ath-current-20260427' of git://git.kernel.org/pub/scm/linux/kernel/git/ath/ath
cb4eb6771c0f Merge tag 'char-misc-7.1-rc1' of git://git.kernel.org/pub/scm/linux/kernel/git/gregkh/char-misc
ff57d59200ba Merge tag 'loongarch-7.1' of git://git.kernel.org/pub/scm/linux/kernel/git/chenhuacai/linux-loongson
4498664e2d58 wifi: ath12k: use lockdep_assert_in_rcu_read_lock() for RCU assertions
f3ba9e05cc7b wifi: ath12k: fix OF node refcount imbalance in WSI graph traversal
4a1b53417739 wifi: ath12k: prepare REO update element only for primary link
8fd12b03c7c8 Merge tag 'hyperv-next-signed-20260421' of git://git.kernel.org/pub/scm/linux/kernel/git/hyperv/linux
3d9aba6618d1 LoongArch: Adjust build infrastructure for 32BIT/64BIT
590182b72213 wifi: ath12k: Fix invalid IRQ requests during AHB probe
5c2ab62af09f wifi: ath12k: Remove macro HAL_RX_EHT_SIG_OFDMA_EB2_MCS
90ef329e73c6 wifi: ath12k: Fix ath12k_dp_htt_tlv_iter()'s iter() signature
a49300ad9796 wifi: ath12k: Fix HTC prototype ath12k_base parameters
40286d6379aa Merge tag 'pci-v7.1-changes' of git://git.kernel.org/pub/scm/linux/kernel/git/pci/pci
91a4855d6c03 Merge tag 'net-next-7.1' of git://git.kernel.org/pub/scm/linux/kernel/git/netdev/net-next
35c2c39832e5 Merge git://git.kernel.org/pub/scm/linux/kernel/git/netdev/net
0d5acba6331c Drivers: hv: vmbus: Export hv_vmbus_exists() and use it in pci-hyperv
2e31b1610183 Merge tag 'acpi-7.1-rc1' of git://git.kernel.org/pub/scm/linux/kernel/git/rafael/linux-pm
7809fea20c94 net: qrtr: ns: Fix use-after-free in driver remove()
27d5e84e810b net: qrtr: ns: Limit the total number of nodes
68efba36446a net: qrtr: ns: Free the node during ctrl_cmd_bye()
5640227d9a21 net: qrtr: ns: Limit the maximum number of lookups
d5ee2ff98322 net: qrtr: ns: Limit the maximum server registration per node
b274423c7927 Merge branch 'pci/controller/rzg3s-host'
d096bd7d8bf7 Merge branch 'pci/controller/mediatek-gen3'
8a1c7effae15 Merge branch 'pci/controller/mediatek'
b43cdb32ee13 Merge branch 'pci/controller/dwc-tegra194'
bc55afb8fae1 Merge branch 'pci/controller/dwc-rockchip'
1e6df556f194 Merge branch 'pci/controller/dwc-rcar-gen4-ep'
07f7d0f0eef7 Merge branch 'pci/controller/dwc-qcom'
b94fd0874695 Merge branch 'pci/controller/dwc-layerscape'
d33fae175428 Merge branch 'pci/controller/dwc-imx6'
927e9d9d4e79 Merge branch 'pci/controller/dwc-eswin'
d52e0276261c Merge branch 'pci/controller/dwc-andes-qilai'
9cba2840beab Merge branch 'pci/controller/dwc-amd-mdb'
764fd8338622 Merge branch 'pci/controller/dwc'
7dde59ebdadd Merge branch 'pci/controller/cadence-sky1'
9120557a9d32 Merge branch 'pci/controller/cadence-sg2042'
cadf80e0015e Merge branch 'pci/controller/cadence'
bf6dd2240783 Merge branch 'pci/controller/aspeed'
736b677ff428 Merge branch 'pci/controller/max-link-speed'
8153aaf6b9e7 Merge branch 'pci/endpoint'
118cbd428e43 Merge tag 'wireless-next-2026-04-10' of https://git.kernel.org/pub/scm/linux/kernel/git/wireless/wireless-next
9a4f673eb08d wifi: ath12k: avoid dynamic alloc when parsing wmi tb
b6e39e48469e Merge git://git.kernel.org/pub/scm/linux/kernel/git/netdev/net
988ef706cdd8 PCI: sg2042: Avoid L0s and L1 on Sophgo 2042 PCIe Root Ports
5ccc76a87f1e PCI: cadence: Add flags for disabling ASPM capability for broken Root Ports
a86ca8698c88 PCI: tegra194: Add core monitor clock support
acd46d51f22f PCI: tegra194: Enable hardware hot reset mode in Endpoint mode
66861c592af8 PCI: tegra194: Enable DMA interrupt
323a6e370af5 PCI: tegra194: Remove IRQF_ONESHOT flag during Endpoint interrupt registration
f50e0c7d57b0 PCI: tegra194: Calibrate pipe to UPHY for Endpoint mode
01d36261ae33 PCI: tegra194: Assert CLKREQ# explicitly by default
34b3eef48d98 PCI: tegra194: Fix CBB timeout caused by DBI access before core power-on
f59df1d9e6bd PCI: tegra194: Disable L1.2 capability of Tegra234 EP
40805f32dcea PCI: dwc: Apply ECRC workaround to DesignWare 5.00a as well
ea60ca067f0f PCI: tegra194: Use DWC IP core version
8870f02f7868 PCI: tegra194: Free up Endpoint resources during remove()
c76f8eae7d46 PCI: tegra194: Allow system suspend when the Endpoint link is not up
b256493bf8ca PCI: tegra194: Set LTR message request before PCIe link up in Endpoint mode
976f6763f579 PCI: tegra194: Disable direct speed change for Endpoint mode
f62bc7917de1 PCI: tegra194: Use devm_gpiod_get_optional() to parse "nvidia,refclk-select"
40658a31b6e1 PCI: tegra194: Disable PERST# IRQ only in Endpoint mode
71d9f67701e1 PCI: tegra194: Don't force the device into the D0 state before L2
9fa0c242f8d7 PCI: tegra194: Disable LTSSM after transition to Detect on surprise link down
74dd8efe4d6c PCI: tegra194: Increase LTSSM poll time on surprise link down
adaffed907f1 PCI: tegra194: Fix polling delay for L2 state
65abaa9e722e wifi: ath12k: Use michael_mic() from cfg80211
8fb66931fe31 wifi: ath12k: Enable IPQ5424 WiFi device support
38cff745fa7c wifi: ath12k: Add CE remap hardware parameters for IPQ5424
7e2131ba332f wifi: ath12k: add ath12k_hw_regs for IPQ5424
74f5a619b1a6 wifi: ath12k: add ath12k_hw_version_map entry for IPQ5424
b1ad1a052bed wifi: ath12k: Add ath12k_hw_params for IPQ5424
0ec4b904be72 wifi: ath12k: Create symlink for each radio in a wiphy
7d7dc26f72ab wifi: ath12k: Skip adding inactive partner vdev info
af5708ed67fc wifi: ath12k: Support channel change stats
ba563287beaa wifi: ath12k: Rename hw_link_id to radio_idx in ath12k_ah_to_ar()
86782c16a81f Merge tag 'hyperv-fixes-signed-20260406' of git://git.kernel.org/pub/scm/linux/kernel/git/hyperv/linux
f3ddb8a9a97f PCI: dw-rockchip: Add pcie_ltssm_state_transition tracepoint support
88cc4cbe08bb PCI: imx6: Fix reference clock source selection for i.MX95
35bdb5dbacf3 PCI: hisi: Use devm_ghes_register_vendor_record_notifier()
a5210135489a Merge tag 'v7.0-rc7' into char-misc-next
d9cf7154deed PCI: cadence: Use cdns_pcie_read_sz() for byte or word read access
5573c44cb3fd PCI: mediatek-gen3: Prevent leaking IRQ domains when IRQ not found
12a22fb38cbb PCI: tegra194: Expose BAR2 (MSI-X) and BAR4 (DMA) as 64-bit BAR_RESERVED
5aec1f18b326 PCI: tegra194: Make BAR0 programmable and remove 1MB size limit
c54d5f5b3399 PCI: aspeed: Fix IRQ domain leak on platform_get_irq() failure
b6422dff0e51 PCI: hv: Fix double ida_free in hv_pci_probe error path
3a4e8302e72f PCI: imx6: Keep Root Port MSI capability with iMSI-RX to work around hardware bug
68c6d134edbf Merge tag 'mhi-for-v7.1' of ssh://gitolite.kernel.org/pub/scm/linux/kernel/git/mani/mhi into char-misc-next
ac12b852b4ea bus: mhi: host: pci_generic: Add Telit FE912C04 modem support
8ffb33d7709b Merge git://git.kernel.org/pub/scm/linux/kernel/git/netdev/net
445588a3b18b PCI: dwc: Fix type mismatch for kstrtou32_from_user() return value
e4cf6087cab3 net: qrtr: fix endian handling of confirm_rx field
2428083101f6 net: qrtr: replace qrtr_tx_flow radix_tree with xarray to fix memory leak
03f920936977 PCI: controller: Validate max-link-speed
126d04398cd4 PCI: j721e: Validate max-link-speed from DT
0f34f647f194 PCI: dwc: Use pcie_get_link_speed() helper for safe array access
99d986686331 PCI: sky1: Use boolean true for is_rc field
33a76fc3c3e6 PCI: qcom: Advertise Hotplug Slot Capability with no Command Completion support
698dab284b9d PCI: dwc: Expose PCIe event counters for groups 5 to 7 over debugfs
180ea823bb45 PCI: imx6: Separate PERST# assertion from core reset functions
192b8a1bf81c PCI: imx6: Change imx_pcie_deassert_core_reset() return type to void
5f73cf1db829 PCI: imx6: Skip waiting for L2/L3 Ready on i.MX6SX
1a152e21940a PCI: mediatek-gen3: Integrate new pwrctrl API
55482b95792b PCI: mediatek-gen3: Disable device if further setup fails
69b8d3ccf732 PCI: mediatek-gen3: Split out device power helpers
867054421c3b PCI: mediatek-gen3: Add error path for resume driver callbacks
cf417e61fc86 PCI: mediatek-gen3: Move controller setup steps before PERST# control
eddbac092e5f PCI: mediatek-gen3: Move mtk_pcie_setup_irq() out of mtk_pcie_setup()
98752193de5b PCI: mediatek-gen3: Clean up mtk_pcie_parse_port() with dev_err_probe()
7b3b1e5a87b2 PCI: hv: Set default NUMA node to 0 for devices without affinity info
5592d60ef2d8 Merge tag 'ath-next-20260324' of git://git.kernel.org/pub/scm/linux/kernel/git/ath/ath
4242625f2729 wifi: ath12k: Pass the correct value of each TID during a stop AMPDU session
72e76b63d6ff PCI: sky1: Fix missing cleanup of ECAM config on probe failure
13f55a7ca773 PCI: dwc: rcar-gen4: Change EPC BAR alignment to 4K as per the documentation
f761e0deb4d9 PCI: dwc: rcar-gen4: Mark BAR0 and BAR2 as Resizable BARs in endpoint mode
ab4a4043db1f PCI: mediatek: Fix possible truncation in mtk_pcie_parse_port()
b593c26d081a PCI: eswin: Add ESWIN PCIe Root Complex driver
ff124bbbca1d PCI/pwrctrl: generic: Rename pci-pwrctrl-slot as generic
f2d1643ddc0f bus: mhi: ep: Test for non-zero return value where applicable
37a23d6f1193 bus: mhi: host: Use kzalloc_flex
7bbb578fc43e wifi: ath12k: Remove unused DFS Unit Test definitions
e570593b568f wifi: ath12k: Clean up the WMI Unit Test command interface
0f08179c8c29 PCI: dwc: Disable BARs in common code instead of in each glue driver
5a95fecbdd42 PCI: dwc: Replace certain BAR_RESERVED with BAR_DISABLED in glue drivers
489d3abb4117 PCI: dw-rockchip: Describe RK3588 BAR4 DMA ctrl window
0834d6f4abd0 PCI: endpoint: Do not mark the BAR succeeding a 64-bit BAR as BAR_RESERVED
8197ec49a206 PCI: rzg3s-host: Add support for RZ/G3E PCIe controller
5e9a5af5c9a2 PCI: rzg3s-host: Add PCIe Gen3 (8.0 GT/s) link speed support
1e75d2e9a0e0 PCI: rzg3s-host: Explicitly set class code for RZ/G3E compatibility
5f2c4de71778 PCI: rzg3s-host: Add SoC-specific configuration and initialization callbacks
4ec4ccdaace4 PCI: rzg3s-host: Make configuration reset lines optional
346dd3422ed9 PCI: rzg3s-host: Make SYSC register offsets SoC-specific
d17a200a747b PCI: rzg3s-host: Rework inbound window algorithm for supporting RZ/G3E SoC
34735f63748d PCI: rzg3s-host: Reorder reset assertion during suspend
d284389d4576 PCI: rzg3s-host: Fix reset handling in probe error path
27401c9b1432 wifi: ath12k: Use .mbn firmware for AHB devices
edb5ca3262e2 PCI: dwc: Perform cleanup in the error path of dw_pcie_resume_noirq()
94cbea0f636b PCI: dwc: ep: Mirror the max link width and speed fields to all functions
271d0b1f058a PCI: dwc: ep: Fix MSI-X Table Size configuration in dw_pcie_ep_set_msix()
616217a989e0 wifi: ath12k: Fix legacy rate mapping for monitor mode capture
aecb569d7fb6 wifi: ath12k: Fix the assignment of logical link index
1635ecc61a24 wifi: ath12k: account TX stats only when ACK/BA status is present
08e6183ed256 wifi: move action code from per-type frame structs
f227b246307e bus: mhi: host: pci_generic: Add pm_runtime_forbid() in remove callback
cfdb41adf1c2 bus: mhi: host: pci_generic: Switch to async power up to avoid boot delays
54b022f162a7 bus: mhi: host: pci_generic: Add NMEA channels to FN920C04 and FN990A
8bd1254c92c9 bus: mhi: host: pci_generic: Enable IP_SW and IP_ETH channels for Qcom QDU100 device
0b1324cdd8de Merge git://git.kernel.org/pub/scm/linux/kernel/git/netdev/net
abacaf559950 Merge tag 'net-7.0-rc3' of git://git.kernel.org/pub/scm/linux/kernel/git/netdev/net
df5d8fb6fe55 PCI: qilai: Add Andes QiLai SoC PCIe host driver support
c64760e0bce2 Merge tag 'ath-next-20260303' of https://git.kernel.org/pub/scm/linux/kernel/git/ath/ath
9003a0e3b6a7 Merge tag 'ath-current-20260302' of git://git.kernel.org/pub/scm/linux/kernel/git/ath/ath
56435b70f778 PCI: amd-mdb: Correct IRQ number in INTx error message
cf7cbf97c630 wifi: ath12k: Remove the unused argument from the Rx data path
80a1147469b0 wifi: ath12k: Enable monitor mode support on IPQ5332
f33a8e418268 wifi: ath12k: Set up MLO after SSR
5e5ea39ff552 PCI: dwc: Remove not-going-to-be-supported code for Baikal SoC
e098c26b3524 wifi: mac80211: fetch unsolicited probe response template by link ID
0495b6413215 wifi: mac80211: fetch FILS discovery template by link ID
6a7084102bb9 bus: mhi: host: pci_generic: Add Qualcomm SDX35 modem
151322bccdbd wifi: ath12k: add basic hwmon temperature reporting
0ef4738f0d38 wifi: ath12k: fix indentation in ath12k_qmi_aux_uc_load()
7259b1a0e54c wifi: ath12k: fix station lookup failure when disconnecting from AP
8f153eb74546 wifi: ath12k: use correct pdev id when requesting firmware stats
eed390775470 PCI: dwc: Proceed with system suspend even if the endpoint doesn't respond with PME_TO_Ack message
3b55079d6387 PCI: imx6: Fix device node reference leak in imx_pcie_probe()
e36262c5e6c2 PCI: layerscape: Allow to compile as module
c22533c66cca PCI: dwc: ep: Flush MSI-X write before unmapping its ATU entry
468711a40d5d PCI: dwc: ep: Refresh MSI Message Address cache on change
189f164e573e Convert remaining multi-line kmalloc_obj/flex GFP_KERNEL uses
32a92f8c8932 Convert more 'alloc_obj' cases to default GFP_KERNEL arguments
323bbfcf1ef8 Convert 'alloc_flex' family to use the new default GFP_KERNEL argument
bf4afc53b77a Convert 'alloc_obj' family to use the new default GFP_KERNEL argument
69050f8d6d07 treewide: Replace kmalloc with kmalloc_obj for non-scalar types
3f6eb5a6d27b Merge tag 'pci-v7.0-fixes-1' of git://git.kernel.org/pub/scm/linux/kernel/git/pci/pci
d31558c077d8 Merge tag 'hyperv-next-signed-20260218' of git://git.kernel.org/pub/scm/linux/kernel/git/hyperv/linux
8c746e220965 PCI: dwc: ep: Always clear IB maps on BAR update
88a71941b90d PCI: dwc: ep: Return after clearing BAR-match inbound mapping
505d195b0f96 Merge tag 'char-misc-7.0-rc1' of git://git.kernel.org/pub/scm/linux/kernel/git/gregkh/char-misc
37a93dd5c49b Merge tag 'net-next-7.0' of git://git.kernel.org/pub/scm/linux/kernel/git/netdev/net-next
1c2b4a4c2bcb Merge tag 'pci-v7.0-changes' of git://git.kernel.org/pub/scm/linux/kernel/git/pci/pci
3381d7b2b3dd Merge tag 'irq-msi-2026-02-09' of git://git.kernel.org/pub/scm/linux/kernel/git/tip/tip
522a46affdce Merge branch 'pci/controller/misc'
f4e40035d7e7 Merge branch 'pci/controller/xilinx'
bf1676e97214 Merge branch 'pci/controller/tegra194'
5b4e5be1ccb4 Merge branch 'pci/controller/tegra'
751776ffaeaf Merge branch 'pci/controller/rzg3s-host'
7e4d2a0dae71 Merge branch 'pci/controller/plda-starfive'
d13a9ea19744 Merge branch 'pci/controller/mediatek'
7d24571321b5 Merge branch 'pci/controller/generic'
5457880be10a Merge branch 'pci/controller/dwc-sophgo'
42e8a4ef13dc Merge branch 'pci/controller/dwc-rockchip'
a1dd5e7a30c1 Merge branch 'pci/controller/dwc-qcom-ep'
9b2e9baa9fd4 Merge branch 'pci/controller/dwc-qcom'
d375df113c91 Merge branch 'pci/controller/dwc-nxp-s32g'
62dea8718b7a Merge branch 'pci/controller/dwc-imx6'
93c398be499a Merge branch 'pci/controller/dwc'
cb3ca564682a Merge branch 'pci/controller/cadence-j721e'
9a8217395120 Merge branch 'pci/controller/cadence'
a8a811cb3cf4 Merge branch 'pci/controller/aspeed'
3a11167d918a PCI: host-generic: Avoid reporting incorrect 'missing reg property' error
e43e2aa55704 PCI: rzg3s-host: Fix device node reference leak in rzg3s_pcie_host_parse_port()
43d324eeb08c PCI: dwc: Fix missing iATU setup when ECAM is enabled
b5dab9b38da0 PCI: dwc: Clean up iATU index usage in dw_pcie_iatu_setup()
58fbf08935d9 PCI: dwc: Fix msg_atu_index assignment
93f039fe7a77 PCI: hv: remove unnecessary module_init/exit functions
90fb0a25f654 PCI: hv: Remove unused field pci_bus in struct hv_pcibus_device
e3c3a5d25dc0 PCI: dwc: ep: Add comment explaining controller level PTM access in multi PF setup
72cb5ed2a5c6 PCI: dwc: ep: Add per-PF BAR and inbound ATU mapping support
b79e0875fe81 PCI: s32g: Skip Root Port removal during success
19dd0cc36a52 Merge tag 'ath-next-20260202' of git://git.kernel.org/pub/scm/linux/kernel/git/ath/ath
43d67ec26b32 PCI: dwc: ep: Fix resizable BAR support for multi-PF configurations
2c1ba9c2adf0 wifi: ath12k: clear stale link mapping of ahvif->links_map
05e810c8cffb wifi: ath12k: Add support TX hardware queue stats
f20de310882d wifi: ath12k: Add support RX PDEV stats
e4763898bb13 wifi: ath12k: Fix index decrement when array_len is zero
7b789ea39045 wifi: ath12k: support OBSS PD configuration for AP mode
6dbd496a170b wifi: ath12k: add WMI support for spatial reuse parameter configuration
303c1a66a220 Merge tag 'wireless-next-2026-01-29' of https://git.kernel.org/pub/scm/linux/kernel/git/wireless/wireless-next
cc839bef7727 PCI: dwc: ep: Support BAR subrange inbound mapping via Address Match Mode iATU
c0f1506f6354 PCI: dwc: Advertise dynamic inbound mapping support
dbd91d4f55ac Merge 6.19-rc7 into char-misc-next
0ecd890e3cf5 PCI: dwc: Rename dw_pcie_rp::has_msi_ctrl to dw_pcie_rp::use_imsi_rx for clarity
8a214f64554c PCI: dwc: Fix grammar and formatting for comment in dw_pcie_remove_ext_capability()
9abf22075da9 Merge git://git.kernel.org/pub/scm/linux/kernel/git/netdev/net
9146fe282990 Merge tag 'wireless-2026-11-22' of https://git.kernel.org/pub/scm/linux/kernel/git/wireless/wireless
e9a5415adb20 PCI: dwc: Use multiple iATU windows for mapping large bridge windows and DMA ranges
86291f774fe8 PCI: dwc: Remove duplicate dw_pcie_ep_hide_ext_capability() function
58a17b2647ba PCI: dwc: Skip waiting for L2/L3 Ready if dw_pcie_rp::skip_l23_wait is true
86cbb7a81068 PCI: dwc: Fail dw_pcie_host_init() if dw_pcie_wait_for_link() returns -ETIMEDOUT
d266f63b385a PCI: dwc: Rework the error print of dw_pcie_wait_for_link()
36dd677f7d76 PCI: dwc: Rename and move ltssm_status_string() to pcie-designware.c
01d16b8afb7a PCI: dwc: Return -EIO from dw_pcie_wait_for_link() if device is not active
1bcf245c837b PCI: dwc: Return -ENODEV from dw_pcie_wait_for_link() if device is not found
a152a90f5390 PCI: imx6: Clear CLKREQ# override if 'supports-clkreq' DT property is available
27a064aba2da PCI: imx6: Add CLKREQ# override to enable REFCLK for i.MX95 PCIe
c577ce2881f9 PCI: dwc: Invoke post_init in dw_pcie_resume_noirq()
8d8db7dbf218 PCI: qcom: Rename PERST# assert/deassert helpers for uniformity
740aeaf40f0b Merge tag 'mhi-for-v6.20' of ssh://gitolite.kernel.org/pub/scm/linux/kernel/git/mani/mhi into char-misc-next
58614046254f PCI: qcom: Drop the assert_perst() callbacks
b921aa3f8dec PCI/pwrctrl: Switch to pwrctrl create, power on/off, destroy APIs
c27022497dd9 Merge git://git.kernel.org/pub/scm/linux/kernel/git/netdev/net
d8e1f4a19310 wifi: ath12k: enable QCC2072 support
853deed04be3 wifi: ath12k: fix PCIE_LOCAL_REG_QRTR_NODE_ID definition for QCC2072
d6c5d412f600 wifi: ath12k: send peer meta data version to firmware
d518b2d601ac wifi: ath12k: limit number of channels per WMI command
37b34a1c545a wifi: ath12k: handle REO status ring for QCC2072
b7ffeb0f62fd wifi: ath12k: handle REO CMD ring for QCC2072
023ace9f9232 wifi: ath12k: add hardware ops support for QCC2072
28badc78142e wifi: ath12k: add HAL descriptor and ops for QCC2072
b065ccf4193e wifi: ath12k: support downloading auxiliary ucode image for QCC2072
68cc3ac88118 wifi: ath12k: support LPASS_SHARED target memory type
12048e2c052b wifi: ath12k: add hardware parameters for QCC2072
089e0e746d59 wifi: ath12k: add hardware registers for QCC2072
b5151c9b6e3a wifi: ath12k: fix mac phy capability parsing
6281d4f4df22 wifi: ath12k: refactor 320 MHz bandwidth support parsing
7f852de00032 wifi: ath12k: fix preferred hardware mode calculation
1f165022d5f0 wifi: ath12k: refactor REO status ring handling
9615a6727e9d wifi: ath12k: refactor REO CMD ring handling
7a6b6386deb7 wifi: ath12k: refactor PCI window register access
e62102ac9b77 wifi: ath12k: do WoW offloads only on primary link
40feb23c7263 wifi: ath12k: clean up on error in ath12k_dp_setup()
8fb264d1a0c5 wifi: ath12k: remove redundant pci_set_drvdata() call
9269caf5a7ff wifi: ath11k: fix comment typo in monitor mode handling
b5d712e5b87f PCI: dw-rockchip: Disable BAR 0 and BAR 1 for Root Port
31707572108d wifi: ath12k: Fix wrong P2P device link id issue
f88e9fc30a26 wifi: ath12k: fix dead lock while flushing management frames
8b8d6ee53dfd wifi: ath12k: Fix scan state stuck in ABORTING after cancel_remain_on_channel
39c90b1a1dbe wifi: ath12k: cancel scan only on active scan vdev
5b026a9e714d PCI: qcom-ep: Add support for firmware-managed PCIe Endpoint
613f3255a35a PCI: sophgo: Disable L0s and L1 on Sophgo 2044 PCIe Root Ports
05a75df4182e PCI: starfive: Use regulator APIs to control the 3v3 power supply of PCIe slots
1fed08c5519d wifi: ath12k: don't force radio frequency check in freq_to_idx()
bb97131fbf9b wifi: ath12k: fix dma_free_coherent() pointer
4ea5bebe17ba Merge tag 'ath-next-20260105' of git://git.kernel.org/pub/scm/linux/kernel/git/ath/ath
6b5e2f70a95c PCI: dwc: tegra194: Broaden architecture dependency
df27c03b9e3e PCI: meson: Report that link is up while in ASPM L0s and L1 states
91a0b0dce350 bus: mhi: ep: Use bus callbacks for .probe() and .remove()
8535df5dd64e bus: mhi: host: Use bus callbacks for .probe() and .remove()
4a9ba211d026 bus: mhi: host: Drop the auto_queue support
51731792a25c net: qrtr: Drop the MHI auto_queue feature for IPCR DL channels
2fd60a2edb83 PCI: qcom: Parse PERST# from all PCIe bridge nodes
0cc13256b605 PCI: qcom: Remove ASPM L0s support for MSM8996 SoC
62d4911290f9 PCI: rzg3s-host: Drop the lock on RZG3S_PCI_MSIRS and RZG3S_PCI_PINTRCVIS
4b86eff47e20 PCI: rzg3s-host: Use pci_generic_config_write() for the root bus
68ac85fb42cf PCI: dwc: Use cfg0_base as iMSI-RX target address to support 32-bit MSI devices
0297dce758a0 PCI: cadence: Avoid signed 64-bit truncation and invalid sort
aac5ba6acc79 PCI: tegra: Allow building as a module
820c866c42de mhi: host: Add support for loading dual ELF image format
9aa0cb68fcc1 PCI: aspeed: Add ASPEED PCIe RC driver
d8574ce57d76 PCI: imx6: Add external reference clock input mode support
f42b3c053b15 PCI: xilinx: Fix INTx IRQ domain leak in error paths
8719c64e76bf PCI: dwc: ep: Cache MSI outbound iATU mapping
142d5869f6ee Revert "PCI: dwc: Don't wait for link up if driver can detect Link Up event"
9a9793b55854 Revert "PCI: qcom: Enumerate endpoints based on Link up event in 'global_irq' interrupt"
7ebdefb87942 Revert "PCI: qcom: Enable MSI interrupts together with Link up if 'Global IRQ' is supported"
e9ce5b380443 Revert "PCI: qcom: Don't wait for link if we can detect Link Up"
180c3cfe3678 Revert "PCI: dw-rockchip: Enumerate endpoints based on dll_link_up IRQ"
fc6298086bfa Revert "PCI: dw-rockchip: Don't wait for link since we can detect Link Up"
cfd2fdfd0a8d PCI: dwc: Skip PME_Turn_Off broadcast and L2/L3 transition during suspend if link is not up
f994bb8f1c94 PCI: dw-rockchip: Change get_ltssm() to provide L1 Substates info
679ec639f29c PCI: dwc: Add L1 Substates context to ltssm_status of debugfs
7f0cdcddf8be PCI: mediatek: Fix IRQ domain leak when MSI allocation fails
4b361b1e92be PCI: j721e: Add config guards for Cadence Host and Endpoint library APIs
6a1394990902 PCI: qcom: Remove DPC Extended Capability
7c29cd0fdc07 PCI: qcom: Remove MSI-X Capability for Root Ports
f5cd8a929c82 PCI: dwc: Remove MSI/MSIX capability for Root Port if iMSI-RX is used as MSI controller
0183562f1e82 PCI: dwc: Add new APIs to remove standard and extended Capability
a2582e05e39a PCI: Add preceding capability position support in PCI_FIND_NEXT_*_CAP macros
57833f84f6f5 PCI: rcar-host: Add OF Kconfig dependency to avoid objtool no-cfi warning
eaf290c404f7 PCI: dwc: Enable MSI affinity support
f1875091a01d PCI: dwc: Code cleanup
631ee338f04d Merge branch 'ath12k-ng' into ath-next
41572e2c05e5 Merge tag 'pci-v6.19-fixes-1' of git://git.kernel.org/pub/scm/linux/kernel/git/pci/pci
94bf74830a97 PCI: rzg3s-host: Initialize MSI status bitmap before use
5a58414fe107 wifi: ath12k: Skip DP peer creation for scan vdev
83bd89291f5c Merge tag 'char-misc-6.19-rc1' of git://git.kernel.org/pub/scm/linux/kernel/git/gregkh/char-misc
43dfc13ca972 Merge tag 'pci-v6.19-changes' of git://git.kernel.org/pub/scm/linux/kernel/git/pci/pci
8f7aa3d3c732 Merge tag 'net-next-6.19' of git://git.kernel.org/pub/scm/linux/kernel/git/netdev/net-next
9f1aa395ad78 Merge branch 'pci/pwrctrl-tc9563'
7a13e837d20f Merge branch 'pci/controller/stm32'
388f9a600f10 Merge branch 'pci/controller/spacemit-k1'
80a4441ce304 Merge branch 'pci/controller/sky1'
af257c730f04 Merge branch 'pci/controller/sg2042'
dfb77c81a683 Merge branch 'pci/controller/s32g'
c934541253d0 Merge branch 'pci/controller/rzg3s-host'
e4f4424f062d Merge branch 'pci/controller/rcar-gen2'
368485218c7a Merge branch 'pci/controller/qcom'
88b8b5b3eab2 Merge branch 'pci/controller/meson'
9563c343d921 Merge branch 'pci/controller/mediatek'
5606b7bad00c Merge branch 'pci/controller/keystone'
51f8276926bc Merge branch 'pci/controller/j721e'
30418204caa4 Merge branch 'pci/controller/ixp4xx'
dddd6122d026 Merge branch 'pci/controller/dw-rockchip'
2b12e31cb39d Merge branch 'pci/controller/dwc'
f4620f6216db Merge branch 'pci/controller/brcmstb'
12390db236b3 Merge branch 'pci/controller/host-common'
a0d9f2c08f45 PCI: sky1: Add PCIe host support for CIX Sky1
8babd8afe58a PCI: cadence: Add support for High Perf Architecture (HPA) controller
5cbc7d3e316e PCI: s32g: Add NXP S32G PCIe controller driver (RC)
045ad2c623d6 PCI: dwc: Add register and bitfield definitions
9ce62ebbb7b2 Merge tag 'irq-msi-2025-11-30' of git://git.kernel.org/pub/scm/linux/kernel/git/tip/tip
7ef502fb35b2 PCI: Add Renesas RZ/G3S host controller driver
b1e24e05e140 PCI: host-generic: Move bridge allocation outside of pci_host_common_init()
b5e719f26107 PCI: dw-rockchip: Configure L1SS support
07c99eac0bc2 PCI: tegra194: Remove unnecessary L1SS disable code
a00bba406b5a PCI: dwc: Advertise L1 PM Substates only if driver requests it
bcc9a4a0bca3 PCI: dwc: Fix wrong PORT_LOGIC_LTSSM_STATE_MASK definition
4f32612f6a4e PCI: iproc: Implement MSI controller node detection with of_msi_xlate()
fb64bf480691 Merge tag 'mhi-for-v6.19' of ssh://gitolite.kernel.org/pub/scm/linux/kernel/git/mani/mhi into char-misc-next
ac35e04f8000 bus: mhi: host: pci_generic: Add Foxconn T99W760 modem
a1e19289932a wifi: ath12k: move firmware stats request outside of atomic context
5a384854d81f wifi: ath12k: add the missing RCU lock in ath12k_dp_tx_free_txbuf()
8bf3ad767587 PCI: qcom: Implement .assert_perst()
3445d3820770 PCI: dwc: Implement .assert_perst() for dwc glue drivers
cfa3c76e059a PCI: stm32: Don't use 'proxy' headers
ff529a9307a0 PCI: stm32: Fix EP page_size alignment
fa81d6099007 PCI: stm32: Fix LTSSM EP race with start link
ff64e078e45f PCI: spacemit: Add SpacemiT PCIe host driver
b80a7b4713c9 PCI: cadence: Move PCIe RP common functions to a separate file
3977be25f5fd PCI: cadence: Split PCIe controller header file
611627a4e5e4 PCI: cadence: Add module support for platform controller driver
444a43bf3c02 PCI: j721e: Use 'pcie->reset_gpio' directly and drop the local variable
6fad11c61d0d PCI: j721e: Use devm_clk_get_optional_enabled() to get and enable the clock
bc10d0ad540d PCI: keystone: Add support to build as a loadable module
5aa84c034a36 PCI: dwc: Export dw_pcie_allocate_domains() and dw_pcie_ep_raise_msix_irq()
95d9c3f0e454 PCI: keystone: Exit ks_pcie_probe() for invalid mode
8d4ec3fbb15e PCI: brcmstb: Add panic/die handler to driver
a3f00f24d670 PCI: brcmstb: Add a way to indicate if PCIe bridge is active
0eb272033b64 Merge tag 'ath-next-20251111' of git://git.kernel.org/pub/scm/linux/kernel/git/ath/ath
7cd7392a0778 wifi: ath12k: Remove Wi-Fi 7 header dependencies from common ath12k module
965aea91545a wifi: ath12k: Move MSDU END TLV processing to Wi-Fi 7 module
5db19c488413 wifi: ath12k: Move MU user processing to Wi-Fi 7 module
e5419861e415 wifi: ath12k: Move remaining SIG TLV parsing to Wi-Fi 7 module
00b67b7c44b4 wifi: ath12k: Move EHT SIG processing to Wi-Fi 7 module
dde5748c2940 wifi: ath12k: Move HE SIG processing to Wi-Fi 7 module
f4bcbaebf411 wifi: ath12k: Move HT/VHT SIG processing to Wi-Fi 7 module
52758ff7b50a wifi: ath12k: Move TX monitor functionality to Wi-Fi 7 module
e475119ba251 wifi: ath12k: Move RX status TLV parsing to Wi-Fi 7 module
906b5ac9c2b5 wifi: ath12k: Move MPDU pop functionality to Wi-Fi 7 module
e00164657ce8 wifi: ath12k: Move monitor status processing to Wi-Fi 7 module
24b21a9be2c9 wifi: ath12k: Move monitor ring processing to Wi-Fi 7 module
9e24bdfecdb0 bus: mhi: ep: add WQ_PERCPU to alloc_workqueue users
eff0306b109f PCI: meson: Fix parsing the DBI register region
1ec9871fbb80 Merge git://git.kernel.org/pub/scm/linux/kernel/git/netdev/net
c2c2ccfd4ba7 Merge tag 'net-6.18-rc5' of git://git.kernel.org/pub/scm/linux/kernel/git/netdev/net
2977567b244f wifi: ath12k: Fix timeout error during beacon stats retrieval
bd6ec8111e65 wifi: ath12k: Make firmware stats reset caller-driven
9b73cdad5889 Merge tag 'wireless-next-2025-11-05' of https://git.kernel.org/pub/scm/linux/kernel/git/wireless/wireless-next
2f6adeaf92c4 Merge tag 'ath-next-20251103' of git://git.kernel.org/pub/scm/linux/kernel/git/ath/ath into wireless-next
4c740c4d8bac Merge tag 'ath-current-20251103' of git://git.kernel.org/pub/scm/linux/kernel/git/ath/ath
f87034a7576f wifi: ath12k: Replace lock/unlock with guard()
96b42732bc75 wifi: ath12k: Use dp objects in performance critical paths
219dd14992fc wifi: ath12k: Build all the files in wifi7 directory into ath12k_wifi7.ko
951cca9cc68d wifi: ath12k: Remove arch-specific HAL dependencies from common DP
147daefc59f0 wifi: ath12k: Move ath12k_dp_rx_get_peer_id API to Wi-Fi 7
d43133a38b0c wifi: ath12k: Move ath12k_dp_rx_frags_cleanup API to Wi-Fi 7
c87060251024 wifi: ath12k: Remove the wifi7 header inclusions in common code
c26f294fef2a wifi: ath12k: Move ieee80211_ops callback to the arch specific module
05774dffb974 wifi: ath12k: Add helper to free DP link peer
35fcf4fa196c wifi: ath12k: Move DP specific link stats to DP link peer
775fe5acc18d wifi: ath12k: Move DP device stats to ath12k_dp
73c928346d09 wifi: ath12k: Add callbacks in arch_ops for rx APIs
85cb0757d7e1 net: Convert proto_ops connect() callbacks to use sockaddr_unsized
0e50474fa514 net: Convert proto_ops bind() callbacks to use sockaddr_unsized
f414f9fd6879 Merge tag 'pci-v6.18-fixes-4' of git://git.kernel.org/pub/scm/linux/kernel/git/pci/pci
50433f6eeaed PCI: qcom: Use frequency and level based OPP lookup
057f1652feb9 Revert "PCI: qcom: Remove custom ASPM enablement code"
e5763491237f Merge tag 'net-6.18-rc4' of git://git.kernel.org/pub/scm/linux/kernel/git/netdev/net
e70515039d44 wifi: ath12k: unassign arvif on scan vdev create failure
448bf7b51426 wifi: ath12k: enforce vdev limit in ath12k_mac_vdev_create()
09486128caef wifi: ath12k: Set EHT fixed rates for associated STAs
5ee9cb2c236b wifi: ath12k: add EHT rates to ath12k_mac_op_set_bitrate_mask()
ab31a9b73c95 wifi: ath12k: Add EHT fixed GI/LTF
6c95151e2e77 wifi: ath12k: Add EHT MCS/NSS rates to Peer Assoc
ec1d9b79be5d wifi: ath12k: add EHT rate handling to existing set rate functions
770bff79424b wifi: ath12k: generalize GI and LTF fixed rate functions
088a099690e4 wifi: ath12k: fix error handling in creating hardware group
00575bb44b2c wifi: ath12k: fix reusing m3 memory
be5febd51c47 wifi: ath12k: fix potential memory leak in ath12k_wow_arp_ns_offload()
9222582ec524 Revert "wifi: ath12k: Fix missing station power save configuration"
9583f9d22991 PCI: brcmstb: Fix disabling L0s capability
b37b6095a94e PCI: vmd: Switch to pci_bus_find_emul_domain_nr()
bcce8c74f1ce PCI: Enable host bridge emulation for PCI_DOMAINS_GENERIC platforms
6633dca572d8 wifi: ath12k: Add lockdep warn for RCU
11157e0910fd wifi: ath12k: Use ath12k_dp_peer in per packet Tx & Rx paths
5525f12fa671 wifi: ath12k: Attach and detach ath12k_dp_link_peer to ath12k_dp_peer
ee16dcf573d5 wifi: ath12k: Define ath12k_dp_peer structure & APIs for create & delete
a88cf5f71adf wifi: ath12k: Add hash table for ath12k_dp_link_peer
0cafe8cc8566 wifi: ath12k: Move ath12k_dp_link_peer list from ath12k_base to ath12k_dp
57ccca410237 wifi: ath12k: Add hash table for ath12k_link_sta in ath12k_base
9e0b56a33384 wifi: ath12k: Rename ath12k_peer to ath12k_dp_link_peer
07174dc94269 wifi: ath12k: Move DP related functions from peer.c to dp_peer.c file
31009296f8ff Merge tag 'pci-v6.18-fixes-3' of git://git.kernel.org/pub/scm/linux/kernel/git/pci/pci
197498315de7 wifi: ath12k: Assert base_lock is held before allocating REO update element
a41281f6518e wifi: ath12k: restore register window after global reset
f7746cfcdbc5 wifi: ath12k: add support for BSS color change
a83155cc4ec5 Merge tag 'wireless-2025-10-23' of https://git.kernel.org/pub/scm/linux/kernel/git/wireless/wireless
d312742f6865 PCI: rcar-gen2: Drop ARM dependency from PCI_RCAR_GEN2
09150ab1a7d2 PCI: mediatek: Add support for Airoha AN7583 SoC
2d58bc777728 PCI: mediatek: Use generic MACRO for TPVPERL delay
04305367fab7 PCI: mediatek: Convert bool to single quirks entry and bitmap
fc2bc2623e3a Revert "PCI: qcom: Prepare for the DWC ECAM enablement"
a1978b692a39 PCI: dwc: Use custom pci_ops for root bus DBI vs ECAM config access
d36978846728 Merge tag 'ath-current-20251006' of git://git.kernel.org/pub/scm/linux/kernel/git/ath/ath
932ec9dff6da PCI: sg2042: Fix a reference count issue in sg2042_pcie_remove()
d2713dfda04e PCI: ixp4xx: Guard ARM32-specific hook_fault_code()
c930b10f17c0 PCI: dw-rockchip: Simplify regulator setup with devm_regulator_get_enable_optional()
38e3a9408496 wifi: ath12k: Add MODULE_FIRMWARE() entries
e433110eb5bf PCI: vmd: Override irq_startup()/irq_shutdown() in vmd_init_dev_msi_info()
9c5f229b1312 wifi: ath12k: fix TX and RX MCS rate configurations in HE mode
8c21b32c2cc8 wifi: ath12k: fix VHT MCS assignment
b94f523cc5a1 wifi: ath12k: Fix NSS value update in ext_rx_stats
6917e268c433 wifi: ath12k: Defer vdev bring-up until CSA finalize to avoid stale beacon
43ba986e7ac7 wifi: ath12k: track dropped MSDU buffer type packets in REO exception ring
36f9edbb9d0f wifi: ath12k: Fix MSDU buffer types handling in RX error path
d34a368be24d wifi: ath12k: Remove struct wmi_bcn_send_from_host_cmd
6eaee77923dd bus: mhi: host: pci_generic: Add Telit FE990B40 modem support
a58b20aa3f89 bus: mhi: ep: Make mhi_ep_bus_type const
d6fc45100aa8 PCI: cadence: Search for MSI Capability with correct ID
25122460e7f9 wifi: ath12k: Drop hal_ prefix from hardware register names
49ba5debad42 wifi: ath12k: Rename hal_ops to ops
6250af607309 wifi: ath12k: Remove the unused ring inits in wcn
2bb41934527d wifi: ath12k: Segregate the common and wifi7 specific structures
ea23813a2e44 wifi: ath12k: Move HAL Cookie Conversion and RBM related APIs to wifi7 directory
17540a7c9b36 wifi: ath12k: Move HAL REO and Rx buf related APIs to wifi7 directory
356942d328a4 wifi: ath12k: Move HAL Tx, REO and link idle setup related APIs to wifi7 directory
eba935ec922f wifi: ath12k: Move HAL CE status and set link desc addr APIs to wifi7 directory
3d947cef0a51 wifi: ath12k: Move HAL CE desc related APIs to wifi7 directory
cb419f582f36 wifi: ath12k: Move HAL SRNG shadow config and get ring id APIs to wifi7 directory
e9f00e22963e wifi: ath12k: Move HAL CE setup and SRNG related APIs to wifi7 directory
b38213660ab9 wifi: ath12k: Use hal handle instead of ab handle
a337bff1db71 wifi: ath12k: Add direct HAL pointer in ath12k_dp
492dea1892da wifi: ath12k: Move hal_params and regs to hal from hw
1c1d4b491d20 wifi: ath12k: Move wbm_rbm_map to hw specific hal files
369cb192c2ec wifi: ath12k: Initialize hal_ops through hal_init
74ed243dad18 wifi: ath12k: Initialize desc_size through hal_init
c0600b35e08d wifi: ath12k: Move srng config and hal_ops to hw specific hal files
c57176c0dad9 wifi: ath12k: Rearrange PPDU radio stats
9e0ee04f818f wifi: ath12k: Refactor data path pdev struct
2f2c7254931f Merge tag 'pci-v6.18-changes' of git://git.kernel.org/pub/scm/linux/kernel/git/pci/pci
92282074e1d2 wifi: ath12k: free skb during idr cleanup callback
6093a688a07d Merge tag 'char-misc-6.18-rc1' of git://git.kernel.org/pub/scm/linux/kernel/git/gregkh/char-misc
43c59341487d Merge branch 'pci/controller/xilinx-nwl'
7fe17980cb4e Merge branch 'pci/controller/xgene'
c4c50d8da88c Merge branch 'pci/controller/tegra'
30eccd3b7d2f Merge branch 'pci/controller/stm32'
0157e111db7d Merge branch 'pci/controller/sophgo'
2ee6181ffdb8 Merge branch 'pci/controller/rcar-host'
86a3f3db9a0f Merge branch 'pci/controller/rcar-gen4'
531abff0fa53 Merge branch 'pci/controller/qcom'
93f32da3d409 Merge branch 'pci/controller/plda'
dde4b05e26c5 Merge branch 'pci/controller/mediatek-gen3'
836eec3a7c6f Merge branch 'pci/controller/keystone'
da72dcc28eb7 Merge branch 'pci/controller/j721e'
efe4466add2f Merge branch 'pci/controller/imx6'
5611712af3e6 Merge branch 'pci/controller/hv'
0a09e23176be Merge branch 'pci/controller/dwc-edma'
f2b2fcf6d64e Merge branch 'pci/controller/dwc'
df1d435baafa Merge branch 'pci/controller/amd-mdb'
f26502c7b895 Merge branch 'pci/endpoint'
fef353037982 Merge branch 'pci/capability-search'
07fdad3a9375 Merge tag 'net-next-6.18' of git://git.kernel.org/pub/scm/linux/kernel/git/netdev/net-next
77633c77eee3 Merge tag 'bitmap-for-6.18' of https://github.com/norov/linux
38057e323657 Merge tag 'soc-drivers-6.18' of git://git.kernel.org/pub/scm/linux/kernel/git/soc/soc
151f3d29baf4 PCI: stm32-ep: Add PCIe Endpoint support for STM32MP25
63a562b33a9c PCI: stm32: Add PCIe host support for STM32MP25
af66c7640cf9 wifi: ath12k: Refactor ath12k_vif structure
39538dc8860a wifi: ath12k: Add framework for hardware specific DP interrupt handler
914c890d3b90 wifi: ath12k: Add framework for hardware specific ieee80211_ops registration
8042e30acd1f wifi: ath12k: Rearrange DP fields in ath12k_hw_group struct
614c23e24ee8 wifi: ath12k: Support arch-specific DP device allocation
3a52762b539f wifi: ath12k: Convert ath12k_dp member in ath12k_base to pointer
98a4f5b73592 PCI: xilinx-nwl: Fix ECAM programming
cfcd6cab2f33 PCI: j721e: Fix incorrect error message in probe()
e51d05f523e4 PCI: keystone: Use devm_request_irq() to free "ks-pcie-error-irq" on exit
cef730075cfe PCI: dwc: Support 16-lane operation
5ed35b4d490d PCI: rcar-host: Convert struct rcar_msi mask_lock into raw spinlock
e1bd928479fb PCI: tegra194: Rename 'root_bus' to 'root_port_bus' in tegra_pcie_downstream_dev_to_D0()
26fda92d3b56 PCI: tegra: Convert struct tegra_msi mask_lock into raw spinlock
2bdf1d428f48 PCI: rcar-gen4: Fix inverted break condition in PHY initialization
0056d29f8c1b PCI: rcar-gen4: Assure reset occurs before DBI access
8795b7058177 PCI: rcar-gen4: Add missing 1ms delay after PWR reset assertion
0a8f173d9dad PCI: rcar-host: Drop PMSR spinlock
0da48c5b2fa7 PCI: dwc: Support ECAM mechanism by enabling iATU 'CFG Shift Feature'
4660e50cf818 PCI: qcom: Prepare for the DWC ECAM enablement
f6fd357f7afb PCI: dwc: Prepare the driver for enabling ECAM mechanism using iATU 'CFG Shift Feature'
c96992a24bec PCI: dwc: Add support for ELBI resource mapping
f8c9ad46b004 PCI: tegra194: Handle errors in BPMP response
42f9c66a6d0c PCI: tegra194: Reset BARs when running in PCIe endpoint mode
82f1cc171ce9 PCI: tegra194: Set pci_epc_features::msi_capable to true
b640d42a6ac9 PCI: tegra194: Fix broken tegra_pcie_ep_raise_msi_irq()
a729c1664619 PCI: qcom: Remove custom ASPM enablement code
d943fa61aeeb Merge tag 'mhi-for-v6.18' of ssh://gitolite.kernel.org/pub/scm/linux/kernel/git/mani/mhi into char-misc-next
2d6a229ecc2d Merge tag 'ath-next-20250922' of git://git.kernel.org/pub/scm/linux/kernel/git/ath/ath
9eb6f553026e wifi: ath12k: enforce CPU endian format for all QMI data
b706fb4e580b wifi: ath12k: Use 1KB Cache Flush Command for QoS TID Descriptors
5e32edc69425 wifi: ath12k: Fix flush cache failure during RX queue update
3bf2e57e7d6c wifi: ath12k: Add Retry Mechanism for REO RX Queue Update Failures
6a0198510584 wifi: ath12k: Refactor REO command to use ath12k_dp_rx_tid_rxq
f829a1f8f275 wifi: ath12k: Refactor RX TID buffer cleanup into helper function
7c32476253f1 wifi: ath12k: Refactor RX TID deletion handling into helper function
82993345aef6 wifi: ath12k: Increase DP_REO_CMD_RING_SIZE to 256
4f152338e384 PCI: tegra194: Fix duplicate PLL disable in pex_ep_event_pex_rst_assert()
7ca61ed8b3f3 wifi: ath12k: Fix peer lookup in ath12k_dp_mon_rx_deliver_msdu()
1c72774df028 PCI: sg2042: Add Sophgo SG2042 PCIe driver
49a6c160ad48 PCI: cadence: Check for the existence of cdns_pcie::ops before using it
54c67740fff7 bus: mhi: host: pci_generic: Set DMA mask for VFs
aa1a0e93ed21 bus: mhi: core: Improve mhi_sync_power_up handling for SYS_ERR state
12543f440588 bus: mhi: host: pci_generic: Reset QDU100 while the MHI driver is removed
fd6e0509d0e8 bus: mhi: host: pci_generic: Add SRIOV support
b4d01c5b9a9d bus: mhi: host: pci_generic: Read SUBSYSTEM_VENDOR_ID for VF's to check status
a9e3d5a69cf8 bus: mhi: host: Add support for separate controller configurations for VF and PF
dcdb05a43df9 wifi: ath12k: Extend beacon miss handling for MLO non-AP STA
9891fbd9d8ec wifi: ath12k: Add support to handle reason inactivity STA kickout event for QCN9274/IPQ5332
59a2ef69ec1d wifi: ath12k: enhance the WMI_PEER_STA_KICKOUT event with reasons and RSSI reporting
6af5bc381b36 wifi: ath12k: report station mode per-chain signal strength
8873edecb388 wifi: ath12k: downgrade log level for CE buffer enqueue failure
43746f13fec6 wifi: ath12k: fix wrong logging ID used for CE
26f8fc0b24fd wifi: ath12k: Add fallback for invalid channel number in PHY metadata
7695fa71c1d5 wifi: ath12k: fix the fetching of combined rssi
6b46e8512918 wifi: ath12k: fix HAL_PHYRX_COMMON_USER_INFO handling in monitor mode
cf412ae7b712 wifi: ath12k: fix signal in radiotap for WCN7850
ea2b0af4c9e3 wifi: ath12k: fix overflow warning on num_pwr_levels
bba2f9faf41e wifi: ath12k: initialize eirp_power before use
87a67cc357a8 wifi: ath12k: Add support to set per-radio RTS threshold
af8df709bf36 PCI: qcom: Move host bridge 'phy' and 'reset' pointers to struct qcom_pcie_port
ecdca1af962b Merge tag 'qcom-drivers-for-6.18' of https://git.kernel.org/pub/scm/linux/kernel/git/qcom/linux into soc/drivers
eea30c760122 PCI: qcom-ep: Remove redundant edma.nr_irqs initialization
09fefb24ed5e PCI: dwc: Verify the single eDMA IRQ in dw_pcie_edma_irq_verify()
22f20375f5b7 Merge tag 'pci-v6.17-fixes-3' of git://git.kernel.org/pub/scm/linux/kernel/git/pci/pci
f5225a34bd8f bus: mhi: ep: Fix chained transfer handling in read path
d5411ed6cabd bus: mhi: host: Notify EE change via uevent
972f34d54015 wifi: ath12k: Change the API prefixes to ath12k_wifi7 in tx/rx
0cdb09b19760 wifi: ath12k: Remove hal_rx_ops and merge into hal_ops
e8a1e49c6328 wifi: ath12k: Add new infra for the rx path
92541061a6fd wifi: ath12k: Move hal_rx_ops callbacks to hal_ops
525373396937 wifi: ath12k: Replace ops with direct calls for rxdma ring mask
dd33e179466e wifi: ath12k: unify HAL ops naming across chips
4ae34800a70d wifi: ath12k: Move the hal APIs to hardware specific files
00139e4d7baf wifi: ath12k: Remove non-compact TLV support from QCN
b816265396da PCI: mvebu: Fix use of for_each_of_range() iterator
82e2be57d544 wifi: ath12k: fix WMI TLV header misalignment
4b66d18918f8 wifi: ath12k: Fix missing station power save configuration
d0856a6dff57 bus: mhi: host: Do not use uninitialized 'dev' pointer in mhi_init_irq_setup()
f842d3313ba1 PCI: j721e: Fix programming sequence of "strap" settings
882569dca664 PCI: plda: Remove dev_err_probe() when the errno is -ENOMEM
ce47f81925ed PCI: hv: Remove unused parameter of hv_msi_free()
376358bb9770 bus: mhi: host: pci_generic: Add support for all Foxconn T99W696 SKU variants
c221cbf8dc54 PCI: imx6: Enable the Vaux supply if available
ea5fbbc15906 PCI: qcom: Fix macro typo for CURSOR
37bf0f4e39de PCI: qcom: Add equalization settings for 8.0 GT/s and 32.0 GT/s
e1a8805e5d26 PCI: tegra: Fix devm_kcalloc() argument order for port->phys allocation
d637c58a2947 wifi: ath12k: Move HTT specific code from dp.c to newly introduced files
611297ee9faf wifi: ath12k: Move HTT Tx specific code to newly introduced files
71a3f92c512e wifi: ath12k: Move HTT Rx specific code to newly introduced files
d3ade00eb6d2 wifi: ath12k: Move HTT code in dp.h to newly introduced files
a45d0e81b242 wifi: ath12k: Move ath12k_dp_tx and related APIs to wifi7 directory
8527d81ee622 wifi: ath12k: Move arch specific tx APIs to wifi7 directory
52c555680bae wifi: ath12k: Move arch specific rx tid and related functions to wifi7 directory
6c7ceff2bed9 wifi: ath12k: Move arch specific REO functions to wifi7 directory
eb2120ae6ab5 wifi: ath12k: Separate arch specific part of RX APIs
5d2df2aa8430 wifi: ath12k: Move srng processing to wifi7 directory
a7cfbb18d411 wifi: ath12k: Move regular msdu processing functions to wifi7 directory
6b4954d3f000 wifi: ath12k: Move rx error and defrag functions to wifi7 directory
8dc72a6f603e wifi: ath12k: Move rxdma ring config functions to wifi7 directory
8658abc7139f wifi: ath12k: Move rx_desc.h file to wifi7 directory
87a230ec2bfa wifi: ath12k: Move hal_desc.h file to wifi7 directory
1a6a4b6c9f0e wifi: ath12k: Move Rx error related functions to wifi7 directory
2ec00a7747cb wifi: ath12k: Move HAL Rx wrapper APIs to dp_rx.h
4f57d71862a7 wifi: ath12k: Move hal_rx.h file to wifi7 directory
020225bbf4fb wifi: ath12k: Move hal_tx.h file to wifi7 directory
dc722ea9ee13 wifi: ath12k: Move hal_tx and hal_rx to wifi7 directory
30e919570581 PCI: dw-rockchip: Switch to FIELD_PREP_WM16 macro
eb0bf4f097c3 PCI: rockchip: Switch to FIELD_PREP_WM16* macros
22c55fb9eb92 wifi: ath12k: Set EMLSR support flag in MLO flags for EML-capable stations
9a7f144e18dc PCI: j721e: Fix module autoloading
45df22935bdc PCI: qcom: Restrict port parsing only to PCIe bridge child nodes
ffdd27d36265 PCI: keystone: Use kcalloc() instead of kzalloc()
d3fee10e40a9 PCI: rcar-host: Pass proper IRQ domain to generic_handle_domain_irq()
0e487f03c6e5 wifi: ath12k: Remove HAL define dependencies from shared AHB code
6cbd171805be wifi: ath12k: Remove HAL defines from shared PCI code
bce3b73d1ca7 wifi: ath12k: Rename ath12k_* symbols to ath12k_wifi7_* for clarity
a72027045263 wifi: ath12k: Modularize driver into common and Wi-Fi 7 specific components
83cd89a9556a wifi: ath12k: Move hw_init invocation to target-specific probe
387b587a861c wifi: ath12k: Move Wi-Fi 7 specific init routines to dedicated file
db2929711d70 wifi: ath12k: Restructure ahb.c into common and Wi-Fi 7 specific modules
bca2b24d9dd9 wifi: ath12k: Rename ahb_hif_ops to reflect generic usage
3f8d0eb8037b wifi: ath12k: Rename hw.c to Wi-Fi 7 specific implementation file
7f54938fc525 wifi: ath12k: Move Wi-Fi 7 MHI configuration to dedicated file
d650b777858f wifi: ath12k: Move Wi-Fi 7 WMI configuration to dedicated file
5e545696a398 wifi: ath12k: Move Copy Engine configuration to Wi-Fi 7 specific file
f844982696f5 wifi: ath12k: Restructure PCI code to common and Wi-Fi 7 specific logic
907912c1daa7 PCI: cadence: Use cdns_pcie_find_*capability() to avoid hardcoding offsets
18ac51ae9df9 PCI: cadence: Implement capability search using PCI core APIs
3a33020d22bf PCI: dwc: ep: Implement capability search using PCI core APIs
81fedb39a9f0 PCI: mediatek-gen3: Add support for MediaTek MT8196 SoC
a895dc47ceba PCI: mediatek-gen3: Implement sys clock ready time setting
8ffc9f234fdf PCI: dwc: Implement capability search using PCI core APIs
27fce9e8c6f0 PCI: endpoint: Drop superfluous pci_epc_features initialization
5149bbb56bdc PCI: vmd: Remove MSI-X check on child devices
3f69f2e78799 PCI: xilinx: Fix NULL pointer dereference in xilinx_pcie_intr_handler()
0daf35da397b soc: qcom: mdt_loader: Remove pas id parameter
b26fc701a251 PCI: xgene-msi: Return negative -EINVAL in xgene_msi_handler_setup()
1d0156c8b230 PCI: amd-mdb: Add support for PCIe RP PERST# signal handling
d96ac5bdc52b PCI: rcar-gen4: Fix PHY initialization
add7b05aeeb4 PCI: qcom: Select PCI Power Control Slot driver
d5c647b08ee0 PCI: vmd: Fix wrong kfree() in vmd_msi_free()
0bd0a41a5120 Merge tag 'pci-v6.17-changes' of git://git.kernel.org/pub/scm/linux/kernel/git/pci/pci
58d2b6b6b214 Merge branch 'pci/misc'
0edfffd24c64 Merge branch 'pci/controller/xgene'
656626e81a7e Merge branch 'pci/controller/vmd'
e070bde5b323 Merge branch 'pci/controller/sophgo'
090fc11428a3 Merge branch 'pci/controller/rockchip-host'
90eb421c46fd Merge branch 'pci/controller/rockchip'
81b3be6cc58a Merge branch 'pci/controller/qcom'
d5b0b60ab054 Merge branch 'pci/controller/mvebu'
ed1e2002b748 Merge branch 'pci/controller/imx6'
4cf171327a80 Merge branch 'pci/controller/dw-rockchip'
f623d50c125d Merge branch 'pci/controller/dwc'
4441df6adcb3 Merge branch 'pci/controller/cadence'
dc6061ed6bec Merge branch 'pci/controller/brcmstb'
480b315376ee Merge branch 'pci/controller/linkup-fix'
8be4d31cb8aa Merge tag 'net-next-6.17' of git://git.kernel.org/pub/scm/linux/kernel/git/netdev/net-next
0d5ec7919f37 Merge tag 'char-misc-6.17-rc1' of git://git.kernel.org/pub/scm/linux/kernel/git/gregkh/char-misc
126d85fb0405 Merge tag 'wireless-next-2025-07-24' of https://git.kernel.org/pub/scm/linux/kernel/git/wireless/wireless-next
467d9c0348d6 PCI: dwc: Add Sophgo SG2044 PCIe controller driver in Root Complex mode
d7d8ab87e3e7 PCI: vmd: Switch to msi_create_parent_irq_domain()
63984ea71a6c PCI: vmd: Convert to lock guards
d7703cf5c402 PCI: plda: Switch to msi_create_parent_irq_domain()
f29861aa301c PCI: xilinx: Switch to msi_create_parent_irq_domain()
710a1494e157 PCI: xilinx-nwl: Switch to msi_create_parent_irq_domain()
d08c7e502c9f PCI: xilinx-xdma: Switch to msi_create_parent_irq_domain()
dd26c1a23fd5 PCI: rcar-host: Switch to msi_create_parent_irq_domain()
e449cb9afc96 PCI: mediatek: Switch to msi_create_parent_irq_domain()
9a35a26485b3 PCI: mediatek-gen3: Switch to msi_create_parent_irq_domain()
e275e38a61a1 PCI: iproc: Switch to msi_create_parent_irq_domain()
ebcc2fbd3398 PCI: brcmstb: Switch to msi_create_parent_irq_domain()
cf154cccd8c9 PCI: altera-msi: Switch to msi_create_parent_irq_domain()
750277048afe PCI: aardvark: Switch to msi_create_parent_irq_domain()
0cb6d733983c PCI: mobiveil: Switch to msi_create_parent_irq_domain()
8e717112caf3 PCI: dwc: Switch to msi_create_parent_irq_domain()
a103d2dede56 PCI: controller: Use dev_fwnode() instead of of_fwnode_handle()
8b5a19b4ff6a Merge git://git.kernel.org/pub/scm/linux/kernel/git/netdev/net
2e6ea70690dd PCI: imx6: Delay link start until configfs 'start' written
d31eb2174255 PCI: imx6: Remove apps_reset toggling from imx_pcie_{assert/deassert}_core_reset
50fcd1c14e36 PCI: Fix typos
c79a7ca8fb72 PCI: mvebu: Use devm_add_action_or_reset() instead of devm_add_action()
6aceb36f17ab PCI: xgene-msi: Restructure handler setup/teardown
cd5ffaf2b1a8 PCI: xgene-msi: Probe as a standard platform driver
3cc8f625e4c6 PCI: xgene-msi: Resend an MSI racing with itself on a different CPU
17c1f960cbf0 PCI: xgene-msi: Sanitise MSI allocation and affinity setting
011f4fc1e8de PCI: xgene-msi: Get rid of intermediate tracking structure
c9c1578f11af PCI: xgene-msi: Use device-managed memory allocations
0756244d4cbc PCI: xgene-msi: Drop superfluous fields from xgene_msi structure
d17e3f8a933f PCI: xgene-msi: Make per-CPU interrupt setup robust
fddf72ed7b52 PCI: xgene: Drop XGENE_PCIE_IP_VER_UNKN
e3ac25cc95b8 PCI: xgene: Drop useless conditional compilation
0d402bd41a07 PCI: xgene: Defer probing if the MSI widget driver hasn't probed yet
ee0e5ce2790c Merge tag 'ath-next-20250721' of git://git.kernel.org/pub/scm/linux/kernel/git/ath/ath into wireless-next
4a2bf707270f wifi: ath12k: Correct tid cleanup when tid setup fails
c4825d540f4b wifi: ath12k: bring DFS support back for WCN7850
306facc029ba wifi: ath12k: Prefer {} to {0} in initializers
234b9258c690 PCI: imx6: Add LUT configuration for MSI/IOMMU in Endpoint mode
9d0ca8df2451 PCI: imx6: Add helper function imx_pcie_add_lut_by_rid()
5f054ef2e0f1 Merge tag 'hyperv-fixes-signed-20250718' of git://git.kernel.org/pub/scm/linux/kernel/git/hyperv/linux
d29591d5b52e wifi: ath12k: Advertise encapsulation/decapsulation offload support to mac80211
981050b918fc wifi: ath12k: Fix TX status reporting to mac80211 when offload is enabled
192c8e9a131f wifi: ath12k: Fix the handling of TX packets in Ethernet mode
60c46a0bd34b Merge tag 'mhi-for-v6.17' of ssh://gitolite.kernel.org/pub/scm/linux/kernel/git/mani/mhi into char-misc-next
00559ba3ae74 bus: mhi: host: pci_generic: Add Telit FN990B40 modem support
5bd398e20f08 bus: mhi: host: Detect events pointing to unexpected TREs
0d63055e1406 bus: mhi: host: pci_generic: Add Foxconn T99W696 modem
e99f55e438d1 bus: mhi: host: Use str_true_false() helper
b484fa61acea bus: mhi: host: pci_generic: Add support for EM929x and set MRU to 32768 for better performance.
f471578e8b1a bus: mhi: host: Fix endianness of BHI vector table
0494cf9793b7 bus: mhi: host: pci_generic: Disable runtime PM for QDU100
ae5a34264354 bus: mhi: host: pci_generic: Fix the modem name of Foxconn T99W640
1a50c5ca394a wifi: ath12k: Add support to parse max ext2 wmi service bit
8f1a078842d4 wifi: ath12k: fix endianness handling while accessing wmi service bit
af2d6148d2a1 Merge git://git.kernel.org/pub/scm/linux/kernel/git/netdev/net
6832a9317eee Merge tag 'net-6.16-rc7' of git://git.kernel.org/pub/scm/linux/kernel/git/netdev/net
e8e7c1e95d6d PCI: brcmstb: Replace open coded value with PCIE_T_RRS_READY_MS
a2fbecdbbb9d PCI: qcom: Add support for parsing the new Root Port binding
7d944c0f1469 PCI: qcom: Add support for Qualcomm SA8255p based PCIe Root Complex
399444a87acd PCI: imx6: Add IMX8MM_EP and IMX8MP_EP fixed 256-byte BAR 4 in epc_features
c523fa63ac1d PCI: imx6: Add IMX8MQ_EP third 64-bit BAR in epc_features
8ac2a383d4ce wifi: ath12k: remove unneeded semicolon in ath12k_mac_parse_tx_pwr_env()
136aad17e142 wifi: ath12k: Validate peer_id before searching for peer
66b3ebc77d23 wifi: ath12k: Use HTT_TCL_METADATA_VER_V1 in FTM mode
6f490bb4a982 PCI: hv: Use the correct hypercall for unmasking interrupts on nested
9d2abd4162fc wifi: ath12k: Add support to enqueue management frame at MLD level
545b669403d7 wifi: ath12k: Enable memory profile selection for QCN9274
6397b92bbb00 wifi: ath12k: Refactor macros to use memory profile-based values
d11d81c46987 wifi: ath12k: Remove redundant TID calculation for QCN9274
defae535dd63 wifi: ath12k: Add a table of parameters entries impacting memory consumption
379f604cc3dc Merge tag 'pci-v6.16-fixes-3' of git://git.kernel.org/pub/scm/linux/kernel/git/pci/pci
979c5ce4a376 wifi: ath12k: support average ack rssi in station dump
afcefc58fdfd wifi: ath12k: Fix packets received in WBM error ring with REO LUT enabled
5f83d6337c9c PCI: hv: Switch to msi_create_parent_irq_domain()
27ba973caaf8 wifi: ath12k: allow beacon protection keys to be installed in hardware
0424cc3d70f6 wifi: ath12k: set RX_FLAG_SKIP_MONITOR in WBM error path
fee9b1f66911 wifi: ath12k: pack HTT pdev rate stats structs
2109e98503bc wifi: ath12k: update unsupported bandwidth flags in reg rules
f84b21da3624 PCI: hv: Don't load the driver for baremetal root partition
4a4f15170b63 PCI: hv: Fix warnings for missing export.h header inclusion
a1bff3d6cc45 wifi: ath12k: Add num_stations counter for each interface
acab697c32f7 wifi: ath12k: properly set bit for pdev mask for firmware PPDU_STATS request
80570587e418 wifi: ath12k: Block radio bring-up in FTM mode
93a1cdb9cd94 wifi: ath12k: advertise NL80211_FEATURE_TX_POWER_INSERTION support
d45d015448fc wifi: ath12k: add support for Tx Power insertion in RRM action frame
a0b963e1da5b wifi: ath12k: fetch tx_retry and tx_failed from htt_ppdu_stats_user_cmpltn_common_tlv
e0618fca1af2 wifi: ath12k: correctly update bw for ofdma packets
ebde0514b4f4 wifi: ath12k: add EHT support for TX rate
3b8aa249d0fc wifi: ath12k: add link support for multi-link in arsta
ebebe66ec208 wifi: ath12k: fill link station statistics for MLO
114b06ee108c PCI: rockchip: Set Target Link Speed to 5.0 GT/s before retraining
cbbfe9f683f0 PCI: rockchip: Use standard PCIe definitions
c1dc61aede55 PCI: dwc: Make dw_pcie_ptm_ops static
a82ce08775bc wifi: ath12k: add extended NSS bandwidth support for 160 MHz
18ab9d038fad wifi: ath12k: add support for 160 MHz bandwidth
dd25a004fb66 wifi: ath12k: clean up 80P80 support
9ad6b169ddef wifi: ath12k: add support for setting fixed HE rate/GI/LTF
5ab7479a063d wifi: ath12k: generate rx and tx mcs maps for supported HE mcs
1eafb8d15d8a wifi: ath12k: move HE MCS mapper to a separate function
df8207bc0b48 wifi: ath12k: push EHT MU-MIMO params to hardware
5d6707e88e7f wifi: ath12k: push HE MU-MIMO params to hardware
fefbc58271be PCI: host-generic: Rename and export gen_pci_init() for PCIe controller drivers
a60d92f6d941 PCI: dwc: Export DWC MSI controller related APIs
bdb32a0f6780 PCI: host-generic: Set driver_data before calling gen_pci_init()
643c0c9d0496 PCI: apple: Add tracking of probed root ports
6e17bbb5a86e wifi: ath12k: fix timeout while waiting for regulatory update during interface creation
81a0286cefe6 wifi: ath12k: Add support to RTT stats
a7f74e782e27 wifi: ath12k: Add support to TDMA and MLO stats
ffc7adb0a121 wifi: ath12k: Add support for transmit histogram stats
c27bb624b3d7 wifi: ath12k: Clear auth flag only for actual association in security mode
ed32169be1cc wifi: ath12k: fix dest ring-buffer corruption when ring is full
e834da4cbd6f wifi: ath12k: fix source ring-buffer corruption
79390f613d63 wifi: ath12k: use plain access for descriptor length
8157ce533a60 wifi: ath12k: fix dest ring-buffer corruption
a44958c83e52 wifi: ath12k: Send WMI_VDEV_SET_TPC_POWER_CMD for AP vdev
9903c0986f78 wifi: ath12k: Add memset and update default rate value in wmi tx completion
ce7c93d196bf wifi: ath12k: Fix beacon reception for sta associated to Non-TX AP
70eeacc1a92a wifi: ath12k: Fix station association with MBSSID Non-TX BSS
662e9032140f wifi: ath12k: use real noise floor instead of default value
0314ee81a91d wifi: ath12k: handle WMI event for real noise floor calculation
032f05be51ab PCI: dwc: Simplify the return value of PTM debugfs functions returning bool
d7467bc72ce4 PCI: Move link up wait time and max retries macros to pci.h
80dc18a0cba8 PCI: dwc: Ensure that dw_pcie_wait_for_link() waits 100 ms after link up
15b6b243cc2b PCI: qcom: Wait PCIE_RESET_CONFIG_WAIT_MS after link-up IRQ
c7eb9c5e1498 PCI: dw-rockchip: Wait PCIE_RESET_CONFIG_WAIT_MS after link-up IRQ
bbc6a829ad3f PCI: rockchip-host: Use macro PCIE_RESET_CONFIG_WAIT_MS
817f989700fd PCI: Rename PCIE_RESET_CONFIG_DEVICE_WAIT_MS to PCIE_RESET_CONFIG_WAIT_MS
7322a7d80c48 Merge tag 'ath-next-20250624' of git://git.kernel.org/pub/scm/linux/kernel/git/ath/ath
b74947b4f6ff wifi: cfg80211/mac80211: Add support to get radio index
05062834350f wifi: ath12k: Pass ab pointer directly to ath12k_dp_tx_get_encap_type()
54c350055b1d wifi: ath12k: Fix double budget decrement while reaping monitor ring
b79742b84e16 wifi: ath12k: Enable REO queue lookup table feature on QCN9274 hw2.0
c19c24c3b9e2 wifi: ath12k: Add missing include of export.h
7c0884fcd2dd wifi: ath12k: Decrement TID on RX peer frag setup error handling
359d69285adc wifi: ath12k: remove monitor handling from ath12k_dp_rx_deliver_msdu()
66e865f9dc78 wifi: ath12k: install pairwise key first
49375e11819b wifi: ath12k: avoid bit operation on key flags
906619a00967 wifi: ath12k: handle regulatory hints during mac registration
437c7a2db6a3 wifi: ath12k: update channel list in worker when wait flag is set
acc152f9be20 wifi: ath12k: combine channel list for split-phy devices in single-wiphy
feed05f1526e wifi: ath12k: Split scan request for split band device
14c7d7eac1bf wifi: ath12k: Prepare ahvif scan link for parallel scan
0f9842b0b0e5 wifi: ath12k: disable pdev for non supported country
36670b67de18 wifi: ath12k: Avoid accessing uninitialized arvif->ar during beacon miss
a364d10ffe36 PCI: brcmstb: Set MLW based on "num-lanes" DT property if present
255c891533d8 PCI: vmd: Add VMD Device ID Support for Panther Lake (PTL)-H/P/U
62deb67fc519 Merge git://git.kernel.org/pub/scm/linux/kernel/git/netdev/net
c0b93754547d PCI: dw-rockchip: Delay link training after hot reset in EP mode
1a69c63fdf1c PCI: rockchip: Remove redundant PCIe message routing definitions
f28413fe0899 PCI: cadence: Replace private message routing enums with PCI core definitions
ad5e9178cec5 wifi: ath12k: don't wait when there is no vdev started
ac7b8ff7839d wifi: ath12k: don't use static variables in ath12k_wmi_fw_stats_process()
9a353a4a11a4 wifi: ath12k: avoid burning CPU while waiting for firmware stats
a48a931a32f8 wifi: ath12k: fix documentation on firmware stats
d9dbc6b8b94a wifi: ath12k: don't activate more links than firmware supports
2296038fd35a wifi: ath12k: update link active in case two links fall on the same MAC
c36f2cd628f9 wifi: ath12k: support WMI_MLO_LINK_SET_ACTIVE_CMDID command
e47b11e3bd34 wifi: ath12k: update freq range for each hardware mode
241d130f1419 wifi: ath12k: parse and save sbs_lower_band_end_freq from WMI_SERVICE_READY_EXT2_EVENTID event
062ade23991e wifi: ath12k: parse and save hardware mode info from WMI_SERVICE_READY_EXT_EVENTID event for later use
18ae7d0cdd76 wifi: ath12k: Avoid CPU busy-wait by handling VDEV_STAT and BCN_STAT
0f0decc777d7 Merge branch 'shradha_v6.16-rc1' of https://github.com/shradhagupta6/linux
701aa9ad1e7b bus: mhi: host: Make local functions static
ad518f2557b9 PCI: hv: Allow dynamic MSI-X vector allocation
27605c8c0f69 Merge tag 'net-6.16-rc2' of git://git.kernel.org/pub/scm/linux/kernel/git/netdev/net
1fdb13f92388 PCI: rockchip-host: Remove unused header includes
917600e63021 PCI: rockchip-host: Correct non-fatal error log message
fcc5f586c4ed PCI: rockchip-host: Fix "Unexpected Completion" log message
8d60350891b1 Merge tag 'ath-current-20250608' of git://git.kernel.org/pub/scm/linux/kernel/git/ath/ath
41cb08555c41 treewide, timers: Rename from_timer() to timer_container_of()
f3fe49dbddd7 wifi: ath12k: fix uaf in ath12k_core_init()
b6bca6d7149e wifi: ath12k: Fix hal_reo_cmd_status kernel-doc
7588a893cde5 wifi: ath12k: fix GCC_GCC_PCIE_HOT_RST definition for WCN7850
c26f4fbd5837 Merge tag 'char-misc-6.16-rc1' of git://git.kernel.org/pub/scm/linux/kernel/git/gregkh/char-misc
3719a04a80ca Merge tag 'pci-v6.16-changes' of git://git.kernel.org/pub/scm/linux/kernel/git/pci/pci
db847adbf99f Merge branch 'pci/ptm-debugfs'
df52b63940e6 Merge branch 'pci/controller/tegra194'
fd0c51f7eb4b Merge branch 'pci/controller/rockchip'
d96c67a57ca6 Merge branch 'pci/controller/rcar-gen4'
05cf00aa05af Merge branch 'pci/controller/qcom'
c7b9c591245e Merge branch 'pci/controller/mvebu'
dee6ce5c6f1d Merge branch 'pci/controller/mobiveil'
f4ff0b0ed26c Merge branch 'pci/controller/imx6'
20611193be98 Merge branch 'pci/controller/dwc'
00c78a3c3fc3 Merge branch 'pci/controller/dwc-ep'
20279628bb5e Merge branch 'pci/controller/dw-rockchip'
3f0b36295ea3 Merge branch 'pci/controller/cadence'
c3b2f9dccba5 Merge branch 'pci/controller/apple'
2ce738726adf Merge branch 'pci/endpoint'
4dac48e8a755 Merge branch 'pci/pwrctrl'
c00b28502470 Merge tag 'hyperv-next-signed-20250602' of git://git.kernel.org/pub/scm/linux/kernel/git/hyperv/linux
3c05e88413f7 PCI: j721e: Fix host/endpoint dependencies
a2790bf81f0f PCI: j721e: Add support to build as a loadable module
3a4b05c9bae4 PCI: cadence-ep: Introduce cdns_pcie_ep_disable() helper for cleanup
47f25da6c5ea PCI: cadence-host: Introduce cdns_pcie_host_disable() helper for cleanup
f876904e4436 PCI: cadence: Add support to build pcie-cadence library as a kernel module
ec49e253322b PCI: qcom: Replace PERST# sleep time with proper macro
d34719d0e81f PCI: dw-rockchip: Replace PERST# sleep time with proper macro
d1c696dba120 PCI: host-common: Convert to library for host controller drivers
1b98f357dadd Merge tag 'net-next-6.16' of git://git.kernel.org/pub/scm/linux/kernel/git/netdev/net-next
16b2da850f6f PCI: cadence: Remove duplicate message code definitions
de0321bcc5fd PCI: endpoint: Align pci_epc_set_msix(), pci_epc_ops::set_msix() nr_irqs encoding
f62da6e7270c PCI: endpoint: Align pci_epc_set_msi(), pci_epc_ops::set_msi() nr_irqs encoding
0917ed8f16b6 PCI: endpoint: Align pci_epc_get_msix(), pci_epc_ops::get_msix() return value encoding
f7f15fc53245 PCI: endpoint: Align pci_epc_get_msi(), pci_epc_ops::get_msi() return value encoding
c8bcb01352a8 PCI: cadence-ep: Correct PBA offset in .set_msix() callback
810276362bad PCI: dwc: ep: Correct PBA offset in .set_msix() callback
44ed0f35df34 Merge tag 'irq-msi-2025-05-25' of git://git.kernel.org/pub/scm/linux/kernel/git/tip/tip
d5fc1909349e wifi: ath12k: switch to PCI_PWRCTRL_PWRSEQ
dd1af0c4c56d PCI: hv: Remove unnecessary flex array in struct pci_packet
d684f9b28809 PCI: hv: Get vPCI MSI IRQ domain from DeviceTree
886bb3624e4c wifi: ath12k: fix regdomain update failure when connection establishes
37e775a0a9d7 wifi: ath12k: fix regdomain update failure when adding interface
d662c14a5191 wifi: ath12k: fix regdomain update failure after 11D scan completes
d28b0977909d Merge tag 'mhi-for-v6.16' of ssh://gitolite.kernel.org/pub/scm/linux/kernel/git/mani/mhi into char-misc-next
0d777aa2ca77 wifi: ath12k: fix mac pdev frequency range update
1d79596e8661 PCI: dwc: ep: Fix errno typo
1cbc77e0bc32 wifi: ath12k: remove redundant regulatory rules intersection logic in host
e66396cd0804 wifi: ath12k: Send MCS15 support to firmware during peer assoc
241dfac96279 wifi: ath12k: Fix scan initiation failure handling
246eb353fbe9 wifi: ath12k: fix memory leak in WMI firmware stats
6b67d2cf14ea wifi: ath12k: fix ring-buffer corruption
89142d34d560 wifi: ath12k: fix memory leak in ath12k_service_ready_ext_event
a9610bc482ef wifi: ath12k: support usercase-specific firmware overrides
167e6fc7a447 wifi: ath12k: Adjust the process of resource release for ahb bus
aabd3be90579 wifi: ath12k: Reorder and relocate the release of resources in ath12k_core_deinit()
84873d542e95 wifi: ath12k: print device dp stats in debugfs
c5c62287e690 wifi: ath12k: Add device dp stats support
b602f1f2d6d4 wifi: ath12k: change soc name to device name
3126f1c52af5 wifi: ath12k: Fix invalid RSSI values in station dump
172e1570e1d3 wifi: ath12k: pass link_conf for tx_arvif retrieval
4bcf9525bc49 wifi: ath12k: update EMLSR capabilities of ML Station
a5f95d3d02d9 wifi: ath12k: Prevent multicast duplication for dynamic VLAN
55cbbf25fbde wifi: ath12k: Enable AST index based address search in Station Mode
6c262794ad9d wifi: ath12k: enable monitor mode for WCN7850
1cf514fdc790 wifi: ath12k: use different packet offset for WCN7850
f4dd79e9b5d3 wifi: ath12k: init monitor parameters for WCN7850
72bfbf19b7da wifi: ath12k: add support to reap and process mon dest ring
ac885978a5ab wifi: ath12k: use ath12k_buffer_addr in ath12k_dp_rx_link_desc_return()
a69bbf89d751 wifi: ath12k: fix macro definition HAL_RX_MSDU_PKT_LENGTH_GET
78d3d907d0f1 wifi: ath12k: add support to reap and process monitor status ring
5f15468f5fd3 wifi: ath12k: add monitor mode handler by monitor status ring interrupt
18d26d156c22 wifi: ath12k: add interrupt configuration for mon status ring
4cd8b48f5d88 wifi: ath12k: add ring config for monitor mode on WCN7850
c703c6acd667 wifi: ath12k: add srng config template for mon status ring
5887ffb18703 wifi: ath12k: avoid call ath12k_dp_mon_parse_rx_dest_tlv() for WCN7850
07a273d1e6f4 wifi: ath12k: parse msdu_end tlv in ath12k_dp_mon_rx_parse_status_tlv()
1ab2e9046b4f wifi: ath12k: Abort scan before removing link interface to prevent duplicate deletion
29cb3d26d01c wifi: ath12k: use WMI_VDEV_SET_TPC_POWER_CMDID when EXT_TPC_REG_SUPPORT for 6 GHz
9a9e8ea7f6d3 wifi: ath12k: add handler for WMI_VDEV_SET_TPC_POWER_CMDID
aeda163bb0c7 wifi: ath12k: fill parameters for vdev set TPC power WMI command
b0501a0ee772 wifi: ath12k: save max transmit power in vdev start response event from firmware
cccbb9d0dd6a wifi: ath12k: add parse of transmit power envelope element
d6b11d0ddadb wifi: ath12k: save power spectral density(PSD) of regulatory rule
7ed3e88664e3 wifi: ath12k: update regulatory rules when connection established
4c546023d71a wifi: ath12k: update regulatory rules when interface added
ee2fc1f7347e wifi: ath12k: determine interface mode in _op_add_interface()
eaa027a1d83f wifi: ath12k: store reg info for later use
75639b743515 wifi: ath12k: move reg info handling outside
fafa6ff0823b wifi: ath12k: add support to select 6 GHz regulatory type
c96bce15c568 wifi: ath12k: refactor ath12k_reg_build_regd()
9e8e55c5832d wifi: ath12k: refactor ath12k_reg_chan_list_event()
ef115c265a21 wifi: ath12k: fix a possible dead lock caused by ab->base_lock
d1b4ccc24ea6 wifi: ath12k: delete mon reap timer
7971bda2fe57 wifi: ath12k: Add support to simulate firmware crash
944242787695 PCI: tegra: Convert to MSI parent infrastructure
ae79351ef280 PCI: xgene: Convert to MSI parent infrastructure
5d627a9484ec PCI: apple: Convert to MSI parent infrastructure
6a08164de9fc Merge irq/cleanup fragments into irq/msi
4b5e1d97154d PCI: Switch to irq_domain_create_linear()
88c3aaf46ce8 wifi: ath12k: Use scan link ID 15 for all scan operations
8dc8340c1978 wifi: ath12k: handle scan link during vdev create
31d48b93b1f8 wifi: ath12k: read country code from SMBIOS for WCN7850
5fbfae69e78d PCI: qcom-ep: Mask PTM_UPDATING interrupt
852a1fdd34a8 PCI: dwc: Add debugfs support for PTM context
87a9d0cd6748 PCI: dwc: Pass DWC PCIe mode to dwc_pcie_debugfs_init()
6348f62ef7ec bus: mhi: host: pci_generic: Add Telit FN920C04 modem support
ce7cc522e9ff bus: mhi: host: pci_generic: Remove redundant assign resource usage
4d92e7c5ccad bus: mhi: host: Fix conflict between power_up and SYSERR
1a176b25f5d6 PCI: cadence: Simplify J721e link status check
0a9d6a3d0fd1 PCI: mobiveil: Return bool from link up check
f46bfb1d3c6a PCI: dwc: Return bool from link up check
2612378d442a PCI: dwc: ep: Use FIELD_GET() where applicable
ed798ff1c52f PCI: tegra194: Create debugfs directory only when CONFIG_PCIEASPM is enabled
af3c6eacce0c PCI: dwc: Make link training more robust by setting PORT_LOGIC_LINK_WIDTH to one lane
286ed198b899 PCI: dw-rockchip: Fix PHY function call sequence in rockchip_pcie_phy_deinit()
5e2664f9e108 PCI: ls-gen4: Use to_delayed_work()
5e5a3bf48eed PCI: dw-rockchip: Use rockchip_pcie_link_up() to check link up instead of open coding
ae8ed2b091ee PCI: dw-rockchip: Reorganize register and bitfield definitions
c2f61b8479b2 PCI: dw-rockchip: Remove unused PCIE_CLIENT_GENERAL_DEBUG definition
e4d66131caaf PCI: imx6: Save and restore the LUT setting during suspend/resume for i.MX95 SoC
047e8b6b3bc3 PCI: imx6: Add PLL lock check for i.MX95 SoC
744a1c20ce93 PCI: imx6: Add workaround for errata ERR051586
ce0c43e855c7 PCI: imx6: Add workaround for errata ERR051624
47f54a902dcd PCI: imx6: Toggle the core reset for i.MX95 PCIe
4a4be0c088e3 PCI: imx6: Call dw_pcie_wait_for_link() from start_link() callback only when required
9c03e30e3ade PCI: imx6: Skip link up workaround for newer platforms
d4a5d7e6d91f PCI: dw-rockchip: Move rockchip_pcie_ep_hide_broken_ats_cap_rk3588() to dw_pcie_ep_ops::init()
198e69cc4150 PCI: dw-rockchip: Enable ASPM L0s capability for both RC and EP modes
7d9b5d611553 PCI: dw-rockchip: Remove PCIE_L0S_ENTRY check from rockchip_pcie_link_up()
9ceba431a315 Merge tag 'ath-next-20250418' of git://git.kernel.org/pub/scm/linux/kernel/git/ath/ath into wireless-next
6f18d174b73d bus: mhi: ep: Update read pointer only after buffer is written
f600832794c9 wifi: mac80211: restructure tx profile retrieval for MLO MBSSID
4e639f11d6e0 PCI: apple: Add T602x PCIe support
3f1ccd6e85d7 PCI: apple: Abstract register offsets via a SoC-specific structure
7334364f9de7 PCI: apple: Use gpiod_set_value_cansleep in probe flow
de9637c9f782 PCI: apple: Drop poll for CORE_RC_PHYIF_STAT_REFCLK
80b31fbbcac4 PCI: apple: Move port PHY registers to their own reg items
7fa9fbf39116 PCI: apple: Fix missing OF node reference in apple_pcie_setup_port
0411c90eee6f PCI: apple: Move away from INTMSK{SET,CLR} for INTx and private interrupts
ed982862ce98 PCI: apple: Dynamically allocate RID-to_SID bitmap
4785591f96c7 PCI: apple: Move over to standalone probing
afc0a570bb61 PCI: host-generic: Extract an ECAM bridge creation helper from pci_host_common_probe()
3e5127469a8d PCI: qcom: Add support for IPQ5018
09483959e34d PCI: dwc: Add support for configuring lane equalization presets
8805f32a96d3 PCI: cadence: Fix runtime atomic count underflow
a7d824b2df0d PCI: rockchip-ep: Mark RK3399 as intx_capable
751bec089c4e PCI: apple: Set only available ports up
5da3d94a23c6 PCI: mvebu: Use for_each_of_range() iterator for parsing "ranges"
f9eb654fb194 PCI: dwc: Update pci->num_lanes to maximum supported link width
b584ab12d59f PCI: rcar-gen4: set ep BAR4 fixed size
c7540e5423d7 PCI: rockchip: Fix order of rockchip_pci_core_rsts
7e7f948c7d14 wifi: ath12k: Don't use %pK through printk
823435bd2310 wifi: ath12k: fix node corruption in ar->arvifs list
e9e094a9734e wifi: ath12k: Prevent sending WMI commands to firmware during firmware crash
0ca04ad0cdfb wifi: ath12k: avoid multiple skb_cb fetch in ath12k_mac_mgmt_tx_wmi()
f5d6b15d9503 wifi: ath12k: fix wrong handling of CCMP256 and GCMP ciphers
8599d4cc4191 wifi: ath12k: Fix the QoS control field offset to build QoS header
25be5d1d1e05 wifi: ath12k: Avoid allocating rx_stats when ext_rx_stats is disabled
f335295aa29c wifi: ath12k: avoid deadlock during regulatory update in ath12k_regd_update()
763216fe6c5d wifi: ath12k: Add MSDU length validation for TKIP MIC error
9f17747fbda6 wifi: ath12k: fix invalid access to memory
4541b0c8c3c1 wifi: ath12k: correctly handle mcast packets for clients
cb7433cc5cd4 wifi: ath12k: using msdu end descriptor to check for rx multicast packets
13324cecbb2c wifi: ath12k: Update frequency range if reg rules changes
657b0c72c4ad wifi: ath12k: Fix frequency range in driver
b7544de8a298 wifi: ath12k: Add helper function ath12k_mac_update_freq_range()
65bf4ed2db9a wifi: ath12k: Use skb->len for dma_unmap_single() length parameter
1e326ada3586 wifi: ath12k: Fix memory leak during extended skb allocation
10ec3d54df78 wifi: ath12k: Refactor tx descriptor handling in tx completion handler
37a068fc9dc4 wifi: ath12k: Handle error cases during extended skb allocation
176f3009ae59 wifi: ath12k: support 2 channels for single pdev device
bcdf2620f957 wifi: ath12k: don't skip non-primary links for WCN7850
3b9cbce6fdd3 wifi: ath12k: alloc REO queue per station
3aba3a142265 wifi: ath12k: group REO queue buffer parameters together
ead6d41116b8 wifi: ath12k: make assoc link associate first
0cd46d1f36ce wifi: ath12k: identify assoc link vif in station mode
32f7b19668bd wifi: ath12k: support MLO as well if single_chip_mlo_support flag is set
6b85b83e4651 wifi: ath12k: use fw_features only when it is valid
dad6de9070a8 wifi: ath12k: introduce ath12k_fw_feature_supported()
f5755c23ed8a wifi: ath12k: reset MLO global memory during recovery
929069c1bdb7 wifi: ath12k: handle ath12k_core_reset() with hardware grouping
3e1312f01b50 wifi: ath12k: handle ath12k_core_restart() with hardware grouping
718ead261feb wifi: ath12k: fix ath12k_core_pre_reconfigure_recovery() with grouping
1d55625bc2a1 wifi: ath12k: fix firmware assert during reboot with hardware grouping
6af396942bf1 wifi: ath12k: fix ATH12K_FLAG_REGISTERED flag handling
dce7aec6b1f7 wifi: ath12k: fix failed to set mhi state error during reboot with hardware grouping
62f3878fa290 wifi: ath12k: add reference counting for core attachment to hardware group
6d019abc402f wifi: ath12k: fix SLUB BUG - Object already free in ath12k_reg_free()
8c7a5031a6b0 wifi: ath12k: Fix buffer overflow in debugfs
4703416d0fb9 wifi: ath12k: Fix a couple NULL vs IS_ERR() bugs
1a0e65750b55 wifi: ath12k: Fix WMI tag for EHT rate in peer assoc
cfe8af4b5626 wifi: ath12k: Disable broadcast TWT feature in HE MAC capabilities
4f4b067dd616 wifi: ath12k: Introduce check against zero for ahvif->key_cipher in ath12k_mac_op_tx()
d61c0b3c6346 wifi: ath12k: Resolve multicast packet drop by populating key_cipher in ath12k_install_key()
6177c97fb6f0 wifi: ath12k: fix cleanup path after mhi init
5e0097514dfb wifi: ath12k: Add support for link specific datapath stats
bd00cc7e8a4c wifi: ath12k: replace the usage of rx desc with rx_info
e88e6e3c9ada wifi: ath12k: add rx_info to capture required field from rx descriptor
6552e90e2a23 PCI: hv: Switch MSI descriptor locking to guard()
25b2f46bd7de wifi: ath12k: ahb: Replace del_timer_sync() with timer_delete_sync()
68218fa0862a wifi: ath12k: Fix misspelling "upto" in dp.c
fdc348121f24 irqdomain: pci: Switch to of_fwnode_handle()
be908d236034 wifi: ath12k: Fix invalid memory access while forming 802.11 header
6f8a27a584b2 wifi: ath12k: Fix memory corruption during MLO multicast tx
75ec94db880b wifi: ath12k: Fix memory leak during vdev_id mismatch
cb1790249361 wifi: ath12k: Fix incorrect rates sent to firmware
8fa7292fee5c treewide: Switch/rename to timer_delete[_sync]()
89ac53e96217 wifi: ath12k: Enable REO queue lookup table feature on QCN9274
30b03edd265a wifi: ath12k: Add support to clear qdesc array in REO cache
0bbcd42b15fa wifi: ath12k: Fix the enabling of REO queue lookup table feature
15293c1829d8 wifi: ath12k: Fix spelling errors in mac.c file
dcfebfd4c8dc wifi: ath12k: store and send country code to firmware after recovery
591de41d7008 wifi: ath12k: add 11d scan offload support
773ff9074a79 wifi: ath12k: use correct WMI command to set country code for WCN7850
1b68481fc1d8 wifi: ath12k: add configure country code for WCN7850
c426497fa205 wifi: ath12k: Fix memory leak due to multiple rx_stats allocation
25601e85441d Merge tag 'char-misc-6.15-rc1' of git://git.kernel.org/pub/scm/linux/kernel/git/gregkh/char-misc
7d06015d936c Merge tag 'pci-v6.15-changes' of git://git.kernel.org/pub/scm/linux/kernel/git/pci/pci
0c86b42439b6 Merge tag 'drm-next-2025-03-28' of https://gitlab.freedesktop.org/drm/kernel
112e43e9fd3b Revert "Merge tag 'irq-msi-2025-03-23' of git://git.kernel.org/pub/scm/linux/kernel/git/tip/tip"
79ce49513222 wifi: ath12k: extend dma mask to 36 bits
2c4c3aff7362 wifi: ath12k: add monitor interface support on QCN9274
7423b64191e3 wifi: ath12k: Move to NO_VIRTUAL monitor
1dfa44db967c wifi: ath12k: Refactor the monitor channel context procedure
ea24531d00f7 wifi: ath12k: fix NULL access in assign channel context handler
fc1771b9c59e wifi: ath12k: Avoid packet offset and FCS length from Rx TLV
5393dcb45209 wifi: ath12k: change the status update in the monitor Rx
6a88093f79ea wifi: ath12k: Replace band define G with GHZ where appropriate
a6621bf6397a wifi: ath12k: Avoid fetch Error bitmap and decap format from Rx TLV
3973cda5ef49 wifi: ath12k: Add extra TLV tag parsing support in monitor Rx path
2826139f9295 wifi: ath12k: fix link valid field initialization in the monitor Rx
dea140198b84 Merge branch 'pci/misc'
63c83f1fff49 Merge branch 'pci/controller/dwc-cpu-addr-fixup'
79e08f8d4eea Merge branch 'pci/controller/xilinx-cpm'
a80b04dffe1c Merge branch 'pci/controller/vmd'
6547faa1bc25 Merge branch 'pci/controller/qcom'
d7f6f07ecec9 Merge branch 'pci/controller/mediatek'
5edeea2d7ba6 Merge branch 'pci/controller/layerscape'
f2d4def0e956 Merge branch 'pci/controller/j721e'
ad49cd490e56 Merge branch 'pci/controller/imx6'
8c6dadf8af53 Merge branch 'pci/controller/hyperv'
58746a573ab0 Merge branch 'pci/controller/histb'
ba4751ae1a76 Merge branch 'pci/controller/dwc'
479e4a014bf9 Merge branch 'pci/controller/cadence'
b79789646ede Merge branch 'pci/controller/brcmstb'
c51638f15ef5 Merge branch 'pci/controller/amd-mdb'
17dbd3f621a2 Merge branch 'pci/controller/altera'
8085db1d0791 Merge branch 'pci/scoped-cleanup'
cc28c0e5e725 Merge branch 'pci/endpoint-test'
4c8c0ffd41d1 PCI: layerscape: Fix arg_count to syscon_regmap_lookup_by_phandle_args()
1a9239bb4253 Merge tag 'net-next-6.15' of git://git.kernel.org/pub/scm/linux/kernel/git/netdev/net-next
d66b5b336245 PCI: j721e: Fix the value of .linkdown_irq_regfield for J784S4
e55c67837a8c PCI: dw-rockchip: Endpoint mode cannot raise INTx interrupts
dce3ab4c57e6 Merge tag 'for-linus-6.15-rc1-tag' of git://git.kernel.org/pub/scm/linux/kernel/git/xen/tip
36f5f026df6c Merge tag 'irq-msi-2025-03-23' of git://git.kernel.org/pub/scm/linux/kernel/git/tip/tip
c0dd3f4f7091 wifi: ath12k: enable ath12k AHB support
881edc164071 wifi: ath12k: Power down userPD
c01d5cc9b9fe wifi: ath12k: Power up userPD
f73e089745a0 wifi: ath12k: Register various userPD interrupts and save SMEM entries
10a355ba6238 wifi: ath12k: Power up root PD
6cee30f0da75 wifi: ath12k: add AHB driver support for IPQ5332
6757079c5890 wifi: ath12k: add support for fixed QMI firmware memory
12070392be0b wifi: ath12k: Add hw_params to remap CE register space for IPQ5332
11794f854004 wifi: ath12k: avoid m3 firmware download in AHB device IPQ5332
5fa2fab69f59 wifi: ath12k: add ath12k_hw_params for IPQ5332
5257324583e3 wifi: ath12k: refactor ath12k_hw_regs structure
60031d9c3589 wifi: ath12k: fix incorrect CE addresses
ce0779378c62 wifi: ath12k: don't put ieee80211_chanctx_conf struct in ath12k_link_vif
2f2d52945852 Merge tag 'bitmap-for-6.15' of https://github.com/norov/linux
07ae413e169d PCI: intel-gw: Remove intel_pcie_cpu_addr()
b9812179f601 PCI: imx6: Remove imx_pcie_cpu_addr_fixup()
befc86a0b354 PCI: dwc: Use parent_bus_offset to remove need for .cpu_addr_fixup()
f3e1dccba0a0 PCI: dwc: ep: Ensure proper iteration over outbound map windows
f28b3c9c429d PCI: dwc: ep: Use devicetree 'reg[addr_space]' to derive CPU -> ATU addr offset
d7ae671eba8b PCI: dwc: ep: Consolidate devicetree handling in dw_pcie_ep_get_resources()
92eb132ad1b2 PCI: dwc: ep: Call epc_create() early in dw_pcie_ep_init()
7db02f725df4 PCI: dwc: Use devicetree 'reg[config]' to derive CPU -> ATU addr offset
3b69e1d3815f PCI: dwc: Add dw_pcie_parent_bus_offset() checking and debug
9de3f3cd470b PCI: dwc: Add dw_pcie_parent_bus_offset()
9e141923cf86 PCI: xilinx-cpm: Add cpm_csr register mapping for CPM5_HOST1 variant
2d72d81cacca PCI: brcmstb: Make const read-only arrays static
5f3de23d858e PCI: amd-mdb: Add AMD MDB Root Port driver
6c4d5aadf5df PCI: vmd: Disable MSI remapping bypass under Xen
18056a48669a PCI: vmd: Make vmd_dev::cfg_lock a raw_spinlock_t type
c924c5e9b8c6 Merge net-next/main to resolve conflicts
47c91531edd2 wifi: ath12k: remove open parenthesis
2ce107e06457 PCI: dwc: Consolidate devicetree handling in dw_pcie_host_get_resources()
84f37c43d5fe PCI: dwc: Call devm_pci_alloc_host_bridge() early in dw_pcie_host_init()
513ef9c4965b PCI: dwc: Rename cpu_addr to parent_bus_addr for ATU configuration
8f4a489b370e PCI: dwc: Use resource start as ioremap() input in dw_pcie_pme_turn_off()
e92c658b056b wifi: ath12k: add get_txpower mac ops
b8a0d83fe4c7 wifi: ath12k: move firmware stats out of debugfs
5e44b181bec8 wifi: ath12k: Pass correct values of center freq1 and center freq2 for 320 MHz
b1b01e46a3db wifi: ath12k: Pass correct values of center freq1 and center freq2 for 160 MHz
b36fb5070161 PCI: histb: Fix an error handling path in histb_pcie_probe()
f6a1fdfc78e2 PCI: imx6: Use devm_clk_bulk_get_all() to fetch clocks
81d1d214e171 PCI: imx6: Identify controller via 'linux,pci-domain', not address
1f5a69f1b313 PCI: dw-rockchip: Hide broken ATS capability for RK3588 running in EP mode
e3d6957f1779 PCI: dwc: ep: Add dw_pcie_ep_hide_ext_capability()
8189aa56dbed PCI: dwc: ep: Return -ENOMEM for allocation failures
124bb4e75799 Merge tag 'mhi-for-v6.15' of ssh://gitolite.kernel.org/pub/scm/linux/kernel/git/mani/mhi into char-misc-next
0686a818d77a bus: mhi: host: Fix race between unprepare and queue_buf
50410bad2714 PCI: hv: Switch MSI descriptor locking to guard()
626fb115662c Backmerge tag 'v6.14-rc6' into drm-next
ad3b7174d4d0 PCI: xilinx-cpm: Add support for Versal Net CPM5NC Root Port controller
57b030224074 PCI: xilinx-cpm: Fix IRQ domain leak in error path of probe
2cc699b3c2fe Merge tag 'char-misc-6.14-rc6' of git://git.kernel.org/pub/scm/linux/kernel/git/gregkh/char-misc
f4e026f454d7 PCI: Fix typos
a60a70842005 PCI: dwc: ep: Remove superfluous function dw_pcie_ep_find_ext_capability()
aba2b17810d7 PCI: dw-rockchip: Describe Resizable BARs as Resizable BARs
a2fa5f96140e PCI: keystone: Specify correct alignment requirement
6a6b66f7e607 PCI: keystone: Describe Resizable BARs as Resizable BARs
3a3d4cabe681 PCI: dwc: ep: Allow EPF drivers to configure the size of Resizable BARs
30a172db9fa4 PCI: dwc: ep: Move dw_pcie_ep_find_ext_capability()
0e28ee106c46 Merge tag 'ath-next-20250305' of git://git.kernel.org/pub/scm/linux/kernel/git/ath/ath
60f2ee5f1472 PCI: altera: Add Agilex support
bffc72387aef PCI: tegra: Use helper function for_each_child_of_node_scoped()
f60b4e06a945 PCI: apple: Use helper function for_each_child_of_node_scoped()
8905f8b6f55f PCI: mt7621: Use helper function for_each_available_child_of_node_scoped()
a51adf82f87b PCI: mediatek: Use helper function for_each_available_child_of_node_scoped()
d52334785483 PCI: kirin: Tidy up _probe() related function with dev_err_probe()
20bbb083bbc9 PCI: Add Rockchip Vendor ID
f0f3044d2246 PCI: dwc: Add debugfs property to provide LTSSM status of the PCIe link
27491ac2ccd7 PCI: dwc: Add debugfs based Statistical Counter support for DWC
d20ee8e2dbd6 PCI: dwc: Add debugfs based Error Injection support for DWC
4fbfa17f9a07 PCI: dwc: Add debugfs based Silicon Debug support for DWC
98e87cc501c1 PCI: mediatek-gen3: Fix inconsistent indentation
9a0f3c50bd51 PCI: kirin: Use helper function for_each_available_child_of_node_scoped()
174cfcf13daf PCI: brcmstb: Make irq_domain_set_info() parameter cast explicit
a9ec9fb7385e PCI: brcmstb: Make two changes in MDIO register fields
42fd45be82bb PCI: brcmstb: Use same constant table for config space access
b7de1b60ecab PCI: brcmstb: Fix potential premature regulator disabling
3651ad5249c5 PCI: brcmstb: Fix error path after a call to regulator_bulk_get()
b5e441793e07 PCI: brcmstb: Do not assume that register field starts at LSB
0c97321e11e0 PCI: brcmstb: Use internal register to change link capability
72d36589c6b7 PCI: brcmstb: Set generation limit before PCIe link up
377bced88c32 PCI: brcmstb: Add BCM2712 support
3ac47fbf4f6e PCI: cadence-ep: Fix the driver to send MSG TLP for INTx without data payload
efaf16de43f5 PCI: dwc: Add helper to find the Vendor Specific Extended Capability (VSEC)
249b78298078 PCI: mediatek-gen3: Configure PBUS_CSR registers for EN7581 SoC
9a0dddfb30f1 wifi: ath12k: Fix invalid data access in ath12k_dp_rx_h_undecap_nwifi
d2d9c9b8de72 wifi: ath12k: Report proper tx completion status to mac80211
f4f5ee5e3a21 wifi: ath12k: pass BSSID index as input for EMA
5f1e9f2cbc2b wifi: ath12k: pass tx arvif for MBSSID and EMA beacon generation
20fe6390b503 wifi: ath12k: refactor transmitted arvif retrieval
25a98c727015 PCI: brcmstb: Expand inbound window size up to 64GB
10dbedad3c81 PCI: brcmstb: Reuse pcie_cfg_data structure
2294059118c5 PCI: brcmstb: Add a softdep to MIP MSI-X driver
6f2d839d11b3 wifi: ath11k/ath12k: Replace irq_set_affinity_hint() with irq_set_affinity_and_hint()
b43b1e2c52db wifi: ath12k: Clear affinity hint before calling ath12k_pci_free_irq() in error path
27d38bdfd416 wifi: ath12k: Improve BSS discovery with hidden SSID in 6 GHz band
130377304ed0 Merge drm/drm-next into drm-misc-next
fb51bf025519 Merge tag 'v6.14-rc4' into drm-next
7a610694fa64 PCI: hv: Switch hv_compose_multi_msi_req_get_cpu() to using cpumask_next_wrap()
dc5bb9b769c9 cpumask: deprecate cpumask_next_wrap()
42c812d07088 PCI: qcom-ep: Enable EP mode support for SAR2130P
2df181e1aea4 PCI: brcmstb: Fix missing of_node_put() in brcm_pcie_probe()
9d52691f899b PCI: qcom-ep: Mark BAR0/BAR2 as 64bit BARs and BAR1/BAR3 as RESERVED
e180a01bf2c4 wifi: ath12k: Add NULL check to validate tpc_stats
11d963d44c77 wifi: ath12k: use link specific bss_conf as well in ath12k_mac_vif_cache_flush()
cba6bdfd7929 bus: mhi: host: pci_generic: Add support for SA8775P endpoint
acf3256160bd bus: mhi: host: Avoid possible uninitialized fw_load_type
b6d7bb0d3bd7 PCI: mediatek-gen3: Remove leftover mac_reset assert for Airoha EN7581 SoC
af1c6007a64e wifi: ath12k: Add missing htt_metadata flag in ath12k_dp_tx()
cb9a978a20a4 wifi: ath12k: remove redundant declaration of ath12k_dp_rx_h_find_peer()
25a3c220a2b4 PCI: hv: Correct a comment
a321d163de3d bus: mhi: host: pci_generic: Use pci_try_reset_function() to avoid deadlock
ceb3b35f5ef4 wifi: ath12k: cleanup ath12k_mac_mlo_ready()
7b19d5adadfe wifi: ath12k: Support Received FSE Stats
1dbaae78e7f2 wifi: ath12k: Support Uplink MUMIMO Trigger Stats
e669a18b20e2 wifi: ath12k: Support Uplink OFDMA Trigger Stats
f7c5e24bb191 wifi: ath12k: Support Latency Stats
5c1963119b82 wifi: ath12k: Support Sounding Stats
4f4bd1f8a5c2 wifi: ath12k: Enable MLO for single split-phy PCI device
16266b7ad6c0 wifi: ath12k: Remove dependency on single_chip_mlo_support for mlo_capable flag
5cec2d86c7f4 wifi: ath12k: Enable MLO setup ready and teardown commands for single split-phy device
b9c7299a3341 wifi: ath12k: Fix locking in "QMI firmware ready" error paths
2f50de725677 wifi: ath12k: Add support for MLO Multicast handling in driver
5d964966bd3f wifi: ath12k: Update HTT_TCL_METADATA version and bit mask definitions
81e4be30544e wifi: ath12k: handle link removal in change_vif_links()
315d80be304a wifi: ath12k: allocate new links in change_vif_links()
b81c39d67fbf wifi: ath12k: relocate a few functions in mac.c
00e4dc11695d wifi: ath12k: use arvif instead of link_conf in ath12k_mac_set_key()
8acc7ec53ac4 wifi: ath12k: remove redundant logic for initializing arvif
ab6270c4dec3 wifi: ath12k: remove redundant vif settings during link interface creation
80f816d07ba0 wifi: ath12k: introduce ath12k_generic_dbg()
cc5faf08aa3a wifi: ath12k: eliminate redundant debug mask check in ath12k_dbg()
a412547f2a8b wifi: ath12k: Add peer extended Rx statistics debugfs support
98677080467c wifi: ath12k: Refactor the format of peer rate table information
03ac9e9144c5 wifi: ath12k: Add EHT MCS support in Extended Rx statistics
dff4f278ee1e wifi: ath12k: fix the ampdu id fetch in the HAL_RX_MPDU_START TLV
0cded0e41346 wifi: ath12k: Update the peer id in PPDU end user stats TLV
d939919a36f4 wifi: ath12k: Add HAL_PHYRX_OTHER_RECEIVE_INFO TLV parsing support
e6fa62bada87 wifi: ath12k: Add HAL_RX_PPDU_START_USER_INFO TLV parsing support
f756f878692f wifi: ath12k: Add HAL_PHYRX_GENERIC_EHT_SIG TLV parsing support
a5f3c2b89136 wifi: ath12k: Add HAL_PHYRX_GENERIC_U_SIG TLV parsing support
cb53a6785ea5 wifi: ath12k: add support of station average signal strength
17847ea6ced8 Merge tag 'wireless-2025-02-07' of git://git.kernel.org/pub/scm/linux/kernel/git/wireless/wireless
c8006fbd0f4f bus: mhi: host: Remove unused functions
93c7dd1b3944 Merge drm/drm-next into drm-misc-next
f5c90ff80b4c wifi: ath12k: Add Support to Calculate and Display TPC Values
f0c3bb78e42f wifi: ath12k: Add Support to Parse TPC Event from Firmware
7a3e8eec8d18 wifi: ath12k: Dump additional PDEV receive rate HTT stats
a24cd7583003 wifi: ath12k: Dump PDEV receive rate HTT stats
ba42b22aa336 wifi: ath12k: Dump PDEV transmit rate HTT stats
0a43c3a520e9 wifi: ath12k: Add support for reading variant from ACPI to download board data file
33fdeb544ea5 wifi: ath12k: Adjust the timing to access ACPI table
c6a7c0b09d5f wifi: ath12k: Add Support for enabling or disabling specific features based on ACPI bitflag
b59d1f8207de wifi: ath12k: Add support for obtaining the buffer type ACPI function bitmap
2fc98b24adb9 wifi: ath12k: handle ath12k_mac_ieee80211_sta_bw_to_wmi() for link sta
090c645b2acc wifi: ath12k: relocate ath12k_mac_ieee80211_sta_bw_to_wmi()
268c73d470a5 wifi: ath12k: Avoid napi_sync() before napi_enable()
36f002a3e36e wifi: ath12k: prevent CSA counter to reach 0 and hit WARN_ON_ONCE
e26a6989b10a wifi: ath12k: update the latest CSA counter
f9c88d65e805 wifi: ath12k: fix handling of CSA offsets in beacon template command
409444596974 wifi: ath12k: update beacon template function to use arvif structure
8a5ad319f2e6 wifi: ath12k: remove return for empty tx bitrate in mac_op_sta_statistics
df11edfba49e wifi: ath12k: fix ath12k_hal_tx_cmd_ext_desc_setup() info1 override
f88f1d0998ea bus: mhi: host: Add a policy to enable image transfer via BHIe in PBL
d07569ebcbd6 bus: mhi: host: Refactor BHI/BHIe based firmware loading
24f587572acf wifi: ath12k: Fetch regdb.bin file from board-2.bin
3319569bf9d8 Merge tag 'ath-current-20250124' of git://git.kernel.org/pub/scm/linux/kernel/git/ath/ath
13845bdc869f Merge tag 'char-misc-6.14-rc1' of git://git.kernel.org/pub/scm/linux/kernel/git/gregkh/char-misc
58b976e4f4b4 wifi: ath12k: Enable monitor ring mask for QCN9274
3bcc4e830e05 wifi: ath12k: Handle monitor drop TLVs scenario
ecfc13138992 wifi: ath12k: Avoid memory leak while enabling statistics
67434640e522 wifi: ath12k: Handle PPDU spread across multiple buffers
394a3fa7c538 wifi: ath12k: Optimize NAPI budget by adjusting PPDU processing
8520ba9bb8f4 wifi: ath12k: Handle end reason for the monitor destination ring
51ad34a47e9f wifi: ath12k: Add drop descriptor handling for monitor ring
6788a666000d wifi: ath12k: Fix end offset bit definition in monitor ring descriptor
63fdc4509bcf wifi: ath12k: Fix invalid entry fetch in ath12k_dp_mon_srng_process
cf544270c739 wifi: ath12k: Restructure the code for monitor ring processing
39f1d751d2ae wifi: ath12k: Avoid code duplication in monitor ring processing
6e8c9ba7f030 wifi: ath12k: Avoid multiple times configuring monitor filter
9b0d8fb3326b wifi: ath12k: Enable filter config for monitor destination ring
dbb73909eea3 wifi: ath12k: Add HTT source ring ID for monitor rings
4e635b81db9d wifi: ath12k: Fix pdev lookup in WBM error processing
b826ad94d896 wifi: ath12k: Request pdev stats from firmware
9fe4669ae919 wifi: ath12k: Request beacon stats from firmware
e367c924768b wifi: ath12k: Request vdev stats from firmware
1b24394ed5c8 wifi: ath12k: fix memory leak in ath12k_pci_remove()
07c34cad10ab wifi: ath12k: encode max Tx power in scan channel list command
79e7b04b5388 wifi: ath12k: report station mode signal strength
5e73276c814f wifi: ath12k: report station mode receive rate for IEEE 802.11be
8a9c06b40882 wifi: ath12k: report station mode transmit rate
647d69605c70 Merge tag 'pci-v6.14-changes' of git://git.kernel.org/pub/scm/linux/kernel/git/pci/pci
64a1ba4072b3 wifi: ath12k: fix handling of 6 GHz rules
4d3bf4e8450c Merge branch 'pci/controller/xilinx-cpm'
d3f0bec2a490 Merge branch 'pci/controller/rockchip'
a306f01eb5b1 Merge branch 'pci/controller/rcar-ep'
1854b2e019b4 Merge branch 'pci/controller/mvebu'
8d35c2b0eb22 Merge branch 'pci/controller/microchip'
1276ad01a25e Merge branch 'pci/controller/mediatek'
09b7c1627b40 Merge branch 'pci/controller/layerscape'
5b9c74b635a6 Merge branch 'pci/controller/imx6'
349b434b7a19 Merge branch 'pci/controller/dwc'
8ee6c616337a Merge branch 'pci/controller/dra7xx'
ec3619abbf0e Merge branch 'pci/controller/iommu-map'
28a9972e0f06 wifi: ath12k: fix skb_ext_desc leak in ath12k_dp_tx() error path
641b0c64b85a Merge tag 'clk-for-linus' of git://git.kernel.org/pub/scm/linux/kernel/git/clk/linux
a93185b708f2 wifi: ath12k: Disable MLO in Factory Test Mode
3bc374cbc49e wifi: ath12k: add factory test mode support
786d5258faba wifi: ath12k: export ath12k_wmi_tlv_hdr for testmode
0ad9617c78ac Merge tag 'net-next-6.14' of git://git.kernel.org/pub/scm/linux/kernel/git/netdev/net-next
1390a33b3d04 PCI: microchip: Set inbound address translation for coherent or non-coherent mode
4c551165e771 Merge tag 'irq-core-2025-01-21' of git://git.kernel.org/pub/scm/linux/kernel/git/tip/tip
1108d677dae2 PCI: dwc: Simplify config resource lookup
b881532991f8 PCI: imx6: Clean up comments and whitespace
66cc61a25c7d Merge tag 'wireless-next-2025-01-17' of git://git.kernel.org/pub/scm/linux/kernel/git/wireless/wireless-next
9d6b1bd6b3c8 PCI: imx6: Add i.MX8MQ, i.MX8Q and i.MX95 PM support
a528d1a72597 PCI: imx6: Use DWC common suspend resume method
ec57335b81d8 PCI: dwc: Add dw_pcie_suspend_noirq(), dw_pcie_resume_noirq() stubs for !CONFIG_PCIE_DW_HOST
112aba9a7934 PCI: dwc: Remove LTSSM state test in dw_pcie_suspend_noirq()
86a016e278b7 PCI: dwc: Always stop link in the dw_pcie_suspend_noirq
ec9fd499b9c6 PCI: dw-rockchip: Don't wait for link since we can detect Link Up
0e0b45ab5d77 PCI: dw-rockchip: Enumerate endpoints based on dll_link_up IRQ
f0639013d340 PCI: qcom: Update ICC and OPP values after Link Up event
36971d6c5a9a PCI: qcom: Don't wait for link if we can detect Link Up
8d3bf19f1b58 PCI: dwc: Don't wait for link up if driver can detect Link Up event
574913f9e197 PCI: dwc: Fix potential truncation in dw_pcie_edma_irq_verify()
1254580d4f83 wifi: ath12k: Refactor Rx status TLV parsing procedure argument
844c256892e1 wifi: ath12k: Refactor the monitor Tx/RX handler procedure arguments
b238941e8e97 wifi: ath12k: Refactor the monitor Rx parser handler argument
ad9afd750301 PCI: dra7xx: Use syscon_regmap_lookup_by_phandle_args
149fc35734e5 PCI: layerscape: Use syscon_regmap_lookup_by_phandle_args
6dd24b0a858e PCI: imx6: Remove surplus imx7d_pcie_init_phy() function
93d883f89063 PCI: imx6: Add missing reference clock disable logic
ef61c7d8d032 PCI: imx6: Deassert apps_reset in imx_pcie_deassert_core_reset()
f068ffdd034c PCI: imx6: Skip controller_id generation logic for i.MX7D
7ab93e6a08d1 PCI: imx6: Fetch dbi2 and iATU base addesses from DT
de22e20589b7 PCI: imx6: Configure PHY based on Root Complex or Endpoint mode
137250911f4e PCI: imx6: Add Refclk for i.MX95 PCIe
687aedb73a40 PCI: imx6: Add i.MX8Q PCIe Endpoint (EP) support
2ee738e90e80 Merge git://git.kernel.org/pub/scm/linux/kernel/git/netdev/net
d9f6642ab7ca PCI: apple: Convert to {en,dis}able_device() callbacks
477ac7b0a798 PCI: host-generic: Allow {en,dis}able_device() to be provided via pci_ecam_ops
ce4c43017285 PCI: imx6: Add IOMMU and ITS MSI support for i.MX95
7d04319a05ab x86/apic: Convert to IRQCHIP_MOVE_DEFERRED
7ca288760007 PCI: rockchip-ep: Fix error code in rockchip_pcie_ep_init_ob_mem()
500969661b02 PCI: rockchip: Refactor rockchip_pcie_disable_clocks() signature
18715931a5c0 PCI: rockchip: Simplify reset control handling by using reset_control_bulk*() function
336097d74c28 wifi: ath12k: fix key cache handling
4aae869847ce wifi: ath12k: Fix uninitialized variable access in ath12k_mac_allocate() function
54fcdcf07baa wifi: ath12k: Remove ath12k_get_num_hw() helper function
812a30271d48 wifi: ath12k: Refactor the ath12k_hw get helper function argument
21261e4d564e wifi: ath12k: Refactor ath12k_hw set helper function argument
26cdda544479 PCI: mvebu: Enable module autoloading
abdd4c8ea7d7 PCI: rockchip: Simplify clock handling by using clk_bulk*() functions
fd46bc0e0bb3 PCI: rockchip: Add missing fields descriptions for struct rockchip_pcie_ep
2d2da5a4c1b4 PCI: rcar-ep: Fix incorrect variable used when calling devm_request_mem_region()
17bd5e4dc96c PCI: mediatek-gen3: Enable async probe by default
491cb9c50847 PCI: mediatek-gen3: Avoid PCIe resetting via PERST# for Airoha EN7581 SoC
c98bee18d0a0 PCI: mediatek-gen3: Rely on msleep() in mtk_pcie_en7581_power_up()
90d4e466c9ea PCI: mediatek-gen3: Move reset delay in mtk_pcie_en7581_power_up()
0c9d2d2ef0d9 PCI: mediatek-gen3: Add comment about initialization order in mtk_pcie_en7581_power_up()
e4c7dfd953f7 PCI: mediatek-gen3: Move reset/assert callbacks in .power_up()
0e7a622da17d PCI: mediatek-gen3: Rely on clk_bulk_prepare_enable() in mtk_pcie_en7581_power_up()
be887fcad3f1 Merge 6.13-rc4 into char-misc-next
f647dc6512ef wifi: ath12k: Support pdev Puncture Stats
89699f029cd4 wifi: ath12k: Support AST Entry Stats
3f482f243475 wifi: ath12k: Support Transmit Buffer OFDMA Stats
c9f6ee2701d7 wifi: ath12k: Support Transmit Rate Buffer Stats
29904a40127c bus: mhi: host: pci_generic: Enable MSI-X if the endpoint supports
3540bba855b4 wifi: ath12k: fix tx power, max reg power update to firmware
2d64da9ed5d8 wifi: ath12k: set flag for mgmt no-ack frames in Tx completion
9035756c1885 wifi: ath12k: Include MLO memory in firmware coredump collection
40562e84e262 wifi: ath12k: handle radar detection with MLO
11b86e2ce942 wifi: ath12k: fix CAC running state during virtual interface start
d31241cbd9c5 wifi: ath12k: rename CAC_RUNNING flag
9241459b3cc2 bus: mhi: host: pci_generic: Add support for QDU100 device
10106d5c1f9c PCI: exynos: Switch to devm_clk_bulk_get_all_enabled()
578f6fc55c2c wifi: ath12k: Fix spelling mistake "requestted" -> "requested"
8534c42397ed wifi: ath12k: Avoid explicit type cast in monitor status parse handler
61f247a06c3c wifi: ath12k: Change the Tx monitor SRNG ring ID
0345f28a1226 wifi: ath12k: Remove unused HAL Rx mask in DP monitor path
ebee84cc961c wifi: ath12k: fix incorrect TID updation in DP monitor status path
b79462532cd5 wifi: ath12k: Fix the misspelled of hal TLV tag HAL_PHYRX_GENERICHT_SIG
6a6d941a3994 wifi: ath12k: cleanup Rx peer statistics structure
61a0d9a879c3 wifi: ath12k: Refactor monitor status TLV structure
d506e55fe39b wifi: ath12k: Add documentation HTT_H2T_MSG_TYPE_RX_RING_SELECTION_CFG
bf2da5c4f5b5 wifi: ath12k: Decrease ath12k_mac_station_assoc() stack usage
6ff412420e5e wifi: ath12k: Decrease ath12k_sta_rc_update_wk() stack usage
445718c9958c wifi: ath12k: Decrease ath12k_bss_assoc() stack usage
aa21668ab3c7 wifi: ath12k: Decrease ath12k_mac_op_remain_on_channel() stack usage
be8d47f181fd wifi: ath12k: Add support for parsing 64-bit TLVs
4eea7596b8fb PCI: xilinx-cpm: Add support for Versal CPM5 Root Port Controller 1
b61fef0813cb PCI: artpec6: Implement dw_pcie_ep operation get_features
129f6af747b2 PCI: dwc: ep: Add 'address' alignment to 'size' check in dw_pcie_prog_ep_inbound_atu()
3708acbd5f16 PCI: dwc: ep: Prevent changing BAR size/flags in pci_epc_set_bar()
33a6938e0c33 PCI: dwc: ep: Write BAR_MASK before iATU registers in pci_epc_set_bar()
d33bc467e832 wifi: ath12k: advertise MLO support and capabilities
02213c21fb8d wifi: ath12k: assign unique hardware link IDs during QMI host cap
043b473e3e02 wifi: ath12k: add ATH12K_FW_FEATURE_MLO capability firmware feature
2c737079493d wifi: ath12k: remove warning print in htt mlo offset event message
77478788c957 wifi: ath12k: add no-op without debug print in WMI Rx event
6792b3ca14ad wifi: ath12k: add can_activate_links mac operation
3863f014ad23 wifi: ath12k: symmetrize scan vdev creation and deletion during HW scan
7462d67c660f wifi: ath12k: pass link ID during MLO while delivering skb
72c24b1b779d wifi: ath12k: fix ar->supports_6ghz usage during hw register
78cf6fd16572 wifi: ath12k: fix ath12k_qmi_alloc_chunk() to handle too large allocations
ae6b065282ab wifi: ath12k: advertise multi device interface combination
3c9bc818b8f1 wifi: ath12k: Refactor radio frequency information
8fea0066b4b4 wifi: ath12k: introduce interface combination cleanup helper
555872c47795 wifi: ath12k: add helper function to init partner cmem configuration
1d18b197bc4b wifi: ath12k: add partner device buffer support in receive data path
1a73acb5fba4 wifi: ath12k: move to HW link id based receive handling
628bbaa551da wifi: ath12k: avoid redundant code in DP Rx error process
b716a10d99a2 wifi: ath12k: enable MLO setup and teardown from core
cc64deef0bdb wifi: ath12k: Add MLO WMI setup and teardown functions
48090fae676e wifi: ath12k: add support to allocate MLO global memory region
786f34b5b4a4 wifi: ath12k: refactor ath12k_qmi_alloc_target_mem_chunk()
08a4c51c6ea0 wifi: ath12k: send partner device details in QMI MLO capability
908c10c860e0 wifi: ath12k: parse multiple device information from Device Tree
5a10971c7645 wifi: ath12k: fix read pointer after free in ath12k_mac_assign_vif_to_vdev()
58fa8109fa8d wifi: ath12k: Off by one in ath12k_wmi_process_csa_switch_count_event()
02f41c8aa643 wifi: ath12k: fix leaking michael_mic for non-primary links
b20821248e26 Merge tag 'ath-next-20241209' of git://git.kernel.org/pub/scm/linux/kernel/git/ath/ath
da8656797ae1 wifi: ath12k: introduce mlo_capable flag for device group
d302ac65ac93 wifi: ath12k: send QMI host capability after device group is ready
a343d97f27f5 wifi: ath12k: move struct ath12k_hw from per device to group
ee146e11b4d9 wifi: ath12k: refactor core start based on hardware group
6f245ea0ec6c wifi: ath12k: introduce device group abstraction
46d16f7e1d14 wifi: ath12k: rename mlo_capable_flags to single_chip_mlo_supp
a5686ae820fa wifi: ath12k: move ATH12K_FLAG_REGISTERED handling to ath12k_mac_register()
098d8374033f bus: mhi: host: pci_generic: fix MHI BAR mapping
7222ae1d3e4e bus: mhi: host: Free mhi_buf vector inside mhi_alloc_bhie_table()
45e72c306c08 wifi: ath12k: introduce QMI firmware ready flag
17dd22aff527 wifi: ath12k: add ath12k_get_num_hw()
016abac20b83 wifi: ath12k: add ath12k_ab_to_ah() and ath12k_ab_set_ah()
fc38e9339c47 wifi: ath12k: Refactor core startup
2eff01ee2881 Merge tag 'char-misc-6.13-rc1' of git://git.kernel.org/pub/scm/linux/kernel/git/gregkh/char-misc
8c2143702d07 wifi: ath12k: ath12k_mac_op_sta_rc_update(): use mac80211 provided link id
ad969bc9ee73 wifi: ath12k: ath12k_mac_op_set_key(): fix uninitialized symbol 'ret'
aa80f12f3bed wifi: ath12k: defer vdev creation for MLO
1833a2ce5d7d wifi: ath12k: ath12k_bss_assoc(): MLO support
90570ba4610b wifi: ath12k: do not return invalid link id for scan link
85edf16384d1 wifi: ath12k: ath12k_mac_station_add(): fix potential rx_stats leak
5419ef950da4 wifi: ath12k: ath12k_mac_op_ampdu_action(): MLO support
2197feb0249d wifi: ath12k: ath12k_mac_op_flush(): MLO support
648a121bafa3 wifi: ath12k: ath12k_mac_op_tx(): MLO support
56dcbf0b5207 wifi: ath12k: convert struct ath12k::wmi_mgmt_tx_work to struct wiphy_work
1746db26f85e Merge tag 'pci-v6.13-changes' of git://git.kernel.org/pub/scm/linux/kernel/git/pci/pci
10099266dec8 Merge branch 'pci/typos'
e6b95ef1afc8 Merge branch 'pci/controller/vmd'
c60603ca1d2c Merge branch 'pci/controller/tegra194'
72ae381b00ab Merge branch 'pci/controller/rockchip'
f54ff407e623 Merge branch 'pci/controller/qcom'
7b5d234e69f7 Merge branch 'pci/controller/microchip'
4268106135aa Merge branch 'pci/controller/mediatek'
c1787c3e41e5 Merge branch 'pci/controller/keystone'
5c8bd7f27704 Merge branch 'pci/controller/j721e'
7b86e0a589b1 Merge branch 'pci/controller/imx6'
2b4049d19213 Merge branch 'pci/controller/dwc'
5b8d59ca2727 Merge branch 'pci/controller/cadence'
bd4334887265 Merge branch 'pci/endpoint'
c03d361c2036 Merge branch 'pci/resource'
95e93032badb Merge branch 'pci/pm'
dd9761236857 Merge branch 'pci/driver-remove'
a7137cbf6bd5 PCI: rockchip-ep: Handle PERST# signal in EP mode
bd6e61df4b2e PCI: rockchip-ep: Improve link training
00080d0887df PCI: rockship-ep: Implement the pci_epc_ops::stop_link() operation
091022f5f945 PCI: rockchip-ep: Refactor endpoint link training enable
8efda8aebeed PCI: rockchip-ep: Refactor rockchip_pcie_ep_probe() MSI-X hiding
945648019466 PCI: rockchip-ep: Refactor rockchip_pcie_ep_probe() memory allocations
2968534e63e5 PCI: rockchip-ep: Rename rockchip_pcie_parse_ep_dt()
9f737cca6c54 PCI: rockchip-ep: Fix MSI IRQ data mapping
b21255326db2 PCI: rockchip-ep: Implement the pci_epc_ops::align_addr() operation
d8dbd21cfafd PCI: rockchip-ep: Improve rockchip_pcie_ep_map_addr()
57ed93fe799b PCI: rockchip-ep: Improve rockchip_pcie_ep_unmap_addr()
739e25f51aed PCI: rockchip-ep: Use a macro to define EP controller .align feature
64f093c4d99d PCI: rockchip-ep: Fix address translation unit programming
63fdb90642ee wifi: ath12k: Use mac80211 sta's link_sta instead of deflink
3952657848c0 wifi: ath12k: Use mac80211 vif's link_conf instead of bss_conf
aaac8850a07f wifi: ath12k: modify chanctx iterators for MLO
a0300e6bcfd4 wifi: ath12k: add reo queue lookup table for ML peers
061097e5732d wifi: ath12k: use arsta instead of sta
ea4192553850 wifi: ath12k: add primary link for data path operations
a27fa6148dac wifi: ath12k: support change_sta_links() mac80211 op
8e6f8bc28603 wifi: ath12k: Add MLO station state change handling
47c7ebfba30f wifi: ath12k: Fix inappropriate use of print_array_to_buf_index()
1cfa6d4e5bd9 wifi: ath12k: Fix endianness issue in struct hal_tlv_64_hdr
ea58aae84584 wifi: ath12k: Support MBSSID Control Frame Stats
c8f314703bcb wifi: ath12k: Support Transmit PER Rate Stats
3a660e7fa44d wifi: ath12k: Support SoC Common Stats
c3527cdfcdf7 wifi: ath12k: Support phy counter and TPC stats
a93d125ebfdd wifi: ath12k: Support Downlink Pager Stats
118397c9baaa PCI: dwc: ep: Fix advertised resizable BAR size regression
154fc1f64208 PCI: dwc: Use of_property_present() for non-boolean properties
3fafc38b77be PCI: dwc: ep: Use align addr function for dw_pcie_ep_raise_{msi,msix}_irq()
31457d4cea19 PCI: Fix typos
6168efbebace PCI: starfive: Enable controller runtime PM before probing host bridge
d19ea320d302 PCI: mediatek-gen3: Remove unneeded semicolon
e3e309b2bea8 PCI: cadence: Lower severity of message when phy-names property is absent in DTS
eb8c05347138 wifi: ath12k: Fix for out-of bound access error
bd23e836423e bus: mhi: host: pci_generic: Use pcim_iomap_region() to request and map MHI BAR
23388a1b305e bus: mhi: host: Switch trace_mhi_gen_tre fields to native endian
9e9ec8d8692a PCI: keystone: Add link up check to ks_pcie_other_map_bus()
5a938ed9481b PCI: keystone: Set mode as Root Complex for "ti,keystone-pcie" compatible
ac7f53b7e728 PCI: microchip: Add support for using either Root Port 1 or 2
d66041063192 PCI: vmd: Set devices to D0 before enabling PM L1 Substates
b727484cace4 PCI: vmd: Add DID 8086:B06F and 8086:B60B for Intel client SKUs
0a726f542d7c PCI: imx6: Fix suspend/resume support on i.MX6QDL
b609a15e7969 PCI: mediatek-gen3: Add support for restricting link width
507f8e730100 wifi: ath12k: Add MLO peer assoc command support
c20dbc8c68b3 wifi: ath12k: add helper to find multi-link station
0660e1e2ed5f wifi: ath12k: add multi-link flag in peer create command
7fd8b4cbde65 wifi: ath12k: Add helpers for multi link peer creation and deletion
a2189d2b8005 wifi: ath12k: introduce ath12k_hw_warn()
c8a98ed160e5 wifi: ath12k: Refactor sta state machine
1ea0cdee6fb3 wifi: ath12k: MLO vdev bringup changes
757cc4652009 wifi: ath12k: ath12k_mac_vdev_create(): use goto for error handling
38db1ae301c3 wifi: ath12k: mark QMI driver event helpers as noinline
e73ea1c2d4d8 PCI: dwc: endpoint: Implement the pci_epc_ops::align_addr() operation
ade7da14954a PCI: mediatek-gen3: Add support for setting max-link-speed limit
fba6045161d6 PCI: qcom: Disable ASPM L0s for X1E80100
1362af92bcf5 PCI: qcom: Remove BDF2SID mapping config for SC8280X family SoC
22a9120479a4 PCI: j721e: Deassert PERST# after a delay of PCIE_T_PVPERL_MS milliseconds
a63b74f2e35b PCI: qcom: Add support for IPQ9574
08e835268c35 PCI: j721e: Add PCIe support for J722S SoC
40e2125381dc PCI: tegra194: Move controller cleanups to pex_ep_event_pex_rst_deassert()
7d7cf89b119a PCI: qcom-ep: Move controller cleanups to qcom_pcie_perst_deassert()
ba4a2e2317b9 PCI: qcom: Enable MSI interrupts together with Link up if 'Global IRQ' is supported
3c1f19ab3d59 Merge tag 'ath-next-20241030' of git://git.kernel.org/pub/scm/linux/kernel/git/ath/ath
12dd12821f1e PCI: dwc: endpoint: Clear outbound address on unmap
cdad73716057 wifi: ath12k: convert tasklet to BH workqueue for CE interrupts
f7b982d13df7 wifi: ath12k: fix A-MSDU indication in monitor mode
bba112e6ed9b wifi: ath12k: use tail MSDU to get MSDU information
78d2405fd51b wifi: ath12k: delete NSS and TX power setting for monitor vdev
f76bbedf5bda wifi: ath12k: fix struct hal_rx_mpdu_start
04f33114af00 wifi: ath12k: fix struct hal_rx_phyrx_rssi_legacy_info
2298e37ac058 wifi: ath12k: fix struct hal_rx_ppdu_start
68e6a80b3619 wifi: ath12k: fix struct hal_rx_ppdu_end_user_stats
4d05ee786e32 wifi: ath12k: remove unused variable monitor_present
88b67e91e292 wifi: mac80211: call rate_control_rate_update() for link STA
ca68ce0d9f4b wifi: ath12k: fix warning when unbinding
1304446f6786 wifi: ath12k: fix crash when unbinding
fd01ace11404 wifi: ath12k: remove msdu_end structure for WCN7850
477cabfdb776 wifi: ath12k: modify link arvif creation and removal for MLO
f4adb07e0a52 wifi: ath12k: update ath12k_mac_op_update_vif_offload() for MLO
af41f908c9e4 wifi: ath12k: update ath12k_mac_op_conf_tx() for MLO
25e18b9d6b4b wifi: ath12k: modify ath12k_mac_op_set_key() for MLO
afbab6e4e88d wifi: ath12k: modify ath12k_mac_op_bss_info_changed() for MLO
94a2712f0b15 wifi: ath12k: modify ath12k_get_arvif_iter() for MLO
abaadb934b30 wifi: ath12k: modify ath12k_mac_vif_chan() for MLO
84c597108294 wifi: ath12k: prepare vif config caching for MLO
b89b5dbea652 wifi: ath12k: prepare sta data structure for MLO handling
005fe43b93de wifi: ath12k: pass ath12k_link_vif instead of vif/ahvif
3dd2c68f206e wifi: ath12k: prepare vif data structure for MLO handling
25ff1ae52139 wifi: ath12k: Support BE OFDMA Pdev Rate Stats
9fa60c6d4059 wifi: ath12k: Support Pdev Scheduled Algorithm Stats
6c3bd9c31aad wifi: ath12k: Support DMAC Reset Stats
a9b46dd2e483 wifi: ath12k: Add firmware coredump collection support
c347f1816021 wifi: ath12k: add missing lockdep_assert_wiphy() for ath12k_mac_op_ functions
e805272f8c2d wifi: ath12k: ath12k_mac_op_sta_state(): clean up update_wk cancellation
37d06d71e69c wifi: ath12k: ath12k_mac_set_key(): remove exit label
31489439e648 wifi: ath12k: cleanup unneeded labels
b8c67509b91e wifi: ath12k: switch to using wiphy_lock() and remove ar->conf_mutex
58550cdda961 wifi: ath12k: convert struct ath12k_sta::update_wk to use struct wiphy_work
8fac3266c68a wifi: ath12k: fix atomic calls in ath12k_mac_op_set_bitrate_mask()
15d91424ea82 wifi: ath12k: Support Pdev OBSS Stats
3f5ecfc4503a wifi: ath12k: Support pdev CCA Stats
6f27b59af173 wifi: ath12k: Support pdev Transmit Multi-user stats
7e4eed987d5d wifi: ath12k: Support Ring and SFM stats
44cfb7c58eb8 wifi: ath12k: Support Self-Generated Transmit stats
783602c920e9 PCI: Use resource_set_{range,size}() helpers
19c23eb61fa4 wifi: ath12k: fix one more memcpy size error
e985dc550297 wifi: ath12k: Modify print_array_to_buf() to support arrays with 1-based semantics
bdb281103373 wifi: ath12k: fix use-after-free in ath12k_dp_cc_cleanup()
3c87b3c85a53 PCI: controller: Switch back to struct platform_driver::remove()
8daf110a44e7 bus: mhi: host: Fix typos in the comments
1a0c640ce1cd wifi: ath12k: Skip Rx TID cleanup for self peer
3ed5cb8dfbeb wifi: ath12k: move txbaddr/rxbaddr into struct ath12k_dp
62a0e2fa40c5 Merge tag 'net-6.12-rc1' of git://git.kernel.org/pub/scm/linux/kernel/git/netdev/net
5e5466433d26 Merge tag 'char-misc-6.12-rc1' of git://git.kernel.org/pub/scm/linux/kernel/git/gregkh/char-misc
f011b313e8eb net: qrtr: Update packets cloning when broadcasting
3a37872316c2 Merge tag 'pci-v6.12-changes' of git://git.kernel.org/pub/scm/linux/kernel/git/pci/pci
5dc07a20ac1c Merge branch 'pci/misc'
bb78146c18ac Merge branch 'pci/controller/xilinx'
11e32bbe7858 Merge branch 'pci/controller/vmd'
187b811570db Merge branch 'pci/controller/rcar-gen4'
45e981b86df3 Merge branch 'pci/controller/qcom'
1bcf23315491 Merge branch 'pci/controller/mediatek-gen3'
487ce3e500b0 Merge branch 'pci/controller/mediatek'
af6491944072 Merge branch 'pci/controller/kirin'
e5f8d1c75b29 Merge branch 'pci/controller/keystone'
d1624da381cb Merge branch 'pci/controller/j721e'
f8ca62bff229 Merge branch 'pci/controller/imx6'
5ec58799e832 Merge branch 'pci/controller/dra7xx'
da71957c8b8b Merge branch 'pci/controller/cadence'
b893f8ea38c5 Merge branch 'pci/controller/brcmstb'
37b35d4d2ce2 Merge branch 'pci/controller/altera'
f045bc60d507 Merge branch 'pci/controller/affinity'
5c7bdac783be PCI: Fix typos
f8acfee2f8e0 wifi: ath12k: make read-only array svc_id static const
4d60f6d4b8fa PCI: dra7xx: Fix error handling when IRQ request fails in probe
03f84b3baba7 PCI: dra7xx: Fix threaded IRQ request for "dra7xx-pcie-main" IRQ
d14bc28af34f PCI: qcom: Add RX lane margining settings for 16.0 GT/s
d45736b59849 PCI: qcom: Add equalization settings for 16.0 GT/s
19a69cbd9d43 PCI: dwc: Always cache the maximum link speed value in dw_pcie::max_link_speed
2cebf68a24ab PCI: dwc: Rename 'dw_pcie::link_gen' to 'dw_pcie::max_link_speed'
d3745e3ae6c0 PCI: qcom-ep: Enable controller resources like PHY only after refclk is available
a18c097eda42 Merge tag 'wireless-next-2024-09-11' of git://git.kernel.org/pub/scm/linux/kernel/git/wireless/wireless-next
c2699778e6be PCI: imx6: Add i.MX8Q PCIe Root Complex (RC) support
87f10faf166a PCI: Rename CRS Completion Status to RRS
dd4e47eab886 PCI: aardvark: Correct Configuration RRS checking
2a0091f9419c PCI: brcmstb: Sort enums, pcie_offsets[], pcie_cfg_data, .compatible strings
fe57beb026ef Merge tag 'ath-next-20240909' of git://git.kernel.org/pub/scm/linux/kernel/git/ath/ath
8026f2d8e8a9 PCI: imx6: Call common PHY API to set mode, speed, and submode
eea9ecebe2f8 PCI: imx6: Consolidate redundant if-checks
52ac41b5cd60 PCI: imx6: Improve comment for workaround ERR010728
5223084d1383 PCI: imx6: Simplify switch-case logic by involve core_reset callback
256867b74625 PCI: imx6: Introduce SoC specific callbacks for controlling REFCLK
d657ea28d550 PCI: imx6: Rename imx6_* with imx_*
5b04d44d5c74 PCI: imx6: Fix missing call to phy_power_off() in error handling
5cb3aa92c7cf PCI: imx6: Fix i.MX8MP PCIe EP's occasional failure to trigger MSI
5214ff221a14 PCI: imx6: Fix establish link failure in EP mode for i.MX8MM and i.MX8MP
895b4fae931a Merge 6.11-rc7 into char-misc-next
91e5d15c7b19 PCI: brcmstb: Enable 7712 SoCs
8215851c74f9 PCI: brcmstb: Change field name from 'type' to 'soc_base'
6f61062fce86 PCI: brcmstb: Check return value of all reset_control_* calls
ae6476c6de18 PCI: brcmstb: Refactor for chips with many regular inbound windows
bca8bc0399ac wifi: mac80211: handle ieee80211_radar_detected() for MLO
c500a86693a1 PCI: kirin: Fix buffer overflow in kirin_pcie_parse_port()
8745aaab60a6 PCI: altera: Replace TLP_REQ_ID() with macro PCI_DEVID()
502cc061de66 Merge git://git.kernel.org/pub/scm/linux/kernel/git/netdev/net
02f454f9aa62 wifi: ath12k: Avoid -Wflex-array-member-not-at-end warnings
3ff77190cc89 Merge tag 'mhi-for-v6.12' of ssh://gitolite.kernel.org/pub/scm/linux/kernel/git/mani/mhi into char-misc-next
84a5ae5b23ba bus: mhi: host: pci_generic: Enable EDL trigger for Foxconn modems
a7bc66fe8093 bus: mhi: host: pci_generic: Update EDL firmware path for Foxconn modems
43b772448710 Merge tag 'wireless-next-2024-09-04' of git://git.kernel.org/pub/scm/linux/kernel/git/wireless/wireless-next
c538d40f365b PCI: j721e: Add suspend and resume support
f96b69713733 PCI: j721e: Use T_PERST_CLK_US macro
e1c88956e200 PCI: brcmstb: Don't conflate the reset rescal with PHY ctrl
0d8046037610 PCI: brcmstb: Remove two unused constants from driver
30eb2080fe20 PCI: brcmstb: PCI: brcmstb: Make HARD_DEBUG, INTR2_CPU_BASE offsets SoC-specific
8201360218c6 PCI: brcmstb: Use swinit reset if available
46cb27f671f2 PCI: brcmstb: Use bridge reset if available
64706ba771f5 PCI: brcmstb: Use common error handling code in brcm_pcie_probe()
c3d95aa93fd8 PCI: cadence: Drop excess cdns_pcie_rc.dev kerneldoc description
dd9d80408b7d PCI: mediatek: Drop excess mtk_pcie.mem kerneldoc description
b8600b8791cb PCI: j721e: Add reset GPIO to struct j721e_pcie
7d7ce746a9e1 PCI: j721e: Use dev_err_probe() in the probe() function
063c938928dc PCI: cadence: Set cdns_pcie_host_init() global
d1b6f2e2ce4d PCI: cadence: Extract link setup sequence from cdns_pcie_host_setup()
f6ab898356dd PCI: mediatek-gen3: Add Airoha EN7581 support
ee9eabbe3f0f PCI: mediatek-gen3: Rely on reset_bulk APIs for PHY reset lines
dc869a40d73e PCI: mediatek-gen3: Add mtk_gen3_pcie_pdata data structure
5603a3491b36 PCI: rcar-gen4: Make read-only const array check_addr static
4654cf52cbd0 PCI: vmd: Fix indentation issue in vmd_shutdown()
10ba0854c5e6 PCI: qcom: Disable mirroring of DBI and iATU register space in BAR region
4581403f6792 PCI: qcom: Enumerate endpoints based on Link up event in 'global_irq' interrupt
bba1251edf85 PCI: qcom-ep: Modify 'global_irq' and 'perst_irq' IRQ device names
95bebcbd657c PCI: qcom-ep: Reword the error message for receiving unknown global IRQ event
3858e8a5ea71 PCI: qcom-ep: Drop the redundant masking of global IRQ events
82c4be4168e2 PCI: j721e: Enable ACSPCIE Refclk if "ti,syscon-acspcie-proxy-ctrl" exists
6ac721795d73 PCI: xilinx-xdma: Add Xilinx QDMA Root Port driver
8101b2766d5b Merge tag 'pci-v6.11-fixes-2' of git://git.kernel.org/pub/scm/linux/kernel/git/pci/pci
969db85b4f63 bus: mhi: host: pci_generic: Add support for Netprisma LCUR57 and FCUN69
8e54acedff45 bus: mhi: host: make mhi_bus_type const
bfc5ca0fd1ea bus: mhi: host: pci_generic: Fix the name for the Telit FE990A
308a40fb8fd9 PCI: xilinx-nwl: Add PHY support
cfd67903977b PCI: xilinx-nwl: Clean up clock on probe failure/removal
78457cae24cb PCI: xilinx-nwl: Rate-limit misc interrupt messages
a437027ae173 PCI: xilinx-nwl: Fix register misspelling
0199d2f2bd8c PCI: xilinx-nwl: Fix off-by-one in INTx IRQ handler
db1ec60fba4a PCI: qcom: Use OPP only if the platform supports it
5d6a6c7454eb PCI: qcom-ep: Disable MHI RAM data parity error interrupt for SA8775P SoC
6274df2530e3 wifi: ath12k: fix the stack frame size warning in ath12k_mac_op_hw_scan
6188a1c762eb PCI: keystone: Fix if-statement expression in ks_pcie_quirk()
ae98f5c9fd8b Merge tag 'ath-next-20240812' of git://git.kernel.org/pub/scm/linux/kernel/git/ath/ath
a66de2d0f22b wifi: ath12k: fix invalid AMPDU factor calculation in ath12k_peer_assoc_h_he()
dd98d54db29f wifi: ath12k: match WMI BSS chan info structure with firmware definition
59529c982f85 wifi: ath12k: fix BSS chan info request WMI command
8be12629b428 wifi: ath12k: restore ASPM for supported hardwares only
abd9b9d94bc6 PCI: xilinx: Silence 'set affinity failed' warning
9200f2099f80 PCI: xilinx-xdma: Silence 'set affinity failed' warning
d5bba5b9ed23 PCI: xilinx-nwl: Silence 'set affinity failed' warning
647e9651a011 PCI: vmd: Silence 'set affinity failed' warning
38055789d151 wifi: ath12k: use 128 bytes aligned iova in transmit path for WCN7850
7216311681e7 PCI: tegra: Silence 'set affinity failed' warning
57d1992b396d PCI: rcar-host: Silence 'set affinity failed' warning
e934abaac096 PCI: plda: Silence 'set affinity failed' warning
2a1297ead069 PCI: mobiveil: Silence 'set affinity failed' warning
63e4794cde79 PCI: mediatek: Silence 'set affinity failed' warning
425c07563f4c PCI: mediatek-gen3: Silence 'set affinity failed' warning
363d53acbfd3 PCI: dwc: Silence 'set affinity failed' warning
c7b10edde0f2 PCI: brcmstb: Silence 'set affinity failed' warning
114ca2969f1e PCI: altera-msi: Silence 'set affinity failed' warning
4dff9c32ae06 PCI: aardvark: Silence 'set affinity failed' warning
a47f3320bb4b wifi: ath12k: fix soft lockup on suspend
189d7aae8f5a wifi: ath12k: fix reusing outside iterator in ath12k_wow_vif_set_wakeups()
c2a96b7f187f Merge tag 'driver-core-6.11-rc1' of git://git.kernel.org/pub/scm/linux/kernel/git/gregkh/driver-core
3f386cb8ee9f Merge tag 'pci-v6.11-changes' of git://git.kernel.org/pub/scm/linux/kernel/git/pci/pci
acc5965b9ff8 Merge tag 'char-misc-6.11-rc1' of git://git.kernel.org/pub/scm/linux/kernel/git/gregkh/char-misc
9c67f9084af3 Merge tag 'pwrseq-fixes-for-v6.11-rc1' of git://git.kernel.org/pub/scm/linux/kernel/git/brgl/linux
45659274e608 Merge branch 'pci/misc'
d098215aec2c Merge branch 'pci/controller/vmd'
99329ded0909 Merge branch 'pci/controller/tegra194'
8240a9b4a5a2 Merge branch 'pci/controller/rockchip'
59dd7046b4fb Merge branch 'pci/controller/rcar-gen4'
55b3ebfedc19 Merge branch 'pci/controller/rcar'
df5dd337283a Merge branch 'pci/controller/qcom'
325b9a3e4e6b Merge branch 'pci/controller/microchip'
145eec91b38a Merge branch 'pci/controller/loongson'
9965133729ed Merge branch 'pci/controller/layerscape'
db2cc94fae13 Merge branch 'pci/controller/keystone'
477ddcd8ef8b Merge branch 'pci/controller/hyperv'
da3552d2256c Merge branch 'pci/controller/exynos'
1d97f4b21539 Merge branch 'pci/controller/dra7xx'
43f25adf9f27 Merge branch 'pci/controller/artpec6'
e38de94eddce Merge branch 'pci/controller/al'
378539328511 Merge branch 'pci/controller/dwc'
35f0c94a1207 Merge branch 'pci/controller/gpio'
0f74d8984301 Merge branch 'pci/endpoint'
a4bbcac11d3c PCI: loongson: Enable MSI in LS7A Root Complex
ed70aaac7c35 Kconfig: reduce the amount of power sequencing noise
b49991d83bba wifi: ath12k: fix build vs old compiler
f24c9bfcd423 PCI: vmd: Create domain symlink before pci_bus_add_devices()
04aee7a84779 wifi: ath12k: Support Transmit DE stats
e106b7ad13c1 wifi: ath12k: fix array out-of-bound access in SoC stats
044b45be04cb PCI: qcom: Prevent use of uninitialized data in qcom_pcie_suspend_noirq()
9553636b5757 PCI: qcom: Prevent potential error pointer dereference
101e5c5c4e76 PCI: qcom: Fix missing error code in qcom_pcie_probe()
84e30b878aed PCI: dw-rockchip: Use pci_epc_init_notify() directly
e242f26f6320 PCI: dw-rockchip: Add endpoint mode support
49a0925d1733 PCI: dw-rockchip: Refactor the driver to prepare for EP mode
d8b864c95dcb PCI: dw-rockchip: Add rockchip_pcie_get_ltssm() helper
2baa5fc389b9 PCI: dw-rockchip: Fix weird indentation
28b8d7793b85 PCI: dw-rockchip: Fix initial PERST# GPIO value
206c4f778b3c PCI: dw-rockchip: Add error messages in .probe() error paths
840b7a5edf88 PCI: rockchip: Use GPIOD_OUT_LOW flag while requesting ep_gpio
70a7bfb1e515 PCI: rockchip-host: Wait 100ms after reset before starting configuration
c47f90be4c89 PCI: rockchip-host: Fix rockchip_pcie_host_init_port() PERST# handling
9b10e877fc84 PCI: dwc: ep: Enforce DWC specific 64-bit BAR limitation
b8747e10fde9 PCI: layerscape-ep: Use the generic dw_pcie_ep_linkdown() API to handle Link Down event
574621166c8f PCI: qcom-ep: Use the generic dw_pcie_ep_linkdown() API to handle Link Down event
245b9ebf7b8e PCI: dwc: ep: Remove dw_pcie_ep_init_notify() wrapper
867ab111b242 PCI: dwc: ep: Add a generic dw_pcie_ep_linkdown() API to handle Link Down event
e1a4ec1a9520 PCI: dwc: Add generic MSG TLP support for sending PME_Turn_Off when system suspend
cd02e4b684fd PCI: dwc: Add outbound MSG TLPs support
aa85ef61d841 PCI: dwc: Consolidate args of dw_pcie_prog_outbound_atu() into a structure
c2a57ee0f2f1 PCI: dwc: Fix index 0 incorrectly being interpreted as a free ATU slot
b262518262f5 PCI: dwc: Use msleep() in dw_pcie_wait_for_link()
d03b2dd78532 PCI: kirin: Convert to use agnostic GPIO API
7e8e4fc5321b PCI: kirin: Convert kirin_pcie_parse_port() to scoped iterator
5b6272e0efd5 PCI: qcom: Add OPP support to scale performance
980136d1c2b9 PCI: qcom: Add ICC bandwidth vote for CPU to PCIe path
912315715d7b PCI: qcom-ep: Disable resources unconditionally during PERST# assert
c71b5eb3b864 PCI: qcom-ep: Override NO_SNOOP attribute for SA8775P EP
1d648bf79d4d PCI: qcom: Override NO_SNOOP attribute for SA8775P RC
142a41da39d1 PCI: controller: Add missing MODULE_DESCRIPTION() macros
473b2cf9c4d1 PCI: endpoint: Introduce 'epc_deinit' event and notify the EPF drivers
fea93a3e5d5e PCI: hv: Return zero, not garbage, when reading PCI_INTERRUPT_PIN
c1cacb01f355 Merge tag 'ath-next-20240702' of git://git.kernel.org/pub/scm/linux/kernel/git/ath/ath
633478695d6b bus: mhi: host: Allow controller drivers to specify name for the MHI controller
bf30a75e6e00 bus: mhi: host: Add support for Foxconn SDX72 modems
d69d80484598 driver core: have match() callback in struct bus_type take a const *
faf5a975ee3b PCI: rcar-gen4: Add support for R-Car V4H
5344fc76f894 wifi: ath12k: Support TQM stats
cf1187b3a683 wifi: ath12k: Support pdev error stats
4b6dfc758c2f wifi: ath12k: Support Transmit Scheduler stats
a9f2976f0e9e wifi: ath12k: Dump additional Tx PDEV HTT stats
adf6df963c03 wifi: ath12k: Add support to parse requested stats_type
ad201b35d3ec wifi: ath12k: Add htt_stats_dump file ops support
3f73c24f28b3 wifi: ath12k: Add support to enable debugfs_htt_stats
f08d4bdad612 bus: mhi: host: pci_generic: Use unique 'mhi_pci_dev_info' for product families
2c49151b3fff PCI: rcar-gen4: Add .ltssm_control() for other SoC support
ac1d89f8dcc3 PCI: rcar-gen4: Add struct rcar_gen4_pcie_drvdata
544a18c936f9 PCI: dwc: Add PCIE_PORT_{FORCE,LANE_SKEW} macros
86f271f22bbb PCI: keystone: Add workaround for Errata #i2037 (AM65x SR 1.0)
56bf02c26a36 Merge tag 'wireless-next-2024-06-27' of git://git.kernel.org/pub/scm/linux/kernel/git/wireless/wireless-next
9783e0407421 wifi: ath12k: fix driver initialization for WoW unsupported devices
1eeafd64c7b4 wifi: ath12k: fix peer metadata parsing
2c7857677d69 wifi: ath12k: Fix pdev id sent to firmware for single phy devices
1decf05d0f4d wifi: mac80211: inform the low level if drv_stop() is a suspend
cd09a6ac85b9 PCI: ls-gen4: Make struct mobiveil_rp_ops constant
7af01e569529 wifi: ath12k: handle keepalive during WoWLAN suspend and resume
aab4ae566fa1 wifi: ath12k: support GTK rekey offload
1666108c74c4 wifi: ath12k: support ARP and NS offload
66a9448b1b89 wifi: ath12k: implement hardware data filter
16f474d6d49d wifi: ath12k: add WoW net-detect functionality
4a3c212eee0e wifi: ath12k: add basic WoW functionalities
593174170919 wifi: ath12k: implement WoW enable and wakeup commands
3216b7bcd719 wifi: ath12k: add ATH12K_DBG_WOW log level
c7d0b2db5bc5 bus: mhi: ep: Do not allocate memory for MHI objects from DMA zone
253ec89c9013 wifi: ath12k: fix mbssid max interface advertisement
db163a463bb9 wifi: ath12k: fix firmware crash due to invalid peer nss
3005c63a3673 wifi: ath12k: fix legacy peer association due to missing HT or 6 GHz capabilities
19b77e7c656a wifi: ath12k: fix uninitialize symbol error on ath12k_peer_assoc_h_he()
59ca26c9a6e8 wifi: ath12k: fix NULL pointer access in ath12k_mac_op_get_survey()
4f15b06e5782 wifi: ath12k: Remove unused ath12k_base from ath12k_hw
670d4949bc8e wifi: ath12k: Fix WARN_ON during firmware crash in split-phy
404dbd26322f net: qrtr: ns: Ignore ENODEV failures in ns
5a16da9cfb40 wifi: ath12k: handle symlink cleanup for per pdev debugfs dentry
4e1eff38d37a wifi: ath12k: unregister per pdev debugfs
8dd65ccbdf91 wifi: ath12k: fix per pdev debugfs registration
9e32058ae62f wifi: ath12k: avoid unnecessary MSDU drop in the Rx error process
8b2a12749b08 wifi: ath12k: fix ACPI warning when resume
4938ba733ee2 wifi: ath12k: modify remain on channel for single wiphy
93d4e8bb3f13 Merge tag 'wireless-next-2024-06-07' of git://git.kernel.org/pub/scm/linux/kernel/git/wireless/wireless-next
6a6118336270 PCI: tegra: Remove unused struct 'tegra_pcie_soc'
7246a4520b4b PCI: Use preserve_config in place of pci_flags
22767241e644 wifi: ath12k: add hw_link_id in ath12k_pdev
809055628bce wifi: ath12k: add panic handler
8233d2716570 wifi: ath12k: do not process consecutive RDDM event
3d6004154318 wifi: ath12k: fix memory leak in ath12k_dp_rx_peer_frag_setup()
0ae570703754 wifi: ath12k: fix wrong definition of CE ring's base address
0a993772e0f0 wifi: ath12k: fix race due to setting ATH12K_FLAG_EXT_IRQ_ENABLED too early
af69d862a8ba wifi: ath12k: Fix devmem address prefix when logging
d19a86d584e0 PCI: tegra194: Set EP alignment restriction for inbound ATU
c93637e6a4c4 PCI: rcar: Demote WARN() to dev_warn_ratelimited() in rcar_pcie_wakeup()
39b91eb40c6a PCI: starfive: Add JH7110 PCIe controller
d76ef0531c07 PCI: plda: Pass pci_host_bridge to plda_pcie_setup_iomems()
76c911396807 PCI: plda: Add host init/deinit and map bus functions
a576fff39eec PCI: plda: Add event bitmap field to struct plda_pcie_rp
4602c370bdf6 PCI: microchip: Move IRQ functions to pcie-plda-host.c
5037ec713a84 PCI: microchip: Add event irqchip field to host port and add PLDA irqchip
c7f6c72ae167 PCI: microchip: Add get_events() callback and PLDA get_event()
62df57b9f0c6 PCI: microchip: Add INTx and MSI event num to struct plda_event
647690479660 PCI: microchip: Add request_event_irq() callback function
d4078c87a530 PCI: microchip: Add num_events field to struct plda_pcie_rp
f966c028cfae PCI: microchip: Rename interrupt related functions
39bd5f8225d5 PCI: microchip: Move PLDA functions to pcie-plda-host.c
ed18db138c0a PCI: microchip: Rename PLDA functions to be generic
41ceca8c6163 PCI: microchip: Move PLDA structures to plda-pcie.h
e9b7007a94db PCI: microchip: Rename PLDA structures to be generic
55ba2532b33c PCI: microchip: Add bridge_addr field to struct mc_pcie
692c9b0a64bc PCI: microchip: Move PLDA IP register macros to pcie-plda.h
24934ee8978d PCI: microchip: Move pcie-microchip-host.c to PLDA directory
a231707a91f3 PCI: keystone: Fix NULL pointer dereference in case of DT error in ks_pcie_setup_rc_app_regs()
9ffa0e70b2da PCI: keystone: Don't enable BAR 0 for AM654x
5125fdc3292e PCI: keystone: Relocate ks_pcie_set/clear_dbi_mode()
2e81122d681c PCI: imx6: Convert to use agnostic GPIO API
050a5e4b8632 PCI: dwc: Remove unused of_gpio.h inclusion
9a14b2976d49 PCI: aardvark: Remove unused of_gpio.h inclusion
7726ed06f5ae PCI: dra7xx: Add missing chained IRQ header inclusion
6b11143f9344 PCI: exynos: Adapt to use bulk clock APIs
045fda253511 PCI: dra7xx: Fix dra7xx_pcie_cpu_addr_fixup() parameter name
7903ffa44056 PCI: artpec6: Fix artpec6_pcie_cpu_addr_fixup() parameter name
a9927c2cac6e PCI: al: Check IORESOURCE_BUS existence during probe
f58838d7feb0 PCI: endpoint: Rename BME to Bus Master Enable
c94391ba52b9 PCI: qcom-ep: Add HDMA support for SA8775P SoC
0551abf2192d PCI: dwc: Pass the eDMA mapping format flag directly from glue drivers
0d278fbdb432 PCI: dwc: Skip finding eDMA channels count for HDMA platforms
0b45127a1b85 PCI: dwc: Refactor dw_pcie_edma_find_chip() API
58d0d3e032b3 PCI: qcom-ep: Add support for SA8775P SOC
652935ba0586 PCI: qcom: Use devm_clk_bulk_get_all() API
a57ab7cced45 wifi: ath12k: fix firmware crash during reo reinject
073f9f249eec wifi: ath12k: fix invalid memory access while processing fragmented packets
33322e3ef074 wifi: ath12k: change DMA direction while mapping reinjected packets
35864b62fa12 wifi: ath12k: improve the rx descriptor error information
4f82a8d5c277 wifi: ath12k: refactor rx descriptor CMEM configuration
2c92ca849fcc tracing/treewide: Remove second parameter of __assign_str()
5f16eb0549ab Merge tag 'char-misc-6.10-rc1' of git://git.kernel.org/pub/scm/linux/kernel/git/gregkh/char-misc
f0bae243b2bc Merge tag 'pci-v6.10-changes' of git://git.kernel.org/pub/scm/linux/kernel/git/pci/pci
33370412eced wifi: ath12k: fix Smatch warnings on ath12k_core_suspend()
26dd8ccdba4d wifi: ath12k: dynamic VLAN support
ed61863debb2 wifi: ath12k: fix ack signal strength calculation
24ffb8c9188e Merge branch 'pci/controller/tegra194'
f4036f64b581 Merge branch 'pci/controller/rockchip'
102c69699b5b Merge branch 'pci/controller/mt7621'
08f38906c947 Merge branch 'pci/controller/dwc'
fd76e5ccc48f net: qrtr: ns: Fix module refcnt
7678f8bfd74c wifi: ath12k: use correct MAX_RADIOS
28bfc1c9c9d0 wifi: ath12k: remove duplicate definition of MAX_RADIOS
3a29442a1741 wifi: ath12k: remove redundant peer delete for WCN7850
0ce9ab2785e4 wifi: ath12k: Fix tx completion ring (WBM2SW) setup failure
c740a18f62f5 wifi: ath12k: skip sending vdev down for channel switch
f27fbd76a98f wifi: ath12k: add EMA beacon support
8c6faa56bfb2 wifi: ath12k: add MBSSID beacon support
9fd28936b641 wifi: ath12k: refactor arvif security parameter configuration
84edf47bcb31 wifi: ath12k: configure MBSSID parameters in AP mode
51c47463543e wifi: ath12k: create a structure for WMI vdev up parameters
5fbd97f25c4c wifi: ath12k: rename MBSSID fields in wmi_vdev_up_cmd
ea68f1bba616 wifi: ath12k: configure MBSSID params in vdev create/start
519a545cfee7 wifi: ath12k: advertise driver capabilities for MBSSID and EMA
97b7cbb7a3cb wifi: ath12k: support SMPS configuration for 6 GHz
f0e61dc7ecf9 wifi: ath12k: refactor SMPS configuration
112dbc6af807 wifi: ath12k: add 6 GHz params in peer assoc command
70e3be54bbdd wifi: ath12k: fix survey dump collection in 6 GHz
c3c84a74bd79 wifi: ath12k: Correct 6 GHz frequency value in rx status
3745d7963cc3 wifi: ath12k: add channel 2 into 6 GHz channel list
2dba285caba5 PCI: rockchip-ep: Remove wrong mask on subsys_vendor_id
4f9206e8c2c1 wifi: ath12k: allocate dummy net_device dynamically
3b9344740843 wifi: ath12k: initialize 'ret' in ath12k_dp_rxdma_ring_sel_config_wcn7850()
ff5fa958d2fd wifi: ath12k: fix misspelling of "dma" in num_rxmda_per_pdev
2db7a82fd150 wifi: ath12k: avoid double SW2HW_MACID conversion
bb0b0a6b96e6 wifi: ath12k: initialize 'ret' in ath12k_qmi_load_file_target_mem()
efd920f48d1f wifi: ath12k: remove invalid peer create logic
f40aaca07bf7 wifi: ath12k: avoid duplicated vdev down
3b0989e925f3 wifi: ath12k: avoid duplicated vdev stop
782615f280ce wifi: ath12k: remove unused variable monitor_flags
582e94ebe230 wifi: ath12k: Remove unused tcl_*_ring configuration
ed07ff674509 wifi: ath12k: Remove unsupported tx monitor handling
9f74e7b306dc wifi: ath12k: fix calling correct function for rx monitor mode
50971dc6694c wifi: ath12k: drop failed transmitted frames from metric calculation.
5453bbd6fef4 wifi: ath12k: Don't drop tx_status in failure case
53bf4a14f8c5 wifi: ath12k: add multi device support for WBM idle ring buffer setup
b2d54ca73a5a wifi: ath12k: Introduce device index
acc6afb31c3f wifi: ath12k: Refactor idle ring descriptor setup
5f6c3a418b40 wifi: ath12k: Replace "chip" with "device" in hal Rx return buffer manager
acaa84009fad wifi: ath12k: Add lock to protect the hardware state
9b4e5caaf590 wifi: ath12k: Refactor the hardware state
ecd509b6f263 wifi: ath12k: Refactor the hardware recovery procedure
bf76b144fe53 wifi: ath12k: fix the problem that down grade phy mode operation
24de1b7b231c wifi: ath12k: fix flush failure in recovery scenarios
05090ae82f44 wifi: ath12k: check M3 buffer size as well whey trying to reuse it
48f98496b1de bus: mhi: host: pci_generic: Add generic edl_trigger to allow devices to enter EDL mode
553f94fc7667 bus: mhi: host: Add a new API for getting channel doorbell offset
17553ba8e19d bus: mhi: host: Add sysfs entry to force device to enter EDL
da3cbd88e780 wifi: ath12k: set mlo_capable_flags based on QMI PHY capability
ae6ec4a38aa4 wifi: ath12k: read single_chip_mlo_support parameter from QMI PHY capability
b0afabc4d7e0 wifi: ath12k: add support to handle beacon miss for WCN7850
7b5f3cbfb468 wifi: ath12k: ACPI band edge channel power support
12bccacbcd9e wifi: ath12k: ACPI CCA threshold support
764883be7ed0 wifi: ath12k: ACPI SAR support
576771c9fa21 wifi: ath12k: ACPI TAS support
2b0028458996 wifi: ath12k: change supports_suspend to true for WCN7850
8d5f4da8d70b wifi: ath12k: support suspend/resume
2652f6b472ff wifi: ath12k: avoid stopping mac80211 queues in ath12k_core_restart()
b1c9992c675b wifi: ath12k: no need to handle pktlog during suspend/resume
692921ead832 wifi: ath12k: flush all packets before suspend
7b3d4eb283d2 wifi: ath12k: decrease MHI channel buffer length to 8KB
1623bf78c846 wifi: ath12k: fix warning on DMA ring capabilities event
8591b2baaee4 wifi: ath12k: do not dump SRNG statistics during resume
b8b50a489d51 wifi: ath12k: remove MHI LOOPBACK channels
c7b2da3c0a57 wifi: ath12k: rearrange IRQ enable/disable in reset path
303c017821d8 wifi: ath12k: fix kernel crash during resume
e1bdff48a1bb wifi: ath12k: fix out-of-bound access of qmi_invoke_handler()
d4e3fc4f45c6 wifi: ath12k: Refactor data path cmem init
682ca418d40a wifi: ath12k: displace the Tx and Rx descriptor in cookie conversion table
b3e9e82b31c0 wifi: ath12k: Refactor the hardware cookie conversion init
3ea19127d154 wifi: ath12k: avoid redundant code in Rx cookie conversion init
2372c6d28032 wifi: ath12k: don't use %pK in dmesg format strings
0d55f86d0260 wifi: ath12k: enable service flag for survey dump stats
03a509740b5d wifi: ath12k: enable WIPHY_FLAG_DISABLE_WEXT
0531825408ce wifi: ath12k: dynamically update peer puncturing bitmap for STA
f351772c544b wifi: ath12k: fix mac id extraction when MSDU spillover in rx error path
fd6eb49a84a8 PCI: mt7621: Fix string truncation in mt7621_pcie_parse_port()
19326006a21d PCI: tegra194: Fix probe path for Endpoint mode
a01e7214bef9 PCI: endpoint: Remove "core_init_notifier" flag
df69e17ccc2f PCI: dwc: ep: Call dw_pcie_ep_init_registers() API directly from all glue drivers
7d6e64c443ea PCI: dwc: ep: Rename dw_pcie_ep_init_complete() to dw_pcie_ep_init_registers()
570d7715eed8 PCI: dwc: ep: Introduce dw_pcie_ep_cleanup() API for drivers supporting PERST#
c8682a3314c1 PCI: dwc: ep: Rename dw_pcie_ep_exit() to dw_pcie_ep_deinit()
b7dec6b85089 PCI: dwc: ep: Remove deinit() callback from struct dw_pcie_ep_ops
7cbebc86c72a PCI: dwc: ep: Add Kernel-doc comments for APIs
869bc5253406 PCI: dwc: ep: Fix DBI access failure for drivers requiring refclk from host
de66b37a174f PCI: rockchip-ep: Set a 64-bit BAR if requested
07db0fa80cf3 PCI: cadence: Set a 64-bit BAR if requested
4f242b1d6996 wifi: ath12k: support get_survey mac op for single wiphy
d258f16ba10f wifi: ath12k: Modify rts threshold mac op for single wiphy
5a6af83c397d wifi: ath12k: Modify set and get antenna mac ops for single wiphy
0da00e45ee9a wifi: ath12k: modify regulatory support for single wiphy architecture
cec77a252407 wifi: ath12k: Add additional checks for vif and sta iterators
b5068bc9180d wifi: ath12k: Cache vdev configs before vdev create
0148e40c9f0a wifi: ath12k: fetch correct radio based on vdev status
0d6e6736ed9f wifi: ath12k: scan statemachine changes for single wiphy
314876885bdc wifi: ath12k: vdev statemachine changes for single wiphy
b8ce837ea264 wifi: ath12k: modify ath12k mac start/stop ops for single wiphy
d01c08ed6fdb wifi: ath12k: Modify add and remove chanctx ops for single wiphy support
ba12f08f3167 wifi: ath12k: add multiple radio support in a single MAC HW un/register
df1f2b947ffa wifi: ath12k: correct the capital word typo
e0cd1185900e net: qrtr: support suspend/hibernation
b34389c3978c wifi: ath12k: fix link capable flags
58e8ecda692e wifi: ath12k: extend the link capable flag
231a4c893c9b Merge branch 'mhi-immutable' of git://git.kernel.org/pub/scm/linux/kernel/git/mani/mhi into ath-next
024c4ab0415f wifi: ath12k: fix hal_rx_buf_return_buf_manager documentation
2adcddd8a316 wifi: ath12k: fix missing endianness conversion in wmi_vdev_create_cmd()
f51d917b7330 wifi: ath12k: debugfs: radar simulation support
f8bde02a26b9 wifi: ath12k: initial debugfs support
8c73e8b59593 Merge tag 'wireless-next-2024-04-03' of git://git.kernel.org/pub/scm/linux/kernel/git/wireless/wireless-next
813e0ae613d6 bus: mhi: host: Add mhi_power_down_keep_dev() API to support system suspend/hibernation
bb41fe35dce7 Merge tag 'char-misc-6.9-rc1' of git://git.kernel.org/pub/scm/linux/kernel/git/gregkh/char-misc
f42bfbe7a507 wifi: ath12k: Refactor error handler of Rxdma replenish
597b4dd63afa wifi: ath12k: Optimize the lock contention of used list in Rx data path
9d7bce18e725 wifi: ath12k: Refactor Rxdma buffer replinish argument
020e08ae5e68 wifi: ath12k: use correct flag field for 320 MHz channels
54a3d0d6684e wifi: ath12k: remove duplicate definitions in wmi.h
a49732b1f1f8 wifi: ath12k: fix desc address calculation in wbm tx completion
705c1da8fa48 Merge tag 'pci-v6.9-changes' of git://git.kernel.org/pub/scm/linux/kernel/git/pci/pci
aabf7173cdfe Merge branch 'pci/controller/qcom'
45b2987e6888 Merge branch 'pci/controller/imx'
0b5ce6b2f79a Merge branch 'pci/controller/hyperv'
92a1d9b8777d Merge branch 'pci/controller/dwc'
538ca0022566 Merge branch 'pci/controller/cadence'
cab098b6f253 Merge branch 'pci/controller/broadcom'
b5ff74c1ef50 PCI: hv: Fix ring buffer size calculation
72e34b8593e0 PCI: dwc: endpoint: Fix advertised resizable BAR size
667a006d73fb PCI: cadence: Clear the ARI Capability Next Function Number of the last function
f3a296405b6e PCI: dwc: Strengthen the MSI address allocation logic
039741a8d7c9 PCI: brcmstb: Fix broken brcm_pcie_mdio_write() polling
6d0c39324c5f PCI: qcom: Add X1E80100 PCIe support
bf79e33cdd89 PCI: qcom: Enable BDF to SID translation properly
d1997c987814 PCI: qcom: Disable ASPM L0s for sc8280xp, sa8540p and sa8295p
4cd6eb606f02 wifi: ath12k: remove obsolete struct wmi_start_scan_arg
b7d67c6130ee PCI: imx6: Add iMX95 Endpoint (EP) support
0044966cdadf PCI: imx6: Add epc_features in imx6_pcie_drvdata
1bd0d43dcf3b PCI: imx6: Clean up addr_space retrieval code
f5c04da3a12b PCI: imx6: Add iMX95 PCIe Root Complex support
21ad80b0e0ce PCI: imx6: Simplify switch-case logic by introducing init_phy() callback
f99b121c2589 PCI: imx6: Simplify configure_type() by using mode_off and mode_mask
d99aa8d3c4ac PCI: imx6: Simplify ltssm_enable() by using ltssm_off and ltssm_mask
0c9651c21f2a PCI: imx6: Simplify reset handling by using *_FLAG_HAS_*_RESET
2d06aec5665d Merge tag 'mhi-for-v6.9' of git://git.kernel.org/pub/scm/linux/kernel/git/mani/mhi into char-misc-next
776c9c93bb05 wifi: ath12k: fix license in p2p.c and p2p.h
ee3b63586b30 wifi: ath12k: add rcu lock for ath12k_wmi_p2p_noa_event()
2ec11b5d6d90 bus: mhi: host: pci_generic: constify modem_telit_fn980_hw_v1_config
1c33f0ffacfd Merge tag 'ath-next-20240222' of git://git.kernel.org/pub/scm/linux/kernel/git/kvalo/ath
a52354173bea bus: mhi: host: Change the trace string for the userspace tools mapping
e199c4ba8260 Merge tag 'wireless-next-2024-02-20' of git://git.kernel.org/pub/scm/linux/kernel/git/wireless/wireless-next
4e37c2f48712 PCI: imx6: Simplify PHY handling by using IMX6_PCIE_FLAG_HAS_PHYDRV
6a4018583875 PCI: imx6: Simplify clock handling by using clk_bulk*() function
27711860c54c bus: mhi: ep: check the correct variable in mhi_ep_register_controller()
f0397e27d120 Revert "bus: mhi: core: Add support for reading MHI info from device"
9266514689fe PCI: endpoint: Drop only_64bit on reserved BARs
e01c9797c0eb PCI: endpoint: Clean up hardware description for BARs
f0024c980df2 wifi: ath12k: remove the unused scan_events from ath12k_wmi_scan_req_arg
80fd22d7d41a wifi: ath12k: Remove unused scan_flags from struct ath12k_wmi_scan_req_arg
bcdb44f30be9 wifi: ath12k: Do not use scan_flags from struct ath12k_wmi_scan_req_arg
5ddfc2460611 Merge tag 'pci-v6.8-fixes-2' of git://git.kernel.org/pub/scm/linux/kernel/git/pci/pci
04ada8599c35 wifi: mac80211: add support to call csa_finish on a link
b82730bf57b5 wifi: cfg80211/mac80211: move puncturing into chandef
67057f48df79 PCI: dwc: Clean up dw_pcie_ep_raise_msi_irq() alignment
b5d1b4b46f85 PCI: dwc: Fix a 64bit bug in dw_pcie_ep_raise_msix_irq()
04edb5dc68f4 wifi: ath12k: Fix uninitialized use of ret in ath12k_mac_allocate()
e65a63986575 wifi: ath12k: advertise P2P dev support for WCN7850
cf0425eead75 wifi: ath12k: designating channel frequency for ROC scan
c9e4e41e71ff wifi: ath12k: move peer delete after vdev stop of station for WCN7850
32e7b12e2611 wifi: ath12k: allow specific mgmt frame tx while vdev is not up
28035a88f8b3 wifi: ath12k: change WLAN_SCAN_PARAMS_MAX_IE_LEN from 256 to 512
2830bc9e784f wifi: ath12k: implement remain on channel for P2P mode
9411eecb60cb wifi: ath12k: implement handling of P2P NoA event
575ec73cb880 wifi: ath12k: add P2P IE in beacon template
ef860c6a3adf wifi: ath12k: change interface combination for P2P mode
019b58dcb6ed wifi: ath12k: fix incorrect logic of calculating vdev_stats_id
4f684533afe2 wifi: ath12k: fix broken structure wmi_vdev_create_cmd
ceeb64f41fe6 bus: mhi: host: Add tracing support
54ca3308a23c wifi: ath12k: enable 802.11 power save mode in station mode
ae1d892d518a bus: mhi: ep: Use kcalloc() instead of kzalloc()
e7c7fbb582bc wifi: ath12k: refactor the rfkill worker
ad2b29ad94c3 wifi: ath12k: add processing for TWT disable event
2f92b22beef7 wifi: ath12k: add processing for TWT enable event
2d3a7384b9c8 wifi: ath12k: disable QMI PHY capability learn in split-phy QCN9274
af9bc78d14fb wifi: ath12k: Read board id to support split-PHY QCN9274
afeee629e72e wifi: ath12k: fix PCI read and write
57c8b5c332e5 wifi: ath12k: add MAC id support in WBM error path
419927ec8438 wifi: ath12k: subscribe required word mask from rx tlv
3cf1a9f7a1b2 wifi: ath12k: remove hal_desc_sz from hw params
f7019c2fcdf6 wifi: ath12k: split hal_ops to support RX TLVs word mask compaction
664a1c96b297 wifi: ath12k: fix firmware assert during insmod in memory segment mode
94e8235c679d wifi: ath12k: Add logic to write QRTR node id to scratch
902700d55d4a wifi: ath12k: fix fetching MCBC flag for QCN9274
287033810990 wifi: ath12k: add support for peer meta data version
9f06911998ca wifi: ath12k: fetch correct pdev id from WMI_SERVICE_READY_EXT_EVENTID
6925eba532e1 wifi: ath12k: indicate NON MBSSID vdev by default during vdev start
12f491cd6d81 wifi: ath12k: add firmware-2.bin support
6c76dd3a91e3 Merge tag 'ath-next-20240130' of git://git.kernel.org/pub/scm/linux/kernel/git/kvalo/ath
1e560864159d PCI/ASPM: Fix deadlock when enabling ASPM
8ddf54a32111 bus: mhi: host: Read PK HASH dynamically
bce3f770684c bus: mhi: host: Add MHI_PM_SYS_ERR_FAIL state
67a48d937fac wifi: ath12k: Fix issues in channel list update
9f9df1a2535f wifi: ath12k: add support for collecting firmware log
6db6e70a17f6 wifi: ath12k: Introduce the container for mac80211 hw
b856f023b40f wifi: ath12k: Refactor the mac80211 hw access from link/radio
955df16f2a4c wifi: ath12k: change MAC buffer ring size to 2048
b0970f50839e wifi: ath12k: add support for BA1024
60b937658321 wifi: ath12k: fix wrong definitions of hal_reo_update_rx_queue
49b88e5f3fa1 wifi: ath12k: replace ENOTSUPP with EOPNOTSUPP
296455ade1fd Merge tag 'char-misc-6.8-rc1' of git://git.kernel.org/pub/scm/linux/kernel/git/gregkh/char-misc
e1aa9df44018 Merge tag 'pci-v6.8-changes' of git://git.kernel.org/pub/scm/linux/kernel/git/pci/pci
53a65445c144 wifi: ath12k: add QMI PHY capability learn support
76fece36f17a wifi: ath12k: refactor QMI MLO host capability helper function
5bdfb8c9db22 wifi: ath12k: ath12k_start_vdev_delay(): convert to use ar
b33dcbe8d53d wifi: ath12k: refactor ath12k_mac_op_flush()
5b1b5dbfd6a6 wifi: ath12k: refactor ath12k_mac_op_ampdu_action()
d629b0c149c9 wifi: ath12k: refactor ath12k_mac_op_configure_filter()
92b30bb39786 wifi: ath12k: refactor ath12k_mac_op_update_vif_offload()
3bbc9c7429ff wifi: ath12k: refactor ath12k_mac_op_stop()
e1e275a69906 wifi: ath12k: refactor ath12k_mac_op_start()
00c9b1a6d21d wifi: ath12k: refactor ath12k_mac_op_conf_tx()
ce20a10fdff4 wifi: ath12k: refactor ath12k_bss_assoc()
3e141f0034d5 wifi: ath12k: refactor ath12k_mac_op_config()
d786c9f5fe34 wifi: ath12k: refactor ath12k_mac_register() and ath12k_mac_unregister()
d2b7a6e5fa1c wifi: ath12k: refactor ath12k_mac_setup_channels_rates()
8a742a79f90e wifi: ath12k: refactor ath12k_mac_allocate() and ath12k_mac_destroy()
eaf9f17b861b wifi: ath12k: relocate ath12k_dp_pdev_pre_alloc() call
dc14155d46b5 Merge branch 'pci/irq-clean-up'
eb30ad414169 Merge branch 'pci/controller/remove-void-return'
fd286a1de5dd Merge branch 'pci/controller/xilinx'
161d42df9acf Merge branch 'pci/controller/vmd'
67b9ef22c68c Merge branch 'pci/controller/rcar'
1b6069f51ef0 Merge branch 'pci/controller/mediatek'
1800c660b08f Merge branch 'pci/controller/layerscape'
921e097ede90 Merge branch 'pci/controller/kirin'
186ce88c9063 Merge branch 'pci/controller/keystone'
787c72b1d45b Merge branch 'pci/controller/dwc'
78fe51fcb435 Merge branch 'pci/controller/cadence'
6f77f0ac5ee2 Merge branch 'pci/controller/broadcom'
6d2b0a066941 wifi: ath12k: Use initializers for QMI message buffers
2e82b5f09a97 wifi: ath12k: Add missing qmi_txn_cancel() calls
59cf57ab3dee wifi: ath12k: Remove unnecessary struct qmi_txn initializers
3e7aeb78ab01 Merge tag 'net-next-6.8' of git://git.kernel.org/pub/scm/linux/kernel/git/netdev/net-next
e2596dcf1e9d PCI: brcmstb: Configure HW CLKREQ# mode appropriate for downstream device
fba97a777dcb wifi: ath12k: refactor ath12k_wmi_tlv_parse_alloc()
9ccc1318cf4b PCI: mediatek-gen3: Fix translation window size calculation
4e11c29873a8 PCI: mediatek: Clear interrupt status before dispatching handler
c12ca110c613 PCI: keystone: Fix race condition when initializing PHYs
33034c4f9497 Merge tag 'x86-apic-2024-01-08' of git://git.kernel.org/pub/scm/linux/kernel/git/tip/tip
2324be17b5e0 PCI: xilinx-xdma: Fix error code in xilinx_pl_dma_pcie_init_irq_domain()
7aa5f8fcd6d9 PCI: xilinx-xdma: Fix uninitialized symbols in xilinx_pl_dma_pcie_setup_irq()
7682f19c3c8c PCI: rcar-gen4: Fix -Wvoid-pointer-to-enum-cast error
f72896721621 PCI: iproc: Fix -Wvoid-pointer-to-enum-cast warning
70fa02ca1446 PCI: dwc: Add dw_pcie_ep_{read,write}_dbi[2] helpers
641f79beeebc PCI: dwc: Rename .func_conf_select to .get_dbi_offset in struct dw_pcie_ep_ops
756dcb5a820a PCI: dwc: Rename .ep_init to .init in struct dw_pcie_ep_ops
aea370b2aec9 PCI: dwc: Drop host prefix from struct dw_pcie_host_ops members
177c9ac6ab3f PCI: j721e: Make TI J721E depend on ARCH_K3
e49ad667815d PCI: j721e: Add TI J784S4 PCIe configuration
e63c1822ac32 Merge git://git.kernel.org/pub/scm/linux/kernel/git/netdev/net
9bf2e9165f90 net: qrtr: ns: Return 0 if server port is not present
56794e535854 Merge git://git.kernel.org/pub/scm/linux/kernel/git/netdev/net
e7ab40b73309 wifi: ath12k: Make QMI message rules const
354b2bd38aea PCI: xilinx-nwl: Use INTX instead of legacy
95da5fedd325 PCI: rockchip-host: Rename rockchip_pcie_legacy_int_handler()
5815c2d17a74 PCI: rockchip-ep: Use INTX instead of legacy
c0dcdeea0850 PCI: uniphier: Use INTX instead of legacy
3ba180c45b30 PCI: tegra194: Use INTX instead of legacy
1b79b2aa9f6c PCI: dw-rockchip: Rename rockchip_pcie_legacy_int_handler()
81957ace190f PCI: keystone: Use INTX instead of legacy
e9af4800d448 PCI: dwc: Rename dw_pcie_ep_raise_legacy_irq()
570e8579761a PCI: cadence: Use INTX instead of legacy
c5d973a07bb1 PCI: dra7xx: Rename dra7xx_pcie_raise_legacy_irq()
52f8c45fa36d wifi: ath12k: support default regdb while searching board-2.bin for WCN7850
511207452221 wifi: ath12k: add support to search regdb data in board-2.bin for WCN7850
97474e5f5424 wifi: ath12k: remove unused ATH12K_BD_IE_BOARD_EXT
7173972a2eb1 wifi: ath12k: add fallback board name without variant while searching board-2.bin
f4c2a9d62213 wifi: ath12k: add string type to search board data in board-2.bin for WCN7850
74955cb8ccc3 PCI: endpoint: Drop PCI_EPC_IRQ_XXX definitions
b642e081f46c PCI: xilinx-xdma: Remove redundant dev_err()
2217fffcd63f PCI: dwc: endpoint: Fix dw_pcie_ep_raise_msix_irq() alignment support
c5a3f56fcdb0 Merge tag 'ath-next-20231215' of git://git.kernel.org/pub/scm/linux/kernel/git/kvalo/ath
9f5077ef8f81 PCI: kirin: Use devm_kasprintf() to dynamically allocate clock names
01bd694ac2f6 bus: mhi: host: Drop chan lock before queuing buffers
b89b6a863dd5 bus: mhi: host: Add spinlock to protect WP access when queueing TREs
a5eee68931fc PCI: kirin: Convert to platform remove callback returning void
93d61d3aa996 PCI: keystone: Convert to platform remove callback returning void
4fbd8b788258 PCI: exynos: Convert to platform remove callback returning void
edd6ae1022a6 PCI: dwc: Convert SOC_SIFIVE to ARCH_SIFIVE
e75fda64f0fe Revert "wifi: ath12k: use ATH12K_PCI_IRQ_DP_OFFSET for DP IRQ"
309ab14f70d1 bus: mhi: ep: Add checks for read/write callbacks while registering controllers
2547beb00ddb bus: mhi: ep: Add support for async DMA read operation
ee08acb58fe4 bus: mhi: ep: Add support for async DMA write operation
6797e4da2dd1 PCI: rcar-host: Add support for optional regulators
ec2152374804 PCI: rcar-gen4: Replace of_device.h with explicit of.h include
927105244f8b bus: mhi: ep: Rename read_from_host() and write_to_host() APIs
b08ded2ef2e9 bus: mhi: ep: Pass mhi_ep_buf_info struct to read/write APIs
cea4bcbf997a bus: mhi: ep: Add support for interrupt moderation timer
62210a26cd4f bus: mhi: ep: Use slab allocator where applicable
eff9704f5332 bus: mhi: host: Add alignment check for event ring read pointer
5571519009d0 bus: mhi: host: pci_generic: Add SDX75 based modem support
6ab3d50b106c bus: mhi: host: Add a separate timeout parameter for waiting ready
987fdb5a43a6 bus: mhi: ep: Do not allocate event ring element on stack
991801bc4722 PCI: vmd: Remove usage of the deprecated ida_simple_xx() API
4490f559f755 PCI: j721e: Add PCIe 4x lane selection support
3ac7f14084f5 PCI: j721e: Add per platform maximum lane settings
7133b072dfbf wifi: ath12k: fix the issue that the multicast/broadcast indicator is not read correctly for WCN7850
27b3bcbf8a79 PCI: layerscape: Add suspend/resume for ls1043a
762ef94b45d9 PCI: layerscape(ep): Rename pf_* as pf_lut_*
6f8a41ba2623 PCI: layerscape: Add suspend/resume for ls1021a
123971a193d9 PCI: layerscape: Add function pointer for exit_from_l2()
780f52e3213e PCI: qcom: Clean up ASPM comment
f352ce999260 PCI: qcom: Fix potential deadlock when enabling ASPM
49de0dc87965 PCI: vmd: Fix potential deadlock when enabling ASPM
ef61a0405742 PCI: loongson: Limit MRRS to 256
c8a5f34ad811 wifi: ath12k: avoid repeated wiphy access from hw
ed7e818a7b50 wifi: ath12k: fix and enable AP mode for WCN7850
a3012f206d07 wifi: ath12k: set IRQ affinity to CPU0 in case of one MSI vector
08d52ba29678 wifi: ath12k: do not restore ASPM in case of single MSI vector
8398654398c2 wifi: ath12k: add support one MSI vector
6711b2a80b9a wifi: ath12k: refactor multiple MSI vector implementation
1f1f7d548a00 wifi: ath12k: use ATH12K_PCI_IRQ_DP_OFFSET for DP IRQ
604308a34487 wifi: ath12k: add CE and ext IRQ flag to indicate irq_handler
1b66601d1416 wifi: ath12k: get msi_data again after request_irq is called
940b57fd0e77 wifi: ath12k: avoid repeated hw access from ar
842addae0208 wifi: ath12k: Optimize the mac80211 hw data access
37a0dd6137ec wifi: ath12k: add 320 MHz bandwidth enums
05205b957661 wifi: ath12k: Update Qualcomm Innovation Center, Inc. copyrights
9f1eebf0454d wifi: ath12k: refactor DP Rxdma ring structure
4d922ce983cb wifi: ath12k: avoid explicit HW conversion argument in Rxdma replenish
d457f9fe863d wifi: ath12k: avoid explicit RBM id argument in Rxdma replenish
d281a574f133 wifi: ath12k: avoid explicit mac id argument in Rxdma replenish
898d8b3e1414 wifi: ath12k: fix the error handler of rfkill config
c7b4f54112e1 wifi: ath12k: use select for CRYPTO_MICHAEL_MIC
51516d9842a3 wifi: ath12k: Consolidate WMI peer flags
69bc79faa616 wifi: ath12k: Remove obsolete struct wmi_peer_flags_map *peer_flags
3b6ec0409fe8 wifi: ath12k: Remove struct ath12k::ops
07e8f88568f5 x86/apic: Drop apic::delivery_mode
d9dcdb4531fe PCI: host-generic: Convert to platform remove callback returning void
27beb3ca347f Merge tag 'pci-v6.7-changes' of git://git.kernel.org/pub/scm/linux/kernel/git/pci/pci
56d9854bd7c6 wifi: ath12k: drop NULL pointer check in ath12k_update_per_peer_tx_stats()
5897c174028a Merge branch 'pci/field-get'
65de3fd8f5c8 Merge branch 'pci/config-errs'
d100de085c1e Merge branch 'pci/controller/xilinx-xdma'
fb3d102fc20b Merge branch 'pci/controller/xilinx-ecam'
a4179c60a993 Merge branch 'pci/controller/vmd'
d97ab9e5330d Merge branch 'pci/controller/speed'
db20113d702e Merge branch 'pci/controller/rcar'
eecffeb04573 Merge branch 'pci/controller/qcom-ep'
e365a36eaca0 Merge branch 'pci/controller/layerscape'
7fa8fe0bd926 Merge branch 'pci/controller/hyperv'
c97e5905ab8e Merge branch 'pci/controller/cadence'
86b812dc491e Merge branch 'pci/controller/aspm'
a07d2497ed65 PCI: qcom-ep: Add dedicated callback for writing to DBI2 registers
8d786149d78c PCI: xilinx-xdma: Add Xilinx XDMA Root Port driver
a977ee945e94 PCI: xilinx-cpm: Move IRQ definitions to a common header
2fccd11518f1 PCI: xilinx-nwl: Modify ECAM size to enable support for 256 buses
177692115f6f PCI: xilinx-nwl: Rename the NWL_ECAM_VALUE_DEFAULT macro
a2492ff1fcb9 PCI: xilinx-nwl: Remove redundant code that sets Type 1 header fields
b6144dcdd445 Merge ath-next from git://git.kernel.org/pub/scm/linux/kernel/git/kvalo/ath.git
9ef118152ee0 wifi: ath12k: Introduce and use ath12k_sta_to_arsta()
6afc57ea315e wifi: ath12k: fix htt mlo-offset event locking
69bd216e0493 wifi: ath12k: fix dfs-radar and temperature event locking
cda8607e824b wifi: ath12k: rename the sc naming convention to ab
25ebf4c3c141 wifi: ath12k: rename the wmi_sc naming convention to wmi_ab
92af77ca26f7 PCI: dwc: Use FIELD_GET/PREP()
e311b3834dfa PCI: rcar-gen4: Add endpoint mode support
0d0c551011df PCI: rcar-gen4: Add R-Car Gen4 PCIe controller support for host mode
9baa8a18e31b PCI: dwc: endpoint: Introduce .pre_init() and .deinit()
303e845351f5 PCI: dwc: Expose dw_pcie_write_dbi2() to module
2703bc851399 wifi: mac80211: rename ieee80211_tx_status() to ieee80211_tx_status_skb()
2066b41a2ef8 PCI: dwc: Expose dw_pcie_ep_exit() to module
1896d17f9168 PCI: dwc: Add EDMA_UNROLL capability flag
7873b49b41b9 PCI: dwc: endpoint: Add multiple PFs support for dbi2
1a9745476cae PCI: tegra194: Drop PCI_EXP_LNKSTA_NLW setting
89db0793c9f2 PCI: dwc: Add missing PCI_EXP_LNKCAP_MLW handling
a9a1bcba9025 PCI: dwc: Add dw_pcie_link_set_max_link_width()
b09d0f98a434 PCI: cadence: Use FIELD_GET()
2180f7ac0abe wifi: ath12k: Remove ath12k_base::bd_api
3e9942fbdf4d wifi: ath12k: Enable Mesh support for QCN9274
6b819f89c482 wifi: ath12k: register EHT mesh capabilities
56a7bb12c78f Merge tag 'wireless-next-2023-10-16' of git://git.kernel.org/pub/scm/linux/kernel/git/wireless/wireless-next
f741bcadfe52 PCI: hv: Annotate struct hv_dr_state with __counted_by
9f4f3dfad8cf PCI: qcom: Enable ASPM for platforms supporting 1.9.0 ops
a78794562fcb PCI: dwc: Add host_post_init() callback
85e9eb3e7727 PCI: tegra194: Use Mbps_to_icc() macro for setting icc speed
dc2f2a9d1cf2 PCI: qcom-ep: Use PCIE_SPEED2MBS_ENC() macro for encoding link speed
8da2e9af0bb5 PCI: qcom: Use PCIE_SPEED2MBS_ENC() macro for encoding link speed
0e6bb5b7f4c8 Merge git://git.kernel.org/pub/scm/linux/kernel/git/netdev/net
c42c2b8224c4 wifi: ath12k: fix invalid m3 buffer address
92448f8718ba wifi: ath12k: add ath12k_qmi_free_resource() for recovery
ae3ed72020de wifi: ath12k: configure RDDM size to MHI for device recovery
29ea0d409103 wifi: ath12k: add parsing of phy bitmap for reg rules
910ed628e511 PCI: xgene: Do PCI error check on own line & keep return value
408599ec561a PCI: mvebu: Use FIELD_PREP() with Link Width
759574abd78e PCI: tegra194: Use FIELD_GET()/FIELD_PREP() with Link Width fields
7994db905c0f PCI: keystone: Don't discard .probe() callback
200bddbb3f52 PCI: keystone: Don't discard .remove() callback
3064ef2e88c1 PCI: kirin: Don't discard .remove() callback
83a939f0fdc2 PCI: exynos: Don't discard .remove() callback
81ef01bc5934 PCI: layerscape-ep: Set 64-bit DMA mask
13556aef0bdc wifi: ath12k: Consistently use ath12k_vif_to_arvif()
258242dac924 wifi: ath12k: remove redundant memset() in ath12k_hal_reo_qdesc_setup()
164f1842d993 Merge ath-next from git://git.kernel.org/pub/scm/linux/kernel/git/kvalo/ath.git
a1fb841f9d18 Merge tag 'wireless-next-2023-10-06' of git://git.kernel.org/pub/scm/linux/kernel/git/wireless/wireless-next
e111ac7025cb PCI: cadence: Drop unused member from struct cdns_plat_pcie
453a62a3ee65 wifi: ath12k: fix debug messages
83c088148c8e PCI: Use PCI_HEADER_TYPE_* instead of literals
5827e17d0555 PCI: vmd: Correct PCI Header Type Register's multi-function check
972754bfeec4 wifi: ath12k: add keep backward compatibility of PHY mode to avoid firmware crash
7d9832e3b538 wifi: ath12k: add read variant from SMBIOS for download board data
1e55298a6394 wifi: ath12k: do not drop data frames from unassociated stations
47c27aa7ded4 wifi: ath12k: mhi: fix potential memory leak in ath12k_mhi_register()
6a878a54d005 PCI: qcom: Fix IPQ8074 enumeration
9896f0608f9f Merge ath-next from git://git.kernel.org/pub/scm/linux/kernel/git/kvalo/ath.git
ed823fd113b7 wifi: ath12k: add msdu_end structure for WCN7850
c4cb46dfb291 wifi: ath12k: Set default beacon mode to burst mode
43a10990404f wifi: ath12k: call ath12k_mac_fils_discovery() without condition
a1e09eb35476 wifi: ath12k: enable IEEE80211_HW_SINGLE_SCAN_ON_ALL_BANDS for WCN7850
c86ba8ee7e32 wifi: ath12k: change to treat alpha code na as world wide regdomain
870c6a72739c wifi: ath12k: indicate scan complete for scan canceled when scan running
c2ebb1d11ab9 wifi: ath12k: indicate to mac80211 scan complete with aborted flag for ATH12K_SCAN_STARTING state
ecbb987b0a96 wifi: ath12k: fix recovery fail while firmware crash when doing channel switch
004ccbc0dd49 wifi: ath12k: add support for hardware rfkill for WCN7850
e5e8b38f0c05 wifi: ath12k: Remove unnecessary (void*) conversions
9ae8c496d211 wifi: ath12k: fix DMA unmap warning on NULL DMA address
b302dce3d9ed wifi: ath12k: fix possible out-of-bound write in ath12k_wmi_ext_hal_reg_caps()
1bc44a505a22 wifi: ath12k: fix possible out-of-bound read in ath12k_htt_pull_ppdu_stats()
41e7a399aea1 wifi: ath12k: change to initialize recovery variables earlier in ath12k_core_reset()
d4e244c85e45 wifi: ath12k: enable 320 MHz bandwidth for 6 GHz band in EHT PHY capability for WCN7850
3f53624f74f4 wifi: ath12k: fix radar detection in 160 MHz
8b8b990fe495 wifi: ath12k: fix WARN_ON during ath12k_mac_update_vif_chan
4c64d708f993 PCI: vmd: Fix inconsistent indentation in vmd_resume()
e8c1841278a7 wifi: cfg80211: annotate iftype_data pointer with sparse
d48f55e773dc wifi: ath12k: fix undefined behavior with __fls in dp
bbc86757ca62 wifi: ath12k: Ignore fragments from uninitialized peer in  dp
1c9f8dff62d8 Merge tag 'char-misc-6.6-rc1' of git://git.kernel.org/pub/scm/linux/kernel/git/gregkh/char-misc
b6f6167ea8a4 Merge tag 'pci-v6.6-changes' of git://git.kernel.org/pub/scm/linux/kernel/git/pci/pci
43cc31da9146 Merge branch 'pci/misc'
b7fa64ec6af1 Merge branch 'pci/controller/resources'
6cef12635821 Merge branch 'pci/controller/remove-void-cast'
663544b5697e Merge branch 'pci/controller/vmd'
5ffe43c027c2 Merge branch 'pci/controller/tegra194'
a7dfca1a6839 Merge branch 'pci/controller/rockchip'
2195c1636624 Merge branch 'pci/controller/qcom-ep'
e8ce465fd45c Merge branch 'pci/controller/qcom-edma'
fa8805ad67fa Merge branch 'pci/controller/qcom'
26d749261862 Merge branch 'pci/controller/microchip'
aa5a239c5fcd Merge branch 'pci/controller/layerscape'
d4218e2a0733 Merge branch 'pci/controller/iproc'
59a2b16dd5c3 Merge branch 'pci/controller/hv'
9190819c89b9 Merge branch 'pci/controller/fu740'
f38176d62bce Merge branch 'pci/controller/dwc'
4b3f481c7af8 Merge branch 'pci/controller/brcmstb'
98072e31aeee Merge branch 'pci/controller/apple'
01794236666a PCI: qcom-ep: Add ICC bandwidth voting support
823de40c94d6 PCI: qcom-ep: Treat unknown IRQ events as an error
ff8d92038cf9 PCI: qcom-ep: Add eDMA support
d60379d65d2b PCI: qcom: Add support for sa8775p SoC
8cd2b8ce48e5 PCI: qcom-ep: Pass alignment restriction to the EPF core
86b4ad7d67b2 PCI: Fix typos in docs and comments
e8c81fc72232 PCI: mvebu: Remove unused busn member
4dddbad8907b Merge ath-next from git://git.kernel.org/pub/scm/linux/kernel/git/kvalo/ath.git
5d7cf67f72ae Fix nomenclature for USB and PCI wireless devices
0e5b1b46925b wifi: ath12k: Remove unused declarations
2f5124e86ae7 wifi: ath12k: add check max message length while scanning with extraie
6dac1507a654 PCI: brcmstb: Remove stale comment
8eb8c2735306 PCI: brcmstb: Assert PERST# on BCM2711
9fda4d09905d PCI: layerscape: Add power management support for ls1028a
4774faf854f5 PCI: dwc: Implement generic suspend/resume functionality
17cf8661ee0f PCI: layerscape: Add workaround for lost link capabilities during reset
d28c0d84ca40 PCI: layerscape: Add support for link-down notification
afb522b36e76 wifi: ath12k: Fix memory leak in rx_desc and tx_desc
3b86f86d0f16 wifi: ath: remove unused-but-set parameter
4f1dbb4904c3 wifi: ath12k: Fix a few spelling errors
551a60e1225e PCI: fu740: Set the number of MSI vectors
04bbe863241a PCI: hv: Fix a crash in hv_pci_restore_msi_msg() during hibernation
f73eedc90bf7 PCI: vmd: Disable bridge window for domain reset
f5a7ac118faf wifi: ath12k: Use RMW accessors for changing LNKCTL
7ff57803d24e Merge git://git.kernel.org/pub/scm/linux/kernel/git/netdev/net
e75850b4573a Merge 6.5-rc6 into char-misc-next
9106536c1aa3 Merge tag 'pci-v6.5-fixes-1' of git://git.kernel.org/pub/scm/linux/kernel/git/pci/pci
0724869ede9c bus: mhi: host: pci_generic: add support for Telit FE990 modem
b0f9f3607959 bus: mhi: host: remove unused-but-set parameter
4d016ae42efb Merge git://git.kernel.org/pub/scm/linux/kernel/git/netdev/net
06f2ab86a5b6 wifi: ath12k: Fix buffer overflow when scanning with extraie
fc8b24c28bec PCI: dwc: Provide deinit callback for i.MX
bac406c34fbc PCI: microchip: Re-partition code between probe() and init()
1abb722888fd PCI: microchip: Gather MSI information from hardware config registers
4f0b91247f78 PCI: microchip: Clean up initialisation of interrupts
d1d6a0c9e79c PCI: microchip: Enable event handlers to access bridge and control pointers
4d6bf4c49578 PCI: microchip: Align register, offset, and mask names with HW docs
2e245bc8a2ab PCI: microchip: Enable building driver as a module
6d473a5a2613 PCI: microchip: Correct the DED and SEC interrupt bit offsets
7b672d703e76 bus: mhi: host: pci_generic: Add support for Quectel RM520N-GL Lenovo variant
d332642a9821 PCI: apple: Use pci_dev_id() to simplify the code
3bfc37d92687 Revert "PCI: mvebu: Mark driver as BROKEN"
efe47a18e43f bus: mhi: host: allow MHI client drivers to provide the firmware via a pointer
ebfde1584d9f Revert "PCI: tegra194: Enable support for 256 Byte payload"
8198950ccb7d wifi: ath12k: avoid deadlock by change ieee80211_queue_work for regd_update_work
9632ea57be65 wifi: ath12k: add handler for scan event WMI_SCAN_EVENT_DEQUEUED
89a9dda1430a wifi: ath12k: relax list iteration in ath12k_mac_vif_unref()
07c01b86f21d wifi: ath12k: configure puncturing bitmap
9211df5c025a wifi: ath12k: parse WMI service ready ext2 event
22e1d1166c27 wifi: ath12k: add MLO header in peer association
6734cf9b4cc7 wifi: ath12k: peer assoc for 320 MHz
5b70ec6036c1 wifi: ath12k: add WMI support for EHT peer
17bbb8aa74fd wifi: ath12k: prepare EHT peer assoc parameters
38013653a697 wifi: ath12k: add EHT PHY modes
dbe90679bfa1 wifi: ath12k: propagate EHT capabilities to userspace
1476014fadb6 wifi: ath12k: WMI support to process EHT capabilities
a7a6a45d37fe wifi: ath12k: move HE capabilities processing to a new function
e22f5b780c69 wifi: ath12k: rename HE capabilities setup/copy functions
3742928a52d6 wifi: ath12k: change to use dynamic memory for channel list of scan
68c35cc39b41 wifi: ath12k: trigger station disconnect on hardware restart
7ee027abd453 wifi: ath12k: Use pdev_id rather than mac_id to get pdev
1e9b1363e2de wifi: ath12k: avoid array overflow of hw mode for preferred_hw_mode
603cf6c2fcdc wifi: ath12k: fix memcpy array overflow in ath12k_peer_assoc_h_he()
15c8441dc1ed wifi: ath12k: correct the data_type from QMI_OPT_FLAG to QMI_UNSIGNED_1_BYTE for mlo_capable
8ad314da54c6 wifi: ath12k: Fix a NULL pointer dereference in ath12k_mac_op_hw_scan()
c5097b9869a1 Revert "PCI: dwc: Wait for link up only if link is started"
c925cfaf0992 PCI: Explicitly include correct DT includes
69940b888e35 net: qrtr: Handle IPCR control port format of older targets
f26b32ef2fe6 net: qrtr: ns: Change nodes radix tree to xarray
608a147a8872 net: qrtr: ns: Change servers radix tree to xarray
cdb50033dd6d PCI: rockchip: Use 64-bit mask on MSI 64-bit PCI address
ed3cac7c5ac6 PCI: microchip: Remove cast between incompatible function type
7a6531696668 PCI: keembay: Remove cast between incompatible function type
1a8bf351ccde PCI: meson: Remove cast between incompatible function type
188f46cac267 PCI: imx6: Use devm_platform_get_and_ioremap_resource()
b1042a7caa02 PCI: xgene-msi: Use devm_platform_get_and_ioremap_resource()
88f29abd249a PCI: v3: Use devm_platform_get_and_ioremap_resource()
da1e3277a8fe PCI: rcar-gen2: Use devm_platform_get_and_ioremap_resource()
b9cbc06049cb PCI: qcom-ep: Switch MHI bus master clock off during L1SS
8f1c517ccd37 PCI: iproc: Use of_property_read_bool() for boolean properties
d8650c0c2aa2 PCI: apple: Initialize pcie->nvecs before use
d0184830e611 bus: mhi: host: use vmalloc_array and vcalloc
104a8c5dd943 bus: mhi: host: pci_generic: Add support for Dell DW5932e
1cad976a1be9 bus: mhi: host: pci_generic: Add support for Quectel RM520N-GL modem
110f113a4898 bus: mhi: host: pci_generic: Add support for Quectel EM160R-GL modem
15f670575687 bus: mhi: host: pci_generic: Add support for IP_SW0 channels
cabce92dd805 bus: mhi: host: Skip MHI reset if device is in RDDM
0b907305022b Merge tag 'dmaengine-6.5-rc1' of git://git.kernel.org/pub/scm/linux/kernel/git/vkoul/dmaengine
9070577ae9d6 Merge tag 'pci-v6.5-changes' of git://git.kernel.org/pub/scm/linux/kernel/git/pci/pci
e4c8d0186511 Merge tag 'soc-drivers-6.5' of git://git.kernel.org/pub/scm/linux/kernel/git/soc/soc
3a8a670eeeaa Merge tag 'net-next-6.5' of git://git.kernel.org/pub/scm/linux/kernel/git/netdev/net-next
72dc6db7e3b6 Merge tag 'wq-for-6.5-cleanup-ordered' of git://git.kernel.org/pub/scm/linux/kernel/git/tj/wq
6ecac465eee8 Merge branch 'pci/controller/remove-void-callbacks'
d8c226ac1f74 Merge branch 'pci/controller/endpoint'
b5abb12cdd29 Merge branch 'pci/controller/vmd'
9f5eb1bf5512 Merge branch 'pci/controller/rockchip'
9cd5f2cec7e5 Merge branch 'pci/controller/rcar'
5c13b3c19a72 Merge branch 'pci/controller/qcom'
69fa3ef3d269 Merge branch 'pci/pci/ftpci100'
99f7b809067b Merge branch 'pci/controller/dwc'
dc97391e6610 sock: Remove ->sendpage*() in favour of sendmsg(MSG_SPLICE_PAGES)
0c0206dc4f5b PCI: vmd: Fix uninitialized variable usage in vmd_enable_domain()
afbb9130d2bf PCI: xgene-msi: Convert to platform remove callback returning void
c7fd95cda648 PCI: tegra: Convert to platform remove callback returning void
2998efcd8e73 PCI: rockchip-host: Convert to platform remove callback returning void
4c3bc1b41b8f PCI: mvebu: Convert to platform remove callback returning void
8c47ac2a66c4 PCI: mt7621: Convert to platform remove callback returning void
22626c46bb32 PCI: mediatek-gen3: Convert to platform remove callback returning void
5e0005409427 PCI: mediatek: Convert to platform remove callback returning void
6f1c0a046048 PCI: iproc: Convert to platform remove callback returning void
9a285fbbb591 PCI: hisi-error: Convert to platform remove callback returning void
221879c98698 PCI: dwc: Convert to platform remove callback returning void
c86f4bd6008e PCI: j721e: Convert to platform remove callback returning void
b169c576ad0c PCI: brcmstb: Convert to platform remove callback returning void
60d03f70455c PCI: altera-msi: Convert to platform remove callback returning void
3a610560aa4f PCI: altera: Convert to platform remove callback returning void
b11c76db97e7 PCI: aardvark: Convert to platform remove callback returning void
e28e75e9f589 PCI: rcar: Use correct product family name for Renesas R-Car
061cbfab09fb PCI: layerscape: Add the endpoint linkup notifier support
8f05cd35c73b PCI: qcom-ep: Add support for BME notification
c47c74b7217a PCI: qcom-ep: Add support for Link down notification
e6988447c15d Merge tag 'wireless-next-2023-06-22' of git://git.kernel.org/pub/scm/linux/kernel/git/wireless/wireless-next
a7384f391875 Merge git://git.kernel.org/pub/scm/linux/kernel/git/netdev/net
7e6689b34a81 PCI: rockchip: Set address alignment for endpoint mode
a52587e0bee1 PCI: rockchip: Don't advertise MSI-X in PCIe capabilities
8962b2cb3911 PCI: rockchip: Use u32 variable to access 32-bit registers
dc73ed0f1b8b PCI: rockchip: Fix window mapping and address translation for endpoint
166e89d99dd8 PCI: rockchip: Fix legacy IRQ generation for RK3399 PCIe endpoint core
9dd3c7c4c8c3 PCI: rockchip: Add poll and timeout to wait for PHY PLLs to be locked
f397fd4ac1fa PCI: rockchip: Assert PCI Configuration Enable bit after probe
1f1c42ece18d PCI: rockchip: Write PCI Device ID to correct register
92a9c57c325d PCI: rockchip: Remove writes to unused registers
1fdecc5bc8e8 PCI: qcom: Do not advertise hotplug capability for IP v2.1.0
fa2dc2528684 PCI: qcom: Do not advertise hotplug capability for IP v1.0.0
e35d13a5ff37 PCI: qcom: Use post init sequence of IP v2.3.2 for v2.4.0
25966e78d303 PCI: qcom: Do not advertise hotplug capability for IP v2.3.2
11bce06b21a0 PCI: qcom: Do not advertise hotplug capability for IPs v2.3.3 and v2.9.0
a54db86ddc15 PCI: qcom: Do not advertise hotplug capability for IPs v2.7.0 and v1.9.0
200b8f85f202 PCI: qcom: Disable write access to read only registers for IP v2.9.0
60f0072d7fb7 PCI: qcom: Use DWC helpers for modifying the read-only DBI registers
a33d700e8eea PCI: qcom: Disable write access to read only registers for IP v2.3.3
3bbc3c72c4b8 PCI: imx6: Save and restore root port MSI control in suspend and resume
067d6ec7ed5b PCI: hv: Add a per-bus mutex state_lock
a847234e24d0 Revert "PCI: hv: Fix a timing issue which causes kdump to fail occasionally"
add9195e69c9 PCI: hv: Remove the useless hv_pcichild_state from struct hv_pci_dev
2738d5ab7929 PCI: hv: Fix a race condition in hv_irq_unmask() that can cause panic
440b5e366327 PCI: hv: Fix a race condition bug in hv_pci_query_relations()
3a5d50f8eb4f wifi: ath12k: fix conf_mutex in ath12k_mac_op_unassign_vif_chanctx()
e2d1f005d3fb wifi: ath12k: delete the timer rx_replenish_retry during rmmod
8f04852e90cb wifi: ath12k: Use msdu_end to check MCBC
3394b51c7d3f wifi: ath12k: check hardware major version for WCN7850
054b5580a36e wifi: ath12k: Avoid NULL pointer access during management transmit cleanup
56ad9b211069 PCI: rcar-host: Remove unused static pcie_base and pcie_dev
c60738de85f4 PCI: ftpci100: Release the clock resources
342527f35338 wifi: ath12k: Add support to parse new WMI event for 6 GHz regulatory
da56a1bfbab5 PCI: dwc: Wait for link up only if link is started
022acfa63260 net: qrtr: Use alloc_ordered_workqueue() to create ordered workqueues
487517557f97 dmaengine: dw-edma: Rename dw_edma_core_ops structure to dw_edma_plat_ops
1e80449e8d4b wifi: ath10/11/12k: Use alloc_ordered_workqueue() to create ordered workqueues
156d30084295 Merge ath-next from git://git.kernel.org/pub/scm/linux/kernel/git/kvalo/ath.git
1fd2c3f93c3e wifi: ath12k: increase vdev setup timeout
9365bf006f53 PCI: tegra194: Add interconnect support in Tegra234
205b3d02d57c PCI: tegra194: Fix possible array out of bounds access
695df2f417d2 wifi: ath: work around false-positive stringop-overread warning
b61cf04c49c3 PCI: vmd: Reset VMD config register between soft reboots
0e12f8302369 PCI: cadence: Fix Gen2 Link Retraining process
e995f3f602a3 wifi: ath12k: fix potential wmi_mgmt_tx_queue race condition
5189a8dba849 wifi: ath12k: add wait operation for tx management packets for flush from mac80211
33f83a23f4cc wifi: ath12k: Remove some dead code
da46b58ff884 Merge tag 'hyperv-next-signed-20230424' of git://git.kernel.org/pub/scm/linux/kernel/git/hyperv/linux
cec24b8b6bb8 Merge tag 'char-misc-6.4-rc1' of git://git.kernel.org/pub/scm/linux/kernel/git/gregkh/char-misc
34b62f186db9 Merge tag 'pci-v6.4-changes' of git://git.kernel.org/pub/scm/linux/kernel/git/pci/pci
e671fb86ecc0 wifi: ath12k: send WMI_PEER_REORDER_QUEUE_SETUP_CMDID when ADDBA session starts
34c5625a459a wifi: ath12k: set PERST pin no pull request for WCN7850
9981a3ac5887 wifi: ath12k: add qmi_cnss_feature_bitmap field to hardware parameters
a494aef23dfc PCI: hv: Replace retarget_msi_interrupt_params with hyperv_pcpu_input_arg
ca2889658015 Merge tag 'wireless-next-2023-04-21' of git://git.kernel.org/pub/scm/linux/kernel/git/wireless/wireless-next
ab072a3bfa0e PCI: xilinx: Drop obsolete dependency on COMPILE_TEST
9f3c35bfc54b PCI: mobiveil: Sort Kconfig entries by vendor
c39819c044be PCI: dwc: Sort Kconfig entries by vendor
81c362e798d4 PCI: Sort controller Kconfig entries by vendor
80c170d7b13d PCI: Use consistent controller Kconfig menu entry language
bf909c57567e PCI: xilinx-nwl: Add 'Xilinx' to Kconfig prompt
7f5441c1789c PCI: hv: Add 'Microsoft' to Kconfig prompt
6ba4ce6b2ef6 PCI: meson: Add 'Amlogic' to Kconfig prompt
30dc83a92275 Merge branch 'pci/controller/rcar'
5c5dd8839fc0 Merge branch 'pci/controller/qcom'
b4c85e7bf423 Merge branch 'pci/controller/mt7621'
d7493f273b4a Merge branch 'pci/controller/layerscape'
2ad2e01914fd Merge branch 'pci/controller/kirin'
73af737eea9e Merge branch 'pci/controller/ixp4xx'
0c78d418e95f Merge branch 'pci/controller/dwc'
2a1dd5c88ce3 Merge tag 'mhi-for-v6.4' of git://git.kernel.org/pub/scm/linux/kernel/git/mani/mhi into char-misc-next
9195ee1a1f76 PCI: Use of_property_present() for testing DT property presence
2c6ba4216844 PCI: hv: Enable PCI pass-thru devices in Confidential VMs
800e68c44ffe Merge git://git.kernel.org/pub/scm/linux/kernel/git/netdev/net
6417070918de net: qrtr: Fix an uninit variable access bug in qrtr_tx_resume()
6276a403c0ff PCI: qcom: Add SM8550 PCIe support
b9235aef8492 wifi: ath12k: Remove redundant pci_clear_master
7394d0a85d6f PCI: qcom: Add support for SDX55 SoC
c0e1eb441b1d PCI: qcom: Enable async probe by default
ad9b9b6e36c9 PCI: qcom: Add support for system suspend and resume
05f464640962 PCI: qcom: Expose link transition counts via debugfs
1f70939871b2 PCI: qcom: Rename qcom_pcie_config_sid_sm8250() to reflect IP version
656a08820e7b PCI: qcom: Use macros for defining total no. of clocks & supplies
fb0eacb2972e PCI: qcom: Use bulk reset APIs for handling resets for IP rev 2.4.0
157fecca3558 PCI: qcom: Use bulk reset APIs for handling resets for IP rev 2.3.3
b699ed9b03de PCI: qcom: Use bulk clock APIs for handling clocks for IP rev 2.3.3
5329bcc4a1e7 PCI: qcom: Use bulk clock APIs for handling clocks for IP rev 2.3.2
5d4ffe5ec5e9 PCI: qcom: Use bulk clock APIs for handling clocks for IP rev 1.0.0
383215dd2fd7 PCI: qcom: Use bulk reset APIs for handling resets for IP rev 2.1.0
94ebd232dbc8 PCI: qcom: Use lower case for hex
17804668ca54 PCI: qcom: Add missing macros for register fields
57eddec8dc30 PCI: qcom: Use bitfield definitions for register fields
769e49d87b15 PCI: qcom: Sort and group registers and bitfield definitions
39171b33f652 PCI: qcom: Remove PCIE20_ prefix from register definitions
2542e16c3925 PCI: qcom: Fix the incorrect register usage in v2.7.0 config
1d1493bdc25f bus: mhi: host: Use mhi_tryset_pm_state() for setting fw error state
d469d9448a0f bus: mhi: host: Remove duplicate ee check for syserr
4308c6878acf bus: mhi: host: Avoid ringing EV DB if there are no elements to process
d9c960675adc Merge git://git.kernel.org/pub/scm/linux/kernel/git/netdev/net
f2afccfefe7b Merge tag 'net-6.3-rc6-2' of git://git.kernel.org/pub/scm/linux/kernel/git/netdev/net
839349d13905 net: qrtr: Do not do DEL_SERVER broadcast after DEL_CLIENT
c2dbd34f6a95 bus: mhi: pci_generic: Add Foxconn T99W510
446271e5d7bc bus: mhi: host: Use ERANGE for BHIOFF/BHIEOFF range check
6a0c637bfee6 bus: mhi: host: Range check CHDBOFF and ERDBOFF
44d807320000 net: qrtr: Fix a refcount bug in qrtr_recvmsg()
6c6fa1f3f771 PCI: ixp4xx: Use PCI_CONF1_ADDRESS() macro
50233e105a03 PCI: mt7621: Use dev_info() to log PCIe card detection
5f5ac460dfe7 PCI: imx6: Install the fault handler only on compatible match
25d165c49802 wifi: ath12k: incorrect channel survey dump
392b6b76fd39 wifi: ath12k: fix incorrect handling of AMSDU frames
e93bbd65547e wifi: ath12k: fix packets are sent in native wifi mode while we set raw mode
4b50d4205207 wifi: ath12k: fill peer meta data during reo_reinject
72d17c3e86d0 wifi: ath12k: Enable IMPS for WCN7850
4c26033d75e4 wifi: ath12k: Identify DFS channel when sending scan channel list command
cbc0008c9b39 wifi: ath12k: fix firmware assert during channel switch for peer sta
960412bee0ea wifi: ath12k: fix memory leak in ath12k_qmi_driver_event_work()
cdce67099117 PCI: dwc: Fix PORT_LINK_CONTROL update when CDM check enabled
be567c6cbc08 PCI: layerscape: Add EP mode support for ls1028a
488d9a484f96 wifi: ath12k: Add missing unwind goto in ath12k_pci_probe()
4c4ca9f7c4ca Merge ath-next from git://git.kernel.org/pub/scm/linux/kernel/git/kvalo/ath.git
727de4c08768 PCI: rcar: Avoid defines prefixed with CONFIG
14853a0676c1 bus: mhi: host: pci_generic: Revert "Add a secondary AT port to Telit FN990"
3a2776e8a0e1 PCI: kirin: Select REGMAP_MMIO
45581e663703 bus: mhi: host: pci_generic: Drop redundant pci_enable_pcie_error_reporting()
94e19f4fbb1e bus: mhi: ep: Demote unsupported channel error log to debug
5da094ac80cd bus: mhi: host: Remove mhi_poll() API
8ff99ad04c2e Merge tag 'phy-for-6.3' of git://git.kernel.org/pub/scm/linux/kernel/git/phy/linux-phy
90ddb3f03418 Merge tag 'pci-v6.3-changes' of git://git.kernel.org/pub/scm/linux/kernel/git/pci/pci
a93e884edf61 Merge tag 'driver-core-6.3-rc1' of git://git.kernel.org/pub/scm/linux/kernel/git/gregkh/driver-core
693fed981eb9 Merge tag 'char-misc-6.3-rc1' of git://git.kernel.org/pub/scm/linux/kernel/git/gregkh/char-misc
28013c356296 wifi: ath12k: remove memset with byte count of 278528
3eb5d0f26f4e Merge branch 'pci/misc'
90fb1a36528b Merge branch 'pci/controller/vmd'
b237474a90c1 Merge branch 'pci/controller/qcom'
7cfd342bd191 Merge branch 'pci/controller/mvebu'
181a60a0ee88 Merge branch 'pci/controller/mt7621'
a9cd360245af Merge branch 'pci/controller/imx6'
5256d493809d Merge branch 'pci/controller/dwc'
33abd97c34ff Merge branch 'pci/endpoint'
881766fe0d4a Merge branch 'pci/kbuild'
939fbcd568fd PCI: dwc: Add Root Port and Endpoint controller eDMA engine support
68373f2c0fd8 PCI: bt1: Set 64-bit DMA mask
6c784e21b3da PCI: dwc: Restrict only coherent DMA mask for MSI address allocation
80e396586d0a wifi: ath12k: PCI ops for wakeup/release MHI
95a389e2ff32 wifi: ath12k: Handle lock during peer_id find
5b7c4cabbb65 Merge tag 'net-next-6.3' of git://git.kernel.org/pub/scm/linux/kernel/git/netdev/net-next
b8878e5a5c62 Merge tag 'hyperv-next-signed-20230220' of git://git.kernel.org/pub/scm/linux/kernel/git/hyperv/linux
8cc01d43f882 Merge tag 'rcu.2023.02.10a' of git://git.kernel.org/pub/scm/linux/kernel/git/paulmck/linux-rcu
8c464d16809f wifi: ath12k: use kfree_skb() instead of kfree()
df8e8db22c25 wifi: ath12k: dp_mon: clean up some inconsistent indentings
731e1b36656a wifi: ath12k: dp_mon: Fix unsigned comparison with less than zero
480c9df57787 wifi: ath12k: Fix spelling mistakes in warning messages and comments
f98954b293d0 PCI: Remove MODULE_LICENSE so boolean drivers don't look like modules
9574d57f2d43 PCI: hv: Drop duplicate PCI_MSI dependency
f356132229b1 PCI: qcom: Add IPQ8074 Gen3 port support
997e010de913 PCI: qcom: Fix host-init error handling
720e0d91c977 PCI: qcom: Add SM8350 support
c2cc5cdda46c PCI: tegra194: Move dw_pcie_ep_linkup() to threaded IRQ handler
da87d35a6e51 PCI: dra7xx: Use threaded IRQ handler for "dra7xx-pcie-main" IRQ
c768f8c5f40f PCI: loongson: Add more devices that need MRRS quirk
3eea2c615e25 Merge ath-next from git://git.kernel.org/pub/scm/linux/kernel/git/kvalo/ath.git
b3574f579ece PCI: mvebu: Mark driver as BROKEN
d38e781ea035 Merge 6.2-rc7 into char-misc-next
0cb2a8f3456f PCI: mt7621: Delay phy ports initialization
cbce3de28c37 Merge tag 'mhi-for-v6.3' of git://git.kernel.org/pub/scm/linux/kernel/git/mani/mhi into char-misc-next
a80becc56d27 PCI: tegra: Convert to devm_of_phy_optional_get()
a8f0ff9185ae drivers/pci/controller: Remove "select SRCU"
82b4a9412b4d Merge git://git.kernel.org/pub/scm/linux/kernel/git/netdev/net
3c54a3ff0a2c bus: mhi: ep: Fix off by one in mhi_ep_process_cmd_ring()
f492edb40b54 PCI: vmd: Add quirk to configure PCIe ASPM and LTR
14d2079af648 PCI: vmd: Create feature grouping for client products
cca0dfecdba3 PCI: vmd: Use PCI_VDEVICE in device list
8b3517f88ff2 PCI: loongson: Prevent LS7A MRRS increases
29de68c2b32c net: qrtr: free memory on error path in radix_tree_insert()
2a81ada32f0e driver core: make struct bus_type.uevent() take a const *
1ddc76182940 bus: mhi: ep: Change state_lock to mutex
8a1c24bb908f bus: mhi: ep: Save channel state locally during suspend and resume
8d6a1fea5386 bus: mhi: ep: Move chan->lock to the start of processing queued ch ring
8e697fcfdb98 bus: mhi: ep: Fix the debug message for MHI_PKT_TYPE_RESET_CHAN_CMD cmd
e6cebcc27519 bus: mhi: ep: Only send -ENOTCONN status if client driver is available
6de4941c0215 bus: mhi: ep: Check if the channel is supported by the controller
47a1dcaea073 bus: mhi: ep: Power up/down MHI stack during MHI RESET
a33ca17426c0 bus: mhi: host: Update mhi driver description
1501da7696b2 bus: mhi: Update Makefile to used Kconfig flags
40e0b0908142 net/sock: Introduce trace_sk_data_ready()
801fc159e30d wifi: ath12k: Add support to read EEPROM caldata
42982259e9b7 wifi: ath12k: Add new qmi_bdf_type to handle caldata
27d7e348efb3 wifi: ath12k: Fix incorrect qmi_file_type enum values
2ee25c257d17 wifi: ath12k: dp_mon: Fix uninitialized warning related to the pktlog
80166c42434c wifi: ath12k: dp_mon: Fix out of bounds clang warning
b57f03200853 wifi: ath12k: hal_rx: Use memset_startat() for clearing queue descriptors
d1335f0dc18f wifi: ath12k: Fix uninitilized variable clang warnings
cfec785c7662 wifi: ath12k: wmi: delete PSOC_HOST_MAX_NUM_SS
f8209eef730e wifi: ath12k: hal: convert offset macros to functions
1a8dc2eb5b4e wifi: ath12k: hal: add ab parameter to macros using it
96ec2939620c Drivers: hv: Make remove callback of hyperv driver void returned
c435669a41dd PCI: imx6: Add i.MX8MP PCIe EP support
fb3217e2cfc6 PCI: imx6: Add i.MX8MM PCIe EP support
530ba41250b6 PCI: imx6: Add i.MX8MQ PCIe EP support
75c2f26da03f PCI: imx6: Add i.MX PCIe EP mode support
760d560f71c8 PCI: dwc: Adjust to recent removal of PCI_MSI_IRQ_DOMAIN
e79041113b19 Merge tag 'phy-for-6.2' of git://git.kernel.org/pub/scm/linux/kernel/git/phy/linux-phy
ba54ff1fb662 Merge tag 'char-misc-6.2-rc1' of git://git.kernel.org/pub/scm/linux/kernel/git/gregkh/char-misc
c7020e1b346d Merge tag 'pci-v6.2-changes' of git://git.kernel.org/pub/scm/linux/kernel/git/helgaas/pci
268325bda529 Merge tag 'random-6.2-rc1-for-linus' of git://git.kernel.org/pub/scm/linux/kernel/git/crng/random
9d33edb20f7e Merge tag 'irq-core-2022-12-10' of git://git.kernel.org/pub/scm/linux/kernel/git/tip/tip
f826afe5eae8 Merge branch 'pci/kbuild'
e4d741e9e40b Merge branch 'pci/ctrl/xilinx'
4e5194733a81 Merge branch 'pci/ctrl/mvebu'
0454c6c0ed26 Merge branch 'pci/ctrl/aardvark'
ba7deaa2a8e4 Merge branch 'remotes/lorenzo/pci/vmd'
4e5db7983de0 Merge branch 'remotes/lorenzo/pci/tegra'
008ee711f99f Merge branch 'remotes/lorenzo/pci/qcom'
8ecdba32a500 Merge branch 'remotes/lorenzo/pci/mt7621'
29a3e5aedc39 Merge branch 'remotes/lorenzo/pci/dwc'
c1ddc3dad85d PCI: xilinx-nwl: Fix coding style violations
76007ccc5727 PCI: mvebu: Switch to using gpiod API
7ccb96677964 PCI: aardvark: Switch to using devm_gpiod_get_optional()
19098934f910 PCI: mt7621: Add sentinel to quirks table
0a584655ef89 PCI: vmd: Fix secondary bus reset for Intel bridges
d889913205cf wifi: ath12k: driver for Qualcomm Wi-Fi 7 devices
503112f4225f PCI: hv: update comment in x86 specific hv_arch_irq_unmask
08c9d2f56178 Merge tag 'mhi-for-v6.2' of git://git.kernel.org/pub/scm/linux/kernel/git/mani/mhi into char-misc-next
ba6ed462dcf4 PCI: dwc: Add Baikal-T1 PCIe controller support
ef69f852a978 PCI: dwc: Introduce generic platform clocks and resets
9f67ecdd9579 PCI: dwc: Combine iATU detection procedures
ef8c58877fe7 PCI: dwc: Introduce generic resources getter
7f9e982dc4fc PCI: dwc: Introduce generic controller capabilities interface
8522e17d4cab PCI: dwc: Introduce dma-ranges property support for RC-host
e8a533cbeb79 treewide: use get_random_u32_inclusive() when possible
8032bf1233a7 treewide: use get_random_u32_below() instead of deprecated function
8610e98f0b48 PCI: Drop of_match_ptr() to avoid unused variables
d474d92d7025 x86/apic: Remove X86_IRQ_ALLOC_CONTIGUOUS_VECTORS
a474d3fbe287 PCI/MSI: Get rid of PCI_MSI_IRQ_DOMAIN
5562c6a9657e bus: mhi: host: pci_generic: Add definition for some VIDs
1d26a55fbeb9 PCI: histb: Switch to using gpiod API
c234ba804292 PCI: hv: Only reuse existing IRTE allocation for Multi-MSI
ae6b9a65af48 PCI: imx6: Initialize PHY before deasserting core reset
c4860af88d0c PCI: qcom: Add basic interconnect support
d899aa668498 PCI: vmd: Disable MSI remapping after suspend
602fb860945f PCI: brcmstb: Set RCB_{MPS,64B}_MODE bits
137b57413f56 PCI: brcmstb: Drop needless 'inline' annotations
ca5dcc76314d PCI: brcmstb: Replace status loops with read_poll_timeout_atomic()
3ae140ad827b PCI: brcmstb: Wait for 100ms following PERST# deassert
198acab1772f PCI: brcmstb: Enable Multi-MSI
277004d7a4a3 PCI: Remove unnecessary <linux/of_irq.h> includes
753596dcdb75 PCI: xgene-msi: Include <linux/irqdomain.h> explicitly
763d25e7affe PCI: mvebu: Include <linux/irqdomain.h> explicitly
606a0430b37a PCI: microchip: Include <linux/irqdomain.h> explicitly
8c50cd059c5c PCI: altera-msi: Include <linux/irqdomain.h> explicitly
8405d8f0956d PCI: dwc: Use dev_info for PCIe link down event logging
fba31beab357 PCI: qcom: Fix error message for reset_control_assert()
d8425a8c3a84 bus: mhi: host: pci_generic: Add HP variant of T99W175
46af287cd5d7 bus: mhi: host: pci_generic: add support for sc8280xp-crd SDX55 variant
e70af8d040d2 PCI: hv: Fix the definition of vector in hv_compose_msi_msg()
2d5253a096c6 bus: mhi: host: pci_generic: Add a secondary AT port to Telit FN990
869a99907fae bus: mhi: host: Fix race between channel preparation and M0 event
46db0ba12be6 bus: mhi: host: Use mhi_soc_reset() API in place of register write
16e3f4077965 PCI: tegra: Switch to using devm_fwnode_gpiod_get
442ae919e6ca PCI: designware-ep: Disable PTM capabilities for EP mode
66110361281b PCI: dwc: Fix n_fts[] array overrun
897a66d28198 Revert "PCI: tegra: Use PCI_CONF1_EXT_ADDRESS() macro"
a84ed1919fb3 PCI: qcom-ep: Setup PHY to work in EP mode
f90747d1b641 PCI: qcom: Setup PHY to work in RC mode
041bc24d867a Merge tag 'pci-v6.1-changes' of git://git.kernel.org/pub/scm/linux/kernel/git/helgaas/pci
a09476668e30 Merge tag 'char-misc-6.1-rc1' of git://git.kernel.org/pub/scm/linux/kernel/git/gregkh/char-misc
ff6862c23d2e Merge tag 'arm-drivers-6.1' of git://git.kernel.org/pub/scm/linux/kernel/git/soc/soc
14868d783c16 Merge branch 'remotes/lorenzo/pci/misc'
e302bafff6fa Merge branch 'pci/qcom'
fba236f96ccb Merge branch 'remotes/lorenzo/pci/mvebu'
7cb0a666998d Merge branch 'remotes/lorenzo/pci/mediatek'
fefb75d84249 Merge branch 'remotes/lorenzo/pci/dwc'
84aabff88098 Merge branch 'remotes/lorenzo/pci/bridge-emul'
9d17becd49d1 Merge branch 'remotes/lorenzo/pci/apple'
94f0b955e4ed PCI: qcom-ep: Check platform_get_resource_byname() return value
867ec26c1606 PCI: qcom-ep: Add support for SM8450 SoC
aa4b1753625c PCI: qcom-ep: Make PERST separation optional
0391632948d9 PCI: qcom-ep: Disable Master AXI Clock when there is no PCIe traffic
c457ac029e44 PCI: qcom-ep: Gate Master AXI clock to MHI bus during L1SS
6dbba2b53c3b PCI: qcom-ep: Expose link transition counts via debugfs
19619b43f031 PCI: qcom-ep: Disable IRQs during driver remove
9cf4843e1acf PCI: qcom-ep: Make use of the cached dev pointer
e2efd31465b1 PCI: qcom-ep: Rely on the clocks supplied by devicetree
f1bfbd000f3b PCI: qcom-ep: Add kernel-doc for qcom_pcie_ep structure
cbcf8722b523 phy: freescale: imx8m-pcie: Fix the wrong order of phy_init() and phy_power_on()
3db1e531e444 PCI: imx6: Add i.MX8MP PCIe support
0dbc45241dc3 PCI: dwc: Replace of_gpio_named_count() by gpiod_count()
8bb7ff12a914 PCI: tegra: Use PCI_CONF1_EXT_ADDRESS() macro
0e4d9a5cc767 PCI: qcom: Rename host-init error label
b623023225ab PCI: qcom: Drop unused post_deinit callback
2301a3e1a566 PCI: mt7621: Use PCI_CONF1_EXT_ADDRESS() macro
f75a27dc6c07 PCI: ftpci100: Use PCI_CONF1_ADDRESS() macro
bfbb58848675 Merge tag 'mhi-for-v6.1' of git://git.kernel.org/pub/scm/linux/kernel/git/mani/mhi into char-misc-next
479aa3b0ec2e bus: mhi: host: pci_generic: Add a secondary AT port to Telit FN990
a080f9ad6045 PCI: aardvark: Add support for PCI Bridge Subsystem Vendor ID on emulated bridge
e4e9631b2c88 bus: mhi: host: always print detected modem name
34fdb46f0fe2 Merge tag 'arm-soc/for-6.1/drivers' of https://github.com/Broadcom/stblinux into arm/drivers
a6b9ede1f3df PCI: apple: Do not leak reset GPIO on unbind/unload/error
ffb384c269dc Merge tag 'char-misc-6.0-rc4' of git://git.kernel.org/pub/scm/linux/kernel/git/gregkh/char-misc
2baedb9f93c4 PCI: qcom-ep: Add MODULE_DEVICE_TABLE
acc5495bf764 bus: mhi: host: Fix up null pointer access in mhi_irq_handler
423511ec23e2 PCI: dwc: Drop dependency on ZONE_DMA32
658aea35ab88 PCI: pci-bridge-emul: Set position of PCI capabilities to real HW value
034fdac01fe5 PCI: mediatek-gen3: Change driver name to mtk-pcie-gen3
2e379ac66d4b PCI: mvebu: Fix endianness when accessing PCI emul bridge members
d6cbfcd24443 PCI: qcom: Sort device-id table
223117350636 PCI: qcom: Clean up IP configurations
014aa3518a58 PCI: qcom: Make all optional clocks optional
c64f56d0857a PCI: qcom: Add support for SA8540P
70574511f3fc PCI: qcom: Add support for SC8280XP
4c2d0b039c5c Merge tag 'net-6.0-rc2' of git://git.kernel.org/pub/scm/linux/kernel/git/netdev/net
7bb49d774f48 arm64: bcmbca: Make BCM4908 drivers depend on ARCH_BCMBCA
68a838b84eff net: qrtr: start MHI channel after endpoit creation
a976835fdb31 Merge tag 'ntb-5.20' of https://github.com/jonmason/ntb
4284c88fff0e PCI: designware-ep: Allow pci_epc_set_bar() update inbound map address
eff0cb3d91c0 Merge tag 'pci-v5.20-changes' of git://git.kernel.org/pub/scm/linux/kernel/git/helgaas/pci
228dfe98a313 Merge tag 'char-misc-6.0-rc1' of git://git.kernel.org/pub/scm/linux/kernel/git/gregkh/char-misc
805f91bc5226 Merge branch 'pci/misc'
ed89d69a1506 Merge branch 'pci/ctrl/pm-ops'
56ebef0a8226 Merge branch 'pci/ctrl/xilinx-cpm'
a91c6db7f3da Merge branch 'pci/ctrl/vmd'
64451ac83fe6 Merge branch 'pci/ctrl/tegra194'
3aa321dc0afc Merge branch 'pci/ctrl/rcar-gen2'
9195e6dd9b49 Merge branch 'pci/ctrl/qcom'
4faef1089652 Merge branch 'pci/ctrl/microchip'
f3305ae56615 Merge branch 'pci/ctrl/mediatek-gen3'
359a98325be5 Merge branch 'pci/ctrl/mediatek'
b4773c53c54a Merge branch 'pci/ctrl/loongson'
13506868d9f4 Merge branch 'pci/ctrl/iproc'
468276d4ea40 Merge branch 'pci/ctrl/imx6'
0c8b7d1273ee Merge branch 'pci/ctrl/fu740'
fea77e9f2978 Merge branch 'pci/ctrl/exynos'
964db794ae3c Merge branch 'pci/ctrl/dwc'
9154b00f51ea Merge branch 'pci/ctrl/brcmstb'
6213c6c545cb PCI: imx6: Support more than Gen2 speed link mode
13f8f3d1e369 PCI: imx6: Set PCIE_DBI_RO_WR_EN before writing DBI registers
835a345b18b0 PCI: imx6: Reformat suspend callback to keep symmetric with resume
1c5e761565c1 PCI: imx6: Move the imx6_pcie_ltssm_disable() earlier
34eb543f4ffa PCI: imx6: Disable clocks in reverse order of enable
cf236e0c0d59 PCI: imx6: Do not hide PHY driver callbacks and refine the error handling
af48f8226e94 PCI: imx6: Reduce resume time by only starting link if it was up before suspend
508919d0a95c PCI: imx6: Mark the link down as non-fatal error
f0691e326b27 PCI: imx6: Move regulator enable out of imx6_pcie_deassert_core_reset()
a4bb720eeb1e PCI: imx6: Turn off regulator when system is in suspend mode
cfacf22e0df2 PCI: imx6: Call host init function directly in resume
fea446eb9c77 PCI: imx6: Disable i.MX6QDL clock when disabling ref clocks
9751f65db025 PCI: imx6: Propagate .host_init() errors to caller
835fe229d709 PCI: imx6: Collect clock enables in imx6_pcie_clk_enable()
d0a75c791f98 PCI: imx6: Factor out ref clock disable to match enable
34b1b9022586 PCI: imx6: Move imx6_pcie_clk_disable() earlier
276509690c2e PCI: imx6: Move imx6_pcie_enable_ref_clk() earlier
6b1e989e4910 PCI: imx6: Move PHY management functions together
79f14b6f1c60 PCI: imx6: Move imx6_pcie_grp_offset(), imx6_pcie_configure_type() earlier
9d14ad61551d PCI: imx6: Convert to NOIRQ_SYSTEM_SLEEP_PM_OPS()
22f3571cbc84 PCI: exynos: Correct generic PHY usage
cd761378e62c PCI: dwc: Handle MSIs routed to multiple GIC interrupts
db388348acff PCI: dwc: Convert struct pcie_port.msi_irq to an array
226ec087497a PCI: dwc: Split MSI IRQ parsing/allocation to a separate function
3c62f878a969 PCI: dwc: Correct msi_irq condition in dw_pcie_free_msi()
6be6f8529bd7 PCI: dwc: Use the bitmap API to allocate bitmaps
35797e672ff0 PCI: dwc: Fix MSI msi_msg DMA mapping
ce06bf570390 PCI: dwc: Check iATU in/outbound range setup status
edf408b946d3 PCI: dwc: Validate iATU outbound mappings against hardware constraints
89473aa9ab26 PCI: dwc: Add iATU regions size detection procedure
5a163f599818 PCI: dwc: Simplify in/outbound iATU setup methods
38fe272389f4 PCI: dwc: Drop enum dw_pcie_region_type in favor of PCIE_ATU_REGION_DIR_IB/OB
4859db9bca5d PCI: dwc: Drop enum dw_pcie_as_type in favor of PCIE_ATU_TYPE_MEM/IO
c6481d51dc65 PCI: dwc: Add dw_pcie_ops.host_deinit() callback
58c379eee610 PCI: tegra194: Drop manual DW PCIe controller version setup
50deb8ac6170 PCI: intel-gw: Drop manual DW PCIe controller version setup
0b0a780d52ad PCI: dwc: Add macros to compare Synopsys IP core versions
13e9d3900c20 PCI: dwc: Read DWC IP core version from register
afe1c6d50d33 PCI: dwc: Use native DWC IP core version representation
e3dc79adfac9 PCI: dwc: Detect iATU settings after getting "addr_space" resource
14c4ad125cf9 PCI: dwc: Log link speed and width if it comes up
5147ba8af2d7 PCI: qcom: Allow ASPM L1 and substates for 2.7.0
19b7858c3357 PCI: Convert to new *_PM_OPS macros
94c651163630 PCI: brcmstb: Rename .map_bus() functions to end with 'map_bus'
7a32e9b3ff01 PCI: brcmstb: Disable/enable regulators in suspend/resume
9e6be018b263 PCI: brcmstb: Enable child bus device regulators from DT
0693b4207fd7 PCI: brcmstb: Split post-link up initialization to brcm_pcie_start_link()
5fb8f2628edf PCI: brcmstb: Prevent config space access when link is down
0ac2ff426e3d PCI: brcmstb: Remove unnecessary forward declarations
a54e19073718 PCI: tegra194: Add Tegra234 PCIe support
f899983f71e5 PCI: tegra194: Extend Endpoint mode support
e05fd6ae77c3 PCI: tegra194: Fix link up retry sequence
bb617cbd8151 PCI: tegra194: Clean up the exit path for Endpoint mode
4fb8e46c1bc4 PCI: tegra194: Enable support for 256 Byte payload
6c12e3e139ab PCI: tegra194: Clear bandwidth management status
6646e99bcec6 PCI: tegra194: Fix Root Port interrupt handling
997b99e3b386 PCI: tegra194: Find RAS DES PCIe capability offset
f1ab409d5787 Revert "PCI: tegra194: Rename tegra_pcie_dw to tegra194_pcie"
51f1ffc00d95 PCI: xilinx-cpm: Add support for Versal CPM5 Root Port
930c6074d7dd PCI: loongson: Work around LS7A incorrect Interrupt Pin registers
15a232408a8a PCI: fu740: Remove unnecessary include files
0cf7c2efe8ac PCI: qcom: Add IPQ60xx support
9a765805f62a PCI: qcom: Define slot capabilities using PCI_EXP_SLTCAP_*
996ab868d630 PCI: dwc: Move GEN3_RELATED DBI definitions to common header
7eb5768c2693 PCI: qcom: Drop manual pipe_clk_src handling
2410e3301fcc PCI: loongson: Don't access non-existent devices
cd89edda4002 PCI: loongson: Add ACPI init support
dee449aafd48 PCI: loongson: Use generic 8/16/32-bit config ops on LS2K/LS7A
affac98a604c PCI: qcom: Remove unnecessary pipe_clk handling
36d9018d557c PCI: qcom: Power on PHY before DBI register accesses
a0e43bb9973b PCI: qcom: Power on PHY before IPQ8074 DBI register accesses
38f897ae3d44 PCI: qcom: Set up rev 2.1.0 PARF_PHY before enabling clocks
2ebb36ea41a7 bus: mhi: ep: Check dev_set_name() return value
9167fd5d5549 PCI: hv: Take a const cpumask in hv_compose_msi_req_get_cpu()
4d0b8298818b genirq: Return a const cpumask from irq_data_get_affinity_mask
1dff012f636d PCI: Drop of_match_ptr() to avoid unused variables
7659806aded9 PCI: dwc-plat: Drop dw_plat_pcie_of_match[] forward declaration
03139e66a598 PCI: dwc-plat: Drop unused regmap pointer
43e6f2d94d91 PCI: dwc-plat: Simplify dw_plat_pcie_probe() return values
60b3c27fb9b9 PCI: dwc: Rename struct pcie_port to dw_pcie_rp
d6bdbcd8bfe1 PCI: dwc: Move io_cfg_atu_shared to struct pcie_port
a37beefbde88 PCI: dwc: Add start_link/stop_link inlines
bd42f3108b41 PCI: dwc: Reuse local pointer to the resource data
60a4352f648c PCI: dwc: Organize local variable usage
3869e9a3ba38 PCI: dwc: Convert dw_pcie_link_up() to use dw_pcie_readl_dbi()
bbc7c4de33e4 PCI: dwc: Simplify unrolled iATU detection
671733184364 PCI: dwc: Add newlines to log messages
816f505f44ee PCI: dwc: Add braces to multi-line if-else statements
ec7b952f453c PCI: dwc: Always enable CDM check if "snps,enable-cdm-check" exists
8161e9626b50 PCI: dwc: Deallocate EPC memory on dw_pcie_ep_init() errors
777e7c3ab730 PCI: dwc: Set INCREASE_REGION_SIZE flag based on limit address
d60a2e281e9d PCI: dwc: Disable outbound windows only for controllers using iATU
d1cf738f2b65 PCI: dwc: Add unroll iATU space support to dw_pcie_disable_atu()
113fa857b74c PCI: dwc: Stop link on host_init errors and de-initialization
52664090101a PCI: iproc: Use bitmap API to allocate bitmaps
2113651ddf3d bus: mhi: host: pci_generic: Add another Foxconn T99W175
57a128acaba0 PCI: vmd: Add DID 8086:7D0B and 8086:AD0B for Intel MTL SKUs
1227d2a20cd7 bus: mhi: host: Move IRQ allocation to controller registration phase
aefffba67288 PCI: rcar-gen2: Add RZ/N1 SOC family compatible string
b7ce71625431 bus: mhi: host: pci_generic: Add Cinterion MV31-W with new baseline
178329d4d635 bus: mhi: host: pci_generic: Add support for Quectel EM120 FCCL modem
28fc842e1472 PCI: mediatek-gen3: Print LTSSM state when PCIe link down
b3b76fc86f0f PCI: mediatek: Allow building for ARCH_AIROHA
bcdb6fd4f3e9 PCI: aardvark: Fix reporting Slot capabilities on emulated bridge
1326b4963606 PCI: aardvark: Add support for AER registers on emulated bridge
46d2398c3bc0 PCI: vmd: Use devm_kasprintf() instead of simple kasprintf()
bf038503d5fe PCI: mediatek-gen3: Fix refcount leak in mtk_pcie_init_irq_domains()
e8fbd344a5ea PCI: tegra194: Fix PM error handling in tegra_pcie_config_ep()
f030304fdeb8 PCI: microchip: Fix refcount leak in mc_pcie_init_irq_domains()
6f9b5ed8cadd Merge tag 'char-misc-5.19-rc1' of git://git.kernel.org/pub/scm/linux/kernel/git/gregkh/char-misc
c399c85d60a4 Merge tag 'pci-v5.19-fixes-1' of git://git.kernel.org/pub/scm/linux/kernel/git/helgaas/pci
f4fd559de343 Revert "PCI: brcmstb: Split brcm_pcie_setup() into two funcs"
420be2f7ebe6 Revert "PCI: brcmstb: Add mechanism to turn on subdev regulators"
212942609d83 Revert "PCI: brcmstb: Add control of subdevice voltage regulators"
7894025c783c Revert "PCI: brcmstb: Do not turn off WOL regulators on suspend"
f56dbdda4322 Merge tag 'hyperv-next-signed-20220528' of git://git.kernel.org/pub/scm/linux/kernel/git/hyperv/linux
3cc30140dbe2 Merge tag 'pci-v5.19-changes' of git://git.kernel.org/pub/scm/linux/kernel/git/helgaas/pci
32f479d05a44 Merge branch 'remotes/lorenzo/pci/vmd'
efa315818337 Merge branch 'remotes/lorenzo/pci/versatile'
647b52ecabb4 Merge branch 'remotes/lorenzo/pci/rockchip'
ba3527d8ff7f Merge branch 'pci/host/qcom'
b0266c42894a Merge branch 'remotes/lorenzo/pci/power-slot'
5ae34e8f9e9a Merge branch 'remotes/lorenzo/pci/microchip'
979db15b4a71 Merge branch 'remotes/lorenzo/pci/mediatek'
b8dc34460cec Merge branch 'remotes/lorenzo/pci/imx6'
39348d2eb2f5 Merge branch 'remotes/lorenzo/pci/dwc'
83013631f0f9 PCI: qcom: Fix unbalanced PHY init on probe errors
87d83b96c8d6 PCI: qcom: Fix runtime PM imbalance on probe errors
fdf6a2f53311 PCI: qcom: Fix pipe clock imbalance
a935601eed18 PCI: qcom: Add SM8150 SoC support
d7e6f5836038 Merge git://git.kernel.org/pub/scm/linux/kernel/git/netdev/net
46ee6bcac983 Merge tag 'mhi-for-v5.19' of git://git.kernel.org/pub/scm/linux/kernel/git/mani/mhi into char-work-next
7013654af694 PCI: microchip: Fix potential race in interrupt handling
210e04ff7681 Merge tag 'pci-v5.18-fixes-1' of git://git.kernel.org/pub/scm/linux/kernel/git/helgaas/pci
a3b69dd0ad62 Revert "PCI: aardvark: Rewrite IRQ code to chained IRQ handler"
b4927bd27262 PCI: hv: Fix synchronization between channel callback and hv_pci_bus_exit()
9937fa6d1eb6 PCI: hv: Add validation for untrusted Hyper-V values
95b00f68209e PCI: cadence: Clear FLR in device capabilities register
a1f67bc131c3 PCI: cadence: Allow PTM Responder to be enabled
c94f732e8001 PCI: vmd: Revert 2565e5b69c44 ("PCI: vmd: Do not disable MSI-X remapping if interrupt remapping is enabled by IOMMU.")
886e67100b90 PCI: vmd: Assign VMD IRQ domain before enumeration
a2bad844a67b PCI: hv: Fix interrupt mapping for multi-MSI
b4b77778ecc5 PCI: hv: Reuse existing IRTE allocation in compose_msi_msg()
e8aae154df61 PCI: rockchip-dwc: Add legacy interrupt support
431e7d2eece5 PCI: rockchip-dwc: Reset core at driver probe
1d565935e3b9 PCI: mediatek-gen3: Assert resets to ensure expected init state
30097efa334a PCI: microchip: Add missing chained_irq_enter()/exit() calls
a6809941c1f1 PCI: imx6: Fix PERST# start-up sequence
bc49681c9636 PCI: qcom-ep: Move enable/disable resources code to common functions
13b9b814da2d bus: mhi: host: Add support for Foxconn T99W373 and T99W368
77fc41204734 bus: mhi: host: pci_generic: add Telit FN990
a96ef8b504ef bus: mhi: host: pci_generic: add Telit FN980 v1 hardware revision
249369e93121 bus: mhi: replace snprintf with sysfs_emit
c8227d568ddf Merge git://git.kernel.org/pub/scm/linux/kernel/git/netdev/net
134b5ce3ed33 PCI: qcom: Remove ddrss_sf_tbu clock from SC8180X
23e118a48acf PCI: hv: Do not set PCI_COMMAND_MEMORY to reduce VM boot time
35a7609639c4 Merge 5.18-rc5 into char-misc-next
455880dfe292 PCI: hv: Fix hv_arch_irq_unmask() for multi-MSI
6086987bdeb5 PCI: versatile: Remove redundant variable retval
c268c0a8a330 bus: mhi: ep: Add uevent support for module autoloading
e4b7b5f0f30a bus: mhi: ep: Add support for suspending and resuming channels
2d945a394d9c bus: mhi: ep: Add support for queueing SKBs to the host
03c0bb8ec983 bus: mhi: ep: Add support for processing channel rings
530125889977 bus: mhi: ep: Add support for reading from the host
e827569062a8 bus: mhi: ep: Add support for processing command rings
f7d0806bdb1b bus: mhi: ep: Add support for handling SYS_ERR condition
7a97b6b47353 bus: mhi: ep: Add support for handling MHI_RESET
5d507ee04894 bus: mhi: ep: Add support for powering down the MHI endpoint stack
fb3a26b7e8af bus: mhi: ep: Add support for powering up the MHI endpoint stack
4799e71b0826 bus: mhi: ep: Add support for processing MHI endpoint interrupts
f9baa4f73795 bus: mhi: ep: Add support for managing MHI state machine
961aeb689224 bus: mhi: ep: Add support for sending events to the host
bbdcba57a1a2 bus: mhi: ep: Add support for ring management
e9e4da23cd65 bus: mhi: ep: Add support for managing MMIO registers
297c77a0f273 bus: mhi: ep: Add support for creating and destroying MHI EP devices
ee0360b20b3f bus: mhi: ep: Add support for registering MHI endpoint client drivers
d434743e5cac bus: mhi: ep: Add support for registering MHI endpoint controllers
a765ed47e451 PCI: hv: Fix synchronization between channel callback and hv_compose_msi_msg()
de5ddb7d4434 PCI: hv: Use vmbus_requestor to generate transaction IDs for VMbus hardening
08e61e861a0e PCI: hv: Fix multi-MSI to allow more than one MSI vector
c049b4b37685 PCI: microchip: Add a missing semicolon
0d5b8c298545 PCI: mvebu: Add support for sending Set_Slot_Power_Limit message
17e6ff4937be bus: mhi: host: Add support for Cinterion MV32-WA/MV32-WB
d126bfeaf721 bus: mhi: host: Optimize and update MMIO register write method
0bca889fd6fe bus: mhi: host: Bail on writing register fields if read fails
36e5505dfb42 bus: mhi: host: Wait for ready state after reset
95c33ae41b82 bus: mhi: host: Add soc_reset sysfs
89ad19bea649 bus: mhi: host: pci_generic: Sort mhi_pci_id_table based on the PID
e565d3efd894 bus: mhi: host: Use cached values for calculating the shared write pointer
e90d20c9df11 Merge tag 'mhi-fixes-v5.18' of git://git.kernel.org/pub/scm/linux/kernel/git/mani/mhi into char-misc-linus
c38f83bae403 bus: mhi: host: pci_generic: Flush recovery worker during freeze
e64d5fa5044f bus: mhi: host: pci_generic: Add missing poweroff() PM callback
571dda6ca513 PCI: tegra194: Remove unnecessary MSI enable reg save and restore
88557685cd72 PCI: dwc: Fix setting error return on MSI DMA mapping failure
214e0d8fe4a8 PCI: mediatek: Fix refcount leak in mtk_pcie_subsys_powerup()
096950e230b8 PCI: rockchip: Fix find_first_zero_bit() limit
0aa3a0937fee PCI: cadence: Fix find_first_zero_bit() limit
dc2e0617f1fd Merge git://git.kernel.org/pub/scm/linux/kernel/git/netdev/net
42e7a03d3bad Merge tag 'hyperv-fixes-signed-20220407' of git://git.kernel.org/pub/scm/linux/kernel/git/hyperv/linux
f4b41f062c42 net: remove noblock parameter from skb_recv_datagram()
5d4be19cbe6a bus: mhi: ep: Add uevent support for module autoloading
5fb83d97aa17 bus: mhi: ep: Add support for suspending and resuming channels
f2a72d2410be bus: mhi: ep: Add support for queueing SKBs to the host
494a6f639377 bus: mhi: ep: Add support for processing channel rings
20c01fde1b36 bus: mhi: ep: Add support for reading from the host
2b231a40e907 bus: mhi: ep: Add support for processing command rings
1b54f3e8b4bb bus: mhi: ep: Add support for handling SYS_ERR condition
2ee735c17347 bus: mhi: ep: Add support for handling MHI_RESET
c6dba8924201 bus: mhi: ep: Add support for powering down the MHI endpoint stack
7de7780c43b1 bus: mhi: ep: Add support for powering up the MHI endpoint stack
b6c52d410cb4 bus: mhi: ep: Add support for processing MHI endpoint interrupts
484e04faa8a0 bus: mhi: ep: Add support for managing MHI state machine
6f7cb6e78839 bus: mhi: ep: Add support for sending events to the host
edf549e7b239 bus: mhi: ep: Add support for ring management
37867094faf1 bus: mhi: ep: Add support for managing MMIO registers
03f44035a586 bus: mhi: ep: Add support for creating and destroying MHI EP devices
36b7cae6a032 bus: mhi: ep: Add support for registering MHI endpoint client drivers
0cf35347830c bus: mhi: ep: Add support for registering MHI endpoint controllers
9a212aaf9536 Merge tag 'pci-v5.18-changes-2' of git://git.kernel.org/pub/scm/linux/kernel/git/helgaas/pci
22ef7ee3eeb2 PCI: hv: Remove unused hv_set_msi_entry_from_desc()
8d21732475c6 PCI: hv: Propagate coherence from VMbus device to PCI device
02e2af20f4f9 Merge tag 'char-misc-5.18-rc1' of git://git.kernel.org/pub/scm/linux/kernel/git/gregkh/char-misc
148a65047695 Merge tag 'pci-v5.18-changes' of git://git.kernel.org/pub/scm/linux/kernel/git/helgaas/pci
611f841830aa Merge branch 'remotes/lorenzo/pci/xgene'
c1e10d81dac4 Merge branch 'remotes/lorenzo/pci/uniphier'
4b0f6ecaba3b Merge branch 'remotes/lorenzo/pci/rcar'
0c634fcb980d Merge branch 'remotes/lorenzo/pci/qcom'
9b2c25fa1299 Merge branch 'remotes/lorenzo/pci/mvebu'
0888e08938e5 Merge branch 'remotes/lorenzo/pci/misc'
f409855492fa Merge branch 'remotes/lorenzo/pci/imx6'
8a43a7444884 Merge branch 'remotes/lorenzo/pci/hv'
d93fefad2060 Merge branch 'pci/host/fu740'
0321da851e3e Merge branch 'pci/host/dwc'
7ec9ff94f5f7 Merge branch 'remotes/lorenzo/pci/aardvark'
73c82469bd88 Merge branch 'pci/misc'
6f1025507288 PCI: fu740: Remove unused assignments
b6829e0419e5 PCI: kirin: Remove unused assignments
a382c757ec5e PCI: fu740: Force 2.5GT/s for initial device probe
825da4e9cec6 PCI: xgene: Revert "PCI: xgene: Fix IB window setup"
1874b6d7ab1b PCI: xgene: Revert "PCI: xgene: Use inbound resources for setup"
3a1b8e281a26 bus: mhi: Make mhi_state_str[] array static inline and move to common.h
8485149c7a84 bus: mhi: Move common MHI definitions out of host directory
84f5f31f110e bus: mhi: host: Rename "struct mhi_tre" to "struct mhi_ring_element"
792ba3218441 bus: mhi: Cleanup the register definitions used in headers
ba1d2b86b6a6 bus: mhi: Use bitfield operations for handling DWORDs of ring elements
d28cab4d4aa0 bus: mhi: Use bitfield operations for register read and write
a0f5a630668c bus: mhi: Move host MHI code to "host" directory
ed2d98050323 bus: mhi: Fix MHI DMA structure endianness
64f93a9a27c1 bus: mhi: Fix pm_state conversion to string
2413ffbf19a9 bus: mhi: pci_generic: Add mru_default for Quectel EM1xx series
45514f78c65c PCI: imx6: Assert i.MX8MM CLKREQ# even if no device present
deaf7a2c2e4b PCI: imx6: Invoke the PHY exit function after PHY power off
411472ae5bb4 Merge tag 'v5.17-rc8' into irq/core, to fix conflicts
6e36203bc14c PCI: rcar: Use PCI_SET_ERROR_RESPONSE after read which triggered an exception
84b576146294 PCI: rcar: Finish transition to L1 state in rcar_pcie_config_access()
f0fae8a0edd4 Merge tag 'irqchip-5.18' of git://git.kernel.org/pub/scm/linux/kernel/git/maz/arm-platforms into irq/core
9edcfaa349af Merge tag 'phy-for-5.18' of git://git.kernel.org/pub/scm/linux/kernel/git/phy/linux-phy into char-misc-next
815953dc2011 PCI: dwc: Restore MSI Receiver mask during resume
cf18fce4ed5c PCI: fu740: Drop redundant '-gpios' from DT GPIO lookup
89eb1681b73f PCI: apple: Change MSI handling to handle 4-cell AIC fwspec form
f81dd043ec41 PCI: imx6: Enable i.MX6QP PCIe power management support
d06957d7a692 PCI: hv: Avoid the retarget interrupt hypercall in irq_unmask() on ARM64
52a025546731 Merge tag 'irq-urgent-2022-02-27' of git://git.kernel.org/pub/scm/linux/kernel/git/tip/tip
9a4556dad7bd Revert "PCI: aardvark: Fix initialization with old Marvell's Arm Trusted Firmware"
d8152cfe2f21 Merge tag 'pci-v5.17-fixes-5' of git://git.kernel.org/pub/scm/linux/kernel/git/helgaas/pci
0cc62aed370d sizes.h: Add SZ_1T macro
1c5aa0372634 PCI: qcom: Add SM8450 PCIe support
0614f98bbb9f PCI: qcom: Add ddrss_sf_tbu flag
f94c35e02464 PCI: qcom: Remove redundancy between qcom_pcie and qcom_pcie_cfg
ec075262648f PCI: mvebu: Implement support for legacy INTx interrupts
d00ea94e6209 PCI: mvebu: Fix macro names and comments about legacy interrupts
c099c2a76185 PCI: mvebu: Use child_ops API
2b6ee04c0aa6 PCI: mvebu: Add support for Advanced Error Reporting registers on emulated bridge
e3e13c9135da PCI: mvebu: Add support for PCI Bridge Subsystem Vendor ID on emulated bridge
2a81dd9fd9b0 PCI: mvebu: Correctly configure x1/x4 mode
ba1366f3d039 PCI: vmd: Prevent recursive locking on interrupt allocation
fe665816e0d4 PCI: iproc: Set all 24 bits of PCI class code
904b10fb189c PCI: Add defines for normal and subtractive PCI bridges
c24449b32109 Merge tag 'hyperv-fixes-signed-20220215' of git://git.kernel.org/pub/scm/linux/kernel/git/hyperv/linux
c49ae619905e PCI: mvebu: Fix device enumeration regression
080eba785fe1 Merge tag 'char-misc-5.17-rc4' of git://git.kernel.org/pub/scm/linux/kernel/git/gregkh/char-misc
892fdf15b824 PCI: uniphier-ep: Add NX1 support
d41584ae8616 PCI: uniphier-ep: Add SoC data structure
92f4ffecc417 PCI: aardvark: Update comment about link going down after link-up
0c36ab437e1d PCI: aardvark: Drop __maybe_unused from advk_pcie_disable_phy()
befa71000160 PCI: aardvark: Don't mask irq when mapping
b08e5b53d17b PCI: aardvark: Remove irq_mask_ack() callback for INTx interrupts
815bc3136867 PCI: aardvark: Use separate INTA interrupt for emulated root bridge
273ddd86d676 PCI: aardvark: Fix support for PME requester on emulated bridge
0fc75d874541 PCI: aardvark: Add support for PME interrupts
7122bcb33295 PCI: aardvark: Optimize writing PCI_EXP_RTCTL_PMEIE and PCI_EXP_RTSTA_PME on emulated bridge
735f5ae49e1b PCI: aardvark: Fix reading PCI_EXP_RTSTA_PME bit on emulated bridge
3ebfefa396eb PCI: aardvark: Add support for ERR interrupt on emulated bridge
754e449889b2 PCI: aardvark: Enable MSI-X support
46ad3dc4171b PCI: aardvark: Fix setting MSI address
e77d9c906910 PCI: aardvark: Add support for masking MSI interrupts
4689c0916320 PCI: aardvark: Refactor unmasking summary MSI interrupt
222af78532fa PCI: aardvark: Use dev_fwnode() instead of of_node_to_fwnode(dev->of_node)
26bcd54e4a5c PCI: aardvark: Make msi_domain_info structure a static driver structure
c3cb8e51839a PCI: aardvark: Make MSI irq_chip structures static driver structures
51f96e287c6f PCI: aardvark: Check return value of generic_handle_domain_irq() when processing INTx IRQ
1571d67dc190 PCI: aardvark: Rewrite IRQ code to chained IRQ handler
b0b0b8b897f8 PCI: aardvark: Fix support for MSI interrupts
805dfc18dd3d PCI: aardvark: Fix reading MSI interrupt number
1d86abf1f896 PCI: aardvark: Replace custom PCIE_CORE_INT_* macros with PCI_INTERRUPT_*
05daa805a86c bus: mhi: pci_generic: Add mru_default for Cinterion MV31-W
a0572cea8866 bus: mhi: pci_generic: Add mru_default for Foxconn SDX55
e09e1a40639b Merge tag 'pci-v5.17-fixes-3' of git://git.kernel.org/pub/scm/linux/kernel/git/helgaas/pci
7dd3876205df PCI: kirin: Add dev struct for of_device_get_match_data()
f81f095e8771 PCI: imx6: Allow to probe when dw_pcie_wait_for_link() fails
3149efcdf2c6 PCI: hv: Fix NUMA node assignment when kernel boots with custom NUMA topology
c3bd7dc553ee PCI: mvebu: Fix reporting Data Link Layer Link Active on emulated bridge
c94ea32c0d3d PCI: mvebu: Update comment for PCI_EXP_LNKCTL register on emulated bridge
d76a6ed0964a PCI: mvebu: Update comment for PCI_EXP_LNKCAP register on emulated bridge
16038ebb0f9f PCI: mvebu: Properly initialize vendor, device and revision of emulated bridge
5c88ed798522 PCI: mvebu: Set PCI_BRIDGE_EMUL_NO_IO_FORWARD when IO is unsupported
7a02acdb5deb PCI: mvebu: Remove duplicate nports assignment
7f09a4b195a9 PCI: mvebu: Add help string for CONFIG_PCI_MVEBU option
d3f332b568dc PCI: pci-bridge-emul: Rename PCI_BRIDGE_EMUL_NO_PREFETCHABLE_BAR to PCI_BRIDGE_EMUL_NO_PREFMEM_FORWARD
64a70f521e13 PCI: pci-bridge-emul: Make struct pci_bridge_emul_ops as const
053ca37c87af PCI: j721e: Initialize pcie->cdns_pcie before using it
c035366d9c9f PCI: mt7621: Remove unused function pcie_rmw()
4b77e4abb32c PCI: mt7621: Drop of_match_ptr() to avoid unused variable
3689f9f8b0c5 Merge tag 'bitmap-5.17-rc1' of git://github.com/norov/linux
d0a231f01e5b Merge tag 'pci-v5.17-changes' of git://git.kernel.org/pub/scm/linux/kernel/git/helgaas/pci
b5c7e7ec7d34 all: replace find_next{,_zero}_bit with find_first{,_zero}_bit where appropriate
3bad80dab94a Merge tag 'char-misc-5.17-rc1' of git://git.kernel.org/pub/scm/linux/kernel/git/gregkh/char-misc
3fb561b1e0bf Merge tag 'mips_5.17' of git://git.kernel.org/pub/scm/linux/kernel/git/mips/linux
feb7a43de5ef Merge tag 'irq-msi-2022-01-13' of git://git.kernel.org/pub/scm/linux/kernel/git/tip/tip
87c71931633b Merge branch 'pci/driver-cleanup'
f5d3ca6fffeb Merge branch 'pci/errors'
da43f08db236 Merge branch 'pci/misc'
2709f0338d4c Merge branch 'remotes/lorenzo/pci/bridge-emul'
a99f501f3e4d Merge branch 'remotes/lorenzo/pci/xilinx-nwl'
18b026da34c6 Merge branch 'remotes/lorenzo/pci/xgene'
ec5d85e7f095 Merge branch 'remotes/lorenzo/pci/vmd'
4ceca42d396e Merge branch 'remotes/lorenzo/pci/rcar'
f0eb209fed99 Merge branch 'remotes/lorenzo/pci/qcom'
0de15dbbd648 Merge branch 'remotes/lorenzo/pci/mvebu'
fc10f9d6671a Merge branch 'pci/host/mt7621'
96fe57938406 Merge branch 'remotes/lorenzo/pci/mediatek-gen3'
fd785c64f355 Merge branch 'remotes/lorenzo/pci/mediatek'
0dfa6f6e6885 Merge branch 'remotes/lorenzo/pci/keystone'
6553ff3dd95f Merge branch 'pci/host/hv'
2948ce70e636 Merge branch 'remotes/lorenzo/pci/dwc'
c5f62d30e99c Merge branch 'pci/host/brcmstb'
3164f27b5fd6 Merge branch 'remotes/lorenzo/pci/apple'
44ddb791f8f4 PCI: mt7621: Allow COMPILE_TEST for all arches
e4b1cd02dc8d PCI: mt7621: Add missing MODULE_LICENSE()
fe7498ef7917 PCI: mt7621: Move MIPS setup to pcibios_root_bridge_prepare()
da48157092e7 PCI: mt7621: Declare mt7621_pci_ops static
11ed8b8624b8 PCI: brcmstb: Do not turn off WOL regulators on suspend
93e41f3fca3d PCI: brcmstb: Add control of subdevice voltage regulators
67211aadcb4b PCI: brcmstb: Add mechanism to turn on subdev regulators
830aa6f29f07 PCI: brcmstb: Split brcm_pcie_setup() into two funcs
41ac424ac188 PCI: brcmstb: Fix function return value handling
09a710d952b9 PCI: brcmstb: Do not use __GENMASK
bf7325882525 PCI: brcmstb: Declare 'used' as bitmap, not unsigned long
d9932b469156 PCI: hv: Add arm64 Hyper-V vPCI support
831c1ae725f7 PCI: hv: Make the code arch neutral by adding arch specific interfaces
aa8589aac8e3 PCI: brcmstb: Augment driver for MIPs SOCs
ccd36795be48 PCI: Correct misspelled words
7dcf07ac8867 PCI: keystone: Use phandle argument from "ti,syscon-pcie-id"/"ti,syscon-pcie-mode"
65ace9a85fa7 PCI: mediatek: Assert PERST# for 100ms for power and clock to stabilize
0746ae1be121 PCI: mvebu: Add support for compiling driver as module
922bfd001d1a PCI: vmd: Add DID 8086:A77F for all Intel Raptor Lake SKU's
d23f0c11aca2 PCI: layerscape: Change to use the DWC common link-up check function
840a720aaa14 PCI: qcom-ep: Constify static dw_pcie_ep_ops
04b12ef163d1 PCI: vmd: Honor ACPI _OSC on PCIe features
4ab34548c55f PCI: mvebu: Fix support for DEVCAP2, DEVCTL2 and LNKCTL2 registers on emulated bridge
838ff44a398f PCI: mvebu: Fix support for PCI_EXP_RTSTA on emulated bridge
ecae073e393e PCI: mvebu: Fix support for PCI_EXP_DEVCTL on emulated bridge
d75404cc0883 PCI: mvebu: Fix support for PCI_BRIDGE_CTL_BUS_RESET on emulated bridge
91a8d79fc797 PCI: mvebu: Fix configuring secondary bus of PCIe Root Port via emulated bridge
f58777582821 PCI: mvebu: Set PCI Bridge Class Code to PCI Bridge
df08ac016124 PCI: mvebu: Setup PCIe controller to Root Complex mode
e7a01876729c PCI: mvebu: Propagate errors when updating PCI_IO_BASE and PCI_MEM_BASE registers
2cf150216e5b PCI: mvebu: Do not modify PCI IO type bits in conf_write
e42b85583719 PCI: mvebu: Fix support for bus mastering and PCI_COMMAND on emulated bridge
319e6046bd5a PCI: mvebu: Disallow mapping interrupts on emulated bridges
11c2bf4a20c2 PCI: mvebu: Handle invalid size of read config request
489bfc51870b PCI: mvebu: Check that PCI bridge specified in DT has function number zero
5d18d702e5c9 PCI: mvebu: Check for errors from pci_bridge_emul_init() call
8cdabfdd5a22 PCI: mvebu: Check for valid ports
73a0c2be75cf PCI: spear13xx: Avoid invalid address space conversions
088c8405990d PCI: hisi: Avoid invalid address space conversions
dacee5872d89 PCI: xilinx-cpm: Rename xilinx_cpm_pcie_port to xilinx_cpm_pcie
0519f73adbd8 PCI: xilinx: Rename xilinx_pcie_port to xilinx_pcie
24d174a116f6 PCI: xgene: Rename xgene_pcie_port to xgene_pcie
de8bd0c6c343 PCI: uniphier: Rename uniphier_pcie_priv to uniphier_pcie
b57256918399 PCI: tegra194: Rename tegra_pcie_dw to tegra194_pcie
7025ecb658c2 PCI: rcar-gen2: Rename rcar_pci_priv to rcar_pci
4793895f597d PCI: mt7621: Rename mt7621_pci_ to mt7621_pcie_
5fe714fd9223 PCI: microchip: Rename mc_port to mc_pcie
d5a4835b5ed0 PCI: mediatek-gen3: Rename mtk_pcie_port to mtk_gen3_pcie
4688594ff476 PCI: ls-gen4: Rename ls_pcie_g4 to ls_g4_pcie
05463a768ff2 PCI: iproc: Rename iproc_pcie_pltfm_ to iproc_pltfm_pcie_
8fa966352028 PCI: iproc: Rename iproc_pcie_bcma_ to iproc_bcma_pcie_
733770d4a2be PCI: intel-gw: Rename intel_pcie_port to intel_pcie
19e863828acf PCI: j721e: Drop redundant struct device *
72de208f2bda PCI: j721e: Drop pointless of_device_get_match_data() cast
a622435fbe1a PCI: kirin: Prefer of_device_get_match_data()
39a29fbd4e31 PCI: keystone: Prefer of_device_get_match_data()
dc078f15715a PCI: dra7xx: Prefer of_device_get_match_data()
5c204204cf24 PCI: designware-plat: Prefer of_device_get_match_data()
131748ad2939 PCI: cadence: Prefer of_device_get_match_data()
7073f2ceca38 PCI: artpec6: Prefer of_device_get_match_data()
c31990dbeb78 PCI: altera: Prefer of_device_get_match_data()
824adf37ee9d Merge 5.16-rc8 into char-misc-next
178e244cb6e2 PCI: imx: Add the imx8mm pcie support
1dba0075fc3d bus: mhi: pci_generic: Introduce Sierra EM919X support
5a717e93239f bus: mhi: core: Use correctly sized arguments for bit field
227fee5fc99e bus: mhi: core: Add an API for auto queueing buffers for DL channel
d651ce8e917f bus: mhi: core: Fix race while handling SYS_ERR at power up
42c4668f7efe bus: mhi: core: Fix reading wake_capable channel configuration
f3d13397365d bus: mhi: pci_generic: Simplify code and axe the use of a deprecated API
85ec6094624c bus: mhi: core: Minor style and comment fixes
3e60c9f06803 bus: mhi: core: Use macros for execution environment features
f77097ec8c01 bus: mhi: pci_generic: Graceful shutdown on freeze
c9825e660005 bus: mhi: pci_generic: Add new device ID support for T99W175
dc2b453290c4 PCI: hv: Rework MSI handling
aa50faff4416 PCI: mt7621: Convert driver into 'bool'
8d7ed10410d5 Merge tag 'char-misc-5.16-rc5' of git://git.kernel.org/pub/scm/linux/kernel/git/gregkh/char-misc
b8a98b6bf66a Merge tag 'pci-v5.16-fixes-2' of git://git.kernel.org/pub/scm/linux/kernel/git/helgaas/pci
cab2d3fd6866 bus: mhi: core: Add support for forced PM resume
6efcdadc157f Merge https://git.kernel.org/pub/scm/linux/kernel/git/bpf/bpf
87620512681a PCI: apple: Fix PERST# polarity
ee91cb570d9b PCI: apple: Follow the PCIe specifications when resetting the port
1f1050c5e1fe PCI: pci-bridge-emul: Correctly set PCIe capabilities
549bf94dd29f PCI: qcom-ep: Remove surplus dev_err() when using platform_get_irq_byname()
75d36df68078 PCI: apple: Fix REFCLK1 enable/poll logic
3f13d611aa6b PCI: qcom: Use __be16 type to store return value from cpu_to_be16()
2070b2ddea89 PCI: aardvark: Fix checking for MEM resource type
8581fd402a0c treewide: Add missing includes masked by cgroup -> bpf dependency
e2022cbec9c2 bus: mhi: pci_generic: Fix device recovery failed issue
fdbbe242c15a PCI: aardvark: Disable common PHY when unbinding driver
759dec2e3dfd PCI: aardvark: Disable link training when unbinding driver
1f54391be8ce PCI: aardvark: Assert PERST# when unbinding driver
2f040a17f506 PCI: aardvark: Fix memory leak in driver unbind
13bcdf07cb2e PCI: aardvark: Mask all interrupts when unbinding driver
a46f2f6dd409 PCI: aardvark: Disable bus mastering when unbinding driver
a4ca7948e1d4 PCI: aardvark: Comment actions in driver remove method
7d8dc1f7cd00 PCI: aardvark: Clear all MSIs at setup
1d3e170344df PCI: aardvark: Add support for DEVCAP2, DEVCTL2, LNKCAP2 and LNKCTL2 registers on emulated bridge
6e5ebc96ec65 PCI: dwc: Do not remap invalid res
39bd54d43b3f Revert "PCI: aardvark: Fix support for PCI_ROM_ADDRESS1 on emulated bridge"
873883f2e92e PCI: mvebu: Remove custom mvebu_pci_host_probe() function
d2a14b54989e PCI: rcar: Check if device is runtime suspended instead of __clk_is_enabled()
6aab5622296b PCI: vmd: Clean up domain before enumeration
61f0aa4da397 PCI: xilinx-nwl: Simplify code and fix a memory leak
754bb7ad2956 PCI: apple: Enable clock gating
c7a75d07827a PCI: xgene: Fix IB window setup
c1aa4b55aae4 PCI: mvebu: Replace pci_ioremap_io() usage by devm_pci_remap_iospace()
1ed9b961be14 PCI: xgene-msi: Use bitmap_zalloc() when applicable
4e0e90539bb0 PCI: qcom: Fix an error handling path in 'qcom_pcie_probe()'
ab344fd43f29 PCI: mediatek-gen3: Disable DVFSRC voltage request
c78b9a9cbde5 PCI: xgene: Use PCI_ERROR_RESPONSE to identify config read errors
14e04d0d5ed0 PCI: hv: Use PCI_ERROR_RESPONSE to identify config read errors
3cfdef7a57a2 PCI: keystone: Use PCI_ERROR_RESPONSE to identify config read errors
242f288e82a3 PCI: vmd: Use PCI_POSSIBLE_ERROR() to check config reads
ba25d181caaa PCI: rockchip-host: Drop error data fabrication when config read fails
3741f5f4b2a5 PCI: rcar-host: Drop error data fabrication when config read fails
5f09342835ab PCI: altera: Drop error data fabrication when config read fails
d5da41c0c34a PCI: mvebu: Drop error data fabrication when config read fails
5a50b8b1ea88 PCI: aardvark: Drop error data fabrication when config read fails
7dcd026fb70f PCI: kirin: Drop error data fabrication when config read fails
f4a44c1e2582 PCI: histb: Drop error data fabrication when config read fails
8ed2196a0ac4 PCI: exynos: Drop error data fabrication when config read fails
7e9768539eb3 PCI: mediatek: Drop error data fabrication when config read fails
814dccec67ef PCI: iproc: Drop error data fabrication when config read fails
658f7ecd6785 PCI: thunder: Drop error data fabrication when config read fails
4218a96faf91 Merge tag 'mips_5.16_1' of git://git.kernel.org/pub/scm/linux/kernel/git/mips/linux
70060ee313be PCI: brcmstb: Allow building for BMIPS_GENERIC
0c5c62ddf88c Merge tag 'pci-v5.16-changes' of git://git.kernel.org/pub/scm/linux/kernel/git/helgaas/pci
dda4b381f05d Merge branch 'remotes/lorenzo/pci/xgene'
7b4bc1011182 Merge branch 'remotes/lorenzo/pci/vmd'
607f7f0b4cb2 Merge branch 'pci/host/rcar'
cd48bff78ae5 Merge branch 'remotes/lorenzo/pci/qcom'
83e168d607d6 Merge branch 'pci/host/mt7621'
581e8fcec53c Merge branch 'pci/host/kirin'
1f42bc19bb12 Merge branch 'remotes/lorenzo/pci/imx6'
07dd8bbec131 Merge branch 'pci/host/dwc'
93a6bba088c7 Merge branch 'pci/host/cadence'
6b0567dae2e7 Merge branch 'pci/host/apple'
27e76d06bfb3 Merge branch 'remotes/lorenzo/pci/aardvark'
468c8d52c332 PCI: apple: Configure RID to SID mapper on device addition
946d619fa25f iommu/dart: Exclude MSI doorbell from PCIe device IOVA range
476c41ed4597 PCI: apple: Implement MSI support
d8fcbe52d7d3 PCI: apple: Add INTx and per-port interrupt support
e4c72797fd16 PCI: kirin: Allow removing the driver
dc47d2f4c054 PCI: kirin: De-init the dwc driver
5b1e8c00afc3 PCI: kirin: Disable clkreq during poweroff sequence
79cf014bf3b0 PCI: kirin: Move the power-off code to a common routine
76afbdc76b80 PCI: kirin: Add power_off support for Kirin 960 PHY
aed9d9e44926 PCI: kirin: Allow building it as a module
a4099c59a4b8 PCI: kirin: Add MODULE_* macros
e636c1690941 PCI: kirin: Add Kirin 970 compatible
b22dbbb24571 PCI: kirin: Support PERST# GPIOs for HiKey970 external PEX 8606 bridge
1512f908f380 PCI: apple: Set up reference clocks when probing
1e33888fbe44 PCI: apple: Add initial hardware bring-up
ca25c63779ca PCI: vmd: Drop redundant includes of <asm/device.h>, <asm/msi.h>
27cd7e3c9bb1 PCI: cadence: Add cdns_plat_pcie_probe() missing return
496bb18483cc PCI: j721e: Fix j721e_pcie_probe() error path
d19afe7be126 PCI: kirin: Use regmap for APB registers
000f60db784b PCI: kirin: Add support for a PHY layer
61d37547436d PCI: kirin: Reorganize the PHY logic inside the driver
239edf686c14 PCI: aardvark: Fix support for PCI_ROM_ADDRESS1 on emulated bridge
bc4fac42e5f8 PCI: aardvark: Fix support for PCI_BRIDGE_CTL_BUS_RESET on emulated bridge
84e1b4045dc8 PCI: aardvark: Set PCI Bridge Class Code to PCI Bridge
771153fc884f PCI: aardvark: Fix support for bus mastering and PCI_COMMAND on emulated bridge
95997723b640 PCI: aardvark: Read all 16-bits from PCIE_MSI_PAYLOAD_REG
e4313be1599d PCI: aardvark: Fix return value of MSI domain .alloc() method
fd1ae23b495b PCI: Prefer 'unsigned int' over bare 'unsigned'
2bdd5238e756 PCI: mt7621: Add MediaTek MT7621 PCIe host controller driver
4caab28a6215 PCI: uniphier: Serialize INTx masking/unmasking and fix the bit operation
45a3ec891370 PCI: qcom: Add sc8180x compatible
aa9c0df98c29 PCI: qcom: Switch pcie_1_pipe_clk_src after PHY init in SC7280
b89ff410253d PCI: qcom: Replace ops with struct pcie_cfg in pcie match data
42cf2a633d5d PCI: vmd: depend on !UML
f18312084300 PCI: hv: Remove unnecessary use of %hx
2565e5b69c44 PCI: vmd: Do not disable MSI-X remapping if interrupt remapping is enabled by IOMMU
7e919677bb39 PCI: dwc: Perform host_init() before registering msi
f55fee56a631 PCI: qcom-ep: Add Qualcomm PCIe Endpoint controller driver
b2105b9f39b5 PCI: Correct misspelled and remove duplicated words
861e133ba268 PCI: rcar-host: Remove unneeded includes
c65bd90dc93e PCI: rcar-ep: Remove unneeded includes
9fe1155233c8 Merge git://git.kernel.org/pub/scm/linux/kernel/git/netdev/net
52bf8031c064 Merge tag 'hyperv-fixes-signed-20211007' of git://git.kernel.org/pub/scm/linux/kernel/git/hyperv/linux
42da7911b83a PCI: vmd: Assign a number to each VMD controller
5b8402562e55 PCI: visconti: Remove surplus dev_err() when using platform_get_irq_byname()
8faa1d2defb7 PCI: dwc: Clean up Kconfig dependencies (PCIE_DW_EP)
2908a0d81f5b PCI: dwc: Clean up Kconfig dependencies (PCIE_DW_HOST)
2b650b7ff20e PCI: aardvark: Fix reporting Data Link Layer Link Active
661c399a651c PCI: aardvark: Fix checking for link up via LTSSM state
f76b36d40bee PCI: aardvark: Fix link training
454c53271fc1 PCI: aardvark: Simplify initialization of rootcap on virtual bridge
223dec14a053 PCI: aardvark: Implement re-issuing config requests on CRS response
67cb2a4c9349 PCI: aardvark: Deduplicate code in advk_pcie_rd_conf()
1fb95d7d3c7a PCI: aardvark: Do not unmask unused interrupts
a7ca6d7fa3c0 PCI: aardvark: Do not clear status bits of masked interrupts
46ef6090dbf5 PCI: aardvark: Fix configuring Reference clock
d419052bc6c6 PCI: aardvark: Fix preserving PCI_EXP_RTCTL_CRSSVE flag on emulated bridge
464de7e7fff7 PCI: aardvark: Don't spam about PIO Response Status
a4e17d65dafd PCI: aardvark: Fix PCIe Max Payload Size setting
65315ec52c9b PCI: imx6: Remove unused assignment to variable ret
894682f0a9b3 PCI: xgene: Use PCI_VENDOR_ID_AMCC macro
5af9405397bf PCI: dra7xx: Get an optional clock
b9a6943dc891 PCI: dra7xx: Remove unused include
3b868d150efd PCI: dra7xx: Make it a kernel module
3a7fb86758c9 PCI: dwc: Export more symbols to allow modular drivers
a365023a76f2 net: qrtr: combine nameservice into main module
41608b64b10b PCI: hv: Fix sleep while in non-sleep context when removing child devices from the bus
9c566611ac5c Merge tag 'acpi-5.15-rc1-2' of git://git.kernel.org/pub/scm/linux/kernel/git/rafael/linux-pm
ac08b1c68d1b Merge tag 'pci-v5.15-changes' of git://git.kernel.org/pub/scm/linux/kernel/git/helgaas/pci
626bf91a292e Merge tag 'net-5.15-rc1' of git://git.kernel.org/pub/scm/linux/kernel/git/netdev/net
e3c825c93e62 Merge branch 'remotes/lorenzo/pci/misc'
6e129176c3af Merge branch 'remotes/lorenzo/pci/endpoint'
eccefc748e0e Merge branch 'remotes/lorenzo/pci/xilinx-nwl'
09cfc9db2db1 Merge branch 'remotes/lorenzo/pci/xgene'
4a4547db5612 Merge branch 'remotes/lorenzo/pci/tegra194'
db2d64f83703 Merge branch 'remotes/lorenzo/pci/tegra'
c2863b217edc Merge branch 'remotes/lorenzo/pci/rcar'
c501cf9cbeac Merge branch 'remotes/lorenzo/pci/mediatek'
af42a0d4a88b Merge branch 'remotes/lorenzo/pci/keembay'
c1bb1449fa8e Merge branch 'remotes/lorenzo/pci/iproc'
a1e4ca8eb963 Merge branch 'remotes/lorenzo/pci/hyper-v'
53cb14d25662 Merge branch 'remotes/lorenzo/pci/hv'
2b5a949eea28 Merge branch 'remotes/lorenzo/pci/cadence'
540267e236dd Merge branch 'remotes/lorenzo/pci/aardvark'
a549a33c37ef Merge branch 'pci/visconti'
0e52059a8256 Merge branch 'pci/rockchip-dwc'
bd8bb4d097e4 Merge branch 'pci/dwc'
dbf0b9bad040 Merge branch 'pci/artpec6'
59dc33252ee7 PCI: VMD: ACPI: Make ACPI companion lookup work for VMD bus
d2cabd2dc8da net: qrtr: revert check in qrtr_endpoint_post()
ba1dc7f273c7 Merge tag 'char-misc-5.15-rc1' of git://git.kernel.org/pub/scm/linux/kernel/git/gregkh/char-misc
0e898eb8df4e PCI: rockchip-dwc: Add Rockchip RK356X host controller driver
71121fdd79f5 PCI: dwc: Remove surplus break statement after return
30492c12d232 PCI: artpec6: Remove local code block from switch statement
ee6f85683e85 PCI: artpec6: Remove surplus break statement after return
da36024a4e83 PCI: visconti: Add Toshiba Visconti PCIe host controller driver
aaa8e4922c88 net: qrtr: make checks in qrtr_endpoint_post() stricter
0dc3ad3f859d Revert "bus: mhi: Add inbound buffers allocation flag"
97c78d0af55f Merge git://git.kernel.org/pub/scm/linux/kernel/git/netdev/net
8a2cb8bd064e Merge tag 'net-5.14-rc8' of git://git.kernel.org/pub/scm/linux/kernel/git/netdev/net
9ebc2758d0bb Revert "net: really fix the build..."
77216702c8f6 PCI: mediatek: Use PCI domain to handle ports detection
436960bb0045 PCI: mediatek: Add new method to get irq number
87e8657ba99c PCI: mediatek: Add new method to get shared pcie-cfg base address
d212dcee27c1 PCI: aardvark: Fix masking and unmasking legacy INTx interrupts
637d0957516e Merge 5.14-rc7 into char-misc-next
88f94c7f8f40 PCI: hv: Turn on the host bridge probing on ARM64
9e7f9178ab49 PCI: hv: Set up MSI domain at bridge probing time
38c0d266dc80 PCI: hv: Set ->domain_nr of pci_host_bridge at probing time
418cb6c8e051 PCI: hv: Generify PCI probing
7e78c597c3eb net: qrtr: fix another OOB Read in qrtr_endpoint_post
0c87f90b4c13 PCI: keembay: Add support for Intel Keem Bay
64f160e19e92 PCI: aardvark: Configure PCIe resources from 'ranges' DT property
c8a375a8e15a PCI: j721e: Add PCIe support for AM64
f1de58802f0f PCI: j721e: Add PCIe support for J7200
09c24094b2e3 PCI: cadence: Add quirk flag to set minimum delay in LTSSM Detect.Quiet state
f4455748b212 PCI: cadence: Use bitfield for *quirk_retrain_flag* instead of bool
e19a0adf6e8b PCI: cadence: Add support to configure virtual functions
0cf985d6119c PCI: cadence: Simplify code to get register base address for configuring BAR
53fd3cbe5e9d PCI: endpoint: Add virtual function number in pci_epc ops
a115b1bd3af0 PCI: rcar: Add L1 link state fix into data abort hook
8f6a6b3c50ce PCI: hv: Support for create interrupt v3
de0a01f52966 PCI: xilinx-nwl: Enable the clock through CCF
cbfece75186d ARM: ixp4xx: fix building both pci drivers
813272ed5238 Merge 5.14-rc5 into char-misc-next
0ca8d3ca4561 Merge git://git.kernel.org/pub/scm/linux/kernel/git/netdev/net
1e29cd9983eb PCI: rcar: Fix runtime PM imbalance in rcar_pcie_ep_probe()
61106bd2a8e4 bus: mhi: core: Improve debug messages for power up
2e36190de69c bus: mhi: core: Replace DMA allocation wrappers with original APIs
06e2c4a9eaf2 bus: mhi: core: Add range checks for BHI and BHIe
3551a30b9d4c bus: mhi: pci_generic: Set register access length for MHI driver
3aa8f43b3368 bus: mhi: core: Set BHI and BHIe pointers to NULL in clean-up
3215d8e0691b bus: mhi: core: Set BHI/BHIe offsets on power up preparation
87693e092bd0 bus: mhi: pci_generic: Add Cinterion MV31-W PCIe to MHI
0092a1e3f763 bus: mhi: Add inbound buffers allocation flag
9e4ae52cabd8 PCI: xgene-msi: Remove redundant dev_err() call in xgene_msi_probe()
fd44e8efccd4 PCI: tegra: make const array err_msg static
804b2b6f2a95 PCI: tegra: Use 'seq_puts' instead of 'seq_printf'
eff21f5da308 PCI: tegra: Fix OF node reference leak
43f5c77bcbd2 PCI: aardvark: Fix reporting CRS value
02bcec3ea559 PCI: aardvark: Increase polling delay to 1.5s while waiting for PIO response
fcb461e2bc8b PCI: aardvark: Fix checking for PIO status
f62750e6918d PCI: tegra194: Cleanup unused code
de2bbf2b71bb PCI: tegra194: Don't allow suspend when Tegra PCIe is in EP mode
834c5cf2b587 PCI: tegra194: Disable interrupts before entering L2
43537cf7e351 PCI: tegra194: Fix MSI-X programming
ceb1412c1c8c PCI: tegra194: Fix handling BME_CHGED event
aeaea8969b40 PCI: iproc: Fix BCMA probe resource handling
7ffa7542eca6 net: mhi: Remove MBIM protocol
ce78ffa3ef16 net: really fix the build...
d21faba11693 PCI: Bulk conversion to generic_handle_domain_irq()
d2e11fd2b7fc Merge git://git.kernel.org/pub/scm/linux/kernel/git/netdev/net
c7d102232649 Merge tag 'net-5.14-rc4' of git://git.kernel.org/pub/scm/linux/kernel/git/netdev/net
e129f6b5aeb3 net: mhi: Improve MBIM packet counting
52f3456a96c0 net: qrtr: fix memory leaks
6310a1526aa0 PCI: tegra: Remove unused struct tegra_pcie_bus
9f1168cf263a PCI: controller: PCI_IXP4XX should depend on ARCH_IXP4XX
29c4964822aa net: socket: rework compat_ifreq_ioctl()
b8a97f2a6538 bus: mhi: pci_generic: Fix inbound IPCR channel
546362a9ef2e bus: mhi: core: Validate channel ID when processing command completions
56f6f4c4eb2a bus: mhi: pci_generic: Apply no-op for wake using sideband wake boolean
5c2c85315948 bus: mhi: pci-generic: configurable network interface MRU
6e207b882159 Merge tag 'arm-soc-5.14' of git://git.kernel.org/pub/scm/linux/kernel/git/soc/soc
316a2c9b6a5f Merge tag 'pci-v5.14-changes' of git://git.kernel.org/pub/scm/linux/kernel/git/helgaas/pci
d58b20611059 Merge branch 'remotes/lorenzo/pci/mobiveil'
25f2d745666d Merge branch 'remotes/lorenzo/pci/microchip'
93f60bb915ca Merge branch 'remotes/lorenzo/pci/mediatek-gen3'
6b65fbf063a5 Merge branch 'remotes/lorenzo/pci/mediatek'
19a41f995801 Merge branch 'remotes/lorenzo/pci/iproc'
02722a841502 Merge branch 'remotes/lorenzo/pci/hv'
777e5e6ba918 Merge branch 'remotes/lorenzo/pci/ftpci100'
c04881e8c4a3 Merge branch 'remotes/lorenzo/pci/aardvark'
4343292f8057 Merge branch 'pci/kernel-doc'
5e0716fc26a2 Merge branch 'pci/host/xgene'
5a57de58a3d1 Merge branch 'pci/host/tegra194'
7b8f0c867a56 Merge branch 'pci/host/tegra'
d2918cb78497 Merge branch 'pci/host/rockchip'
364a716bd73e Merge branch 'pci/host/intel-gw'
662e4b03431f PCI: xgene: Annotate __iomem pointer
347269c113f1 PCI: Fix kernel-doc formatting
eed0218e8cae Merge tag 'char-misc-5.14-rc1' of git://git.kernel.org/pub/scm/linux/kernel/git/gregkh/char-misc
3cf5f7ab230e PCI: rockchip: Register IRQ handlers after device and data are ready
dbe69e433722 Merge tag 'net-next-5.14' of git://git.kernel.org/pub/scm/linux/kernel/git/netdev/net-next
e3ae2365efc1 net: sock: introduce sk_error_report
b694011a4aec Merge tag 'hyperv-next-signed-20210629' of git://git.kernel.org/pub/scm/linux/kernel/git/hyperv/linux
f67092eff2bd PCI: tegra194: Fix tegra_pcie_ep_raise_msi_irq() ill-defined shift
7f71a409fe3d PCI: aardvark: Implement workaround for the readback value of VEND_ID
8ceeac307a79 PCI: aardvark: Fix checking for PIO Non-posted Request
c4bf1f25c6c1 PCI: tegra194: Fix host initialization during resume
7bf475a4614a PCI: tegra: Add missing MODULE_DEVICE_TABLE
d2ce69ca2516 PCI: imx6: Enable PHY internal regulator when supplied >3V
7a289a164c73 PCI: imx6: Limit DBI register length for imx6qp PCIe
fd6403756f4c PCI: imx6: Remove imx6_pcie_probe() redundant error message
655832d12f22 PCI: intel-gw: Fix INTx enable
a25d144fb883 bus: mhi: pci-generic: Add missing 'pci_disable_pcie_error_reporting()' calls
02b49cd11745 bus: mhi: Wait for M2 state during system resume
44b1eba44dc5 bus: mhi: core: Fix power down latency
699409240389 wwan: core: add WWAN common private data for netdev
ca374290aaad wwan: core: support default netdev creation
9f0248ea476e wwan: core: no more hold netdev ops owning module
2dc0a201d0f5 PCI: iproc: Support multi-MSI only on uniprocessor kernel
e673d697b9a2 PCI: iproc: Fix multi-MSI base vector number allocation
3a2e476dc5d0 PCI: mediatek-gen3: Add missing MODULE_DEVICE_TABLE
7d815f4afa87 PCI: hv: Add check for hyperv_initialized in init_hv_pci_drv()
adc2e56ebe63 Merge git://git.kernel.org/pub/scm/linux/kernel/git/netdev/net
9ed13a17e38e Merge tag 'net-5.13-rc7' of git://git.kernel.org/pub/scm/linux/kernel/git/netdev/net
728a748b3ff7 Merge tag 'pci-v5.13-fixes-2' of git://git.kernel.org/pub/scm/linux/kernel/git/helgaas/pci
f18139966d07 PCI: aardvark: Fix kernel panic during PIO transfer
a512360f45c9 PCI: tegra194: Fix MCFG quirk build regressions
f7821b493458 PCI: ixp4xx: Add a new driver for IXP4xx
1d0bbbf22b74 net: mhi_net: make mhi_wwan_ops static
2214fb53006e net: mhi_net: Update the transmit handler prototype
ad9d24c9429e net: qrtr: fix OOB Read in qrtr_endpoint_post
13adac032982 net: mhi_net: Register wwan_ops for link creation
5f0c2ee1fe8d bus: mhi: pci-generic: Fix hibernation
0b67808ade88 bus: mhi: pci_generic: Fix possible use-after-free in mhi_pci_remove()
c7711c22c6eb bus: mhi: pci_generic: T99W175: update channel name from AT to DUN
326dc2e1e59a PCI: hv: Remove bus device removal unused refcount/functions
94d22763207a PCI: hv: Fix a race condition when removing the device
28bba1e22077 PCI: mediatek: Remove redundant error printing in mtk_pcie_subsys_powerup()
5be967d5016a PCI: ftpci100: Rename macro name collision
42d7a8dc195f PCI: mobiveil: Remove unused readl and writel functions
124310647429 PCI: microchip: Make the struct event_descs static
a49e72b3bda7 net: qrtr: ns: Fix error return code in qrtr_ns_init()
57151b502cbc Merge tag 'pci-v5.13-changes' of git://git.kernel.org/pub/scm/linux/kernel/git/helgaas/pci
882862aaacef Merge branch 'pci/tegra'
a147995c9f56 Merge branch 'pci/brcmstb'
a4ffbb7a96ea Merge branch 'remotes/lorenzo/pci/misc'
51bc2b7ffd5d Merge branch 'remotes/lorenzo/pci/msi'
4772ade27306 Merge branch 'remotes/lorenzo/pci/xilinx'
2a2dd35fee87 Merge branch 'remotes/lorenzo/pci/xgene'
04dcc048f343 Merge branch 'remotes/lorenzo/pci/vmd'
5b8dafa1e3b8 Merge branch 'remotes/lorenzo/pci/tegra'
98d771eb3df2 Merge branch 'remotes/lorenzo/pci/risc-v'
180594f55f69 Merge branch 'remotes/lorenzo/pci/microchip'
0b51c08bde08 Merge branch 'remotes/lorenzo/pci/mediatek'
586fbe90f830 Merge branch 'remotes/lorenzo/pci/layerscape'
1c401162ed11 Merge branch 'remotes/lorenzo/pci/iproc'
a5166a194ee4 Merge branch 'remotes/lorenzo/pci/dwc'
3ec17ca688cf Merge branch 'remotes/lorenzo/pci/cadence'
531a953da3fa Merge branch 'remotes/lorenzo/pci/brcmstb'
c57400bbe156 Merge branch 'remotes/lorenzo/pci/altera-msi'
ccfc1d557023 Merge branch 'pci/misc'
e7e21b3a339b PCI: fu740: Add SiFive FU740 PCIe host controller driver
bb610757fcd7 PCI: brcmstb: Use reset/rearm instead of deassert/assert
9d31d2338950 Merge tag 'net-next-5.13' of git://git.kernel.org/pub/scm/linux/kernel/git/netdev/net-next
d537dc125f07 PCI: mediatek-gen3: Add system PM support
1bdafba538be PCI: mediatek-gen3: Add MSI support
814cceebba9b PCI: mediatek-gen3: Add INTx support
d3bf75b579b9 PCI: mediatek-gen3: Add MediaTek Gen3 driver for MT8192
8bcca2658558 PCI: dwc: Move iATU detection earlier
7d499169f793 PCI: dwc/intel-gw: Remove unused function
294353d950ab PCI: dwc: Move dw_pcie_msi_init() to dw_pcie_setup_rc()
57fa2369ab17 Merge tag 'cfi-v5.13-rc1' of git://git.kernel.org/pub/scm/linux/kernel/git/kees/linux
6876a18d3361 Merge git://git.kernel.org/pub/scm/linux/kernel/git/netdev/net
01d713689441 Merge tag 'arm-soc-5.13' of git://git.kernel.org/pub/scm/linux/kernel/git/soc/soc
8e3a3249502d Merge tag 'char-misc-5.13-rc1' of git://git.kernel.org/pub/scm/linux/kernel/git/gregkh/char-misc
4d480dbf21f3 Merge tag 'hyperv-next-signed-20210426' of git://git.kernel.org/pub/scm/linux/kernel/git/hyperv/linux
91552ab8ffb8 Merge tag 'irq-core-2021-04-26' of git://git.kernel.org/pub/scm/linux/kernel/git/tip/tip
47a017f33943 net: qrtr: Avoid potential use after free in MHI send
753ed9c95c37 drivers: hv: Create a consistent pattern for checking Hyper-V hypercall status
645e9c38383d PCI: mediatek: Advertise lack of built-in MSI handling
9ec37efb8783 PCI/MSI: Make pci_host_common_probe() declare its reliance on MSI domains
e0fad163b6e7 PCI: hv: Drop msi_controller structure
313b64c3ae52 PCI: xilinx: Convert to MSI domains
161260e7f7bc PCI: xilinx: Don't allocate extra memory for the MSI capture address
83ed8d4fa656 PCI: rcar: Convert to MSI domains
93cd1bb4862d PCI: rcar: Don't allocate extra memory for the MSI capture address
2c99e55f7955 PCI: tegra: Convert to MSI domains
7f100744749e PCI: tegra: Add Tegra194 MCFG quirks for ECAM errata
b1160a06e0ea PCI: altera-msi: Remove redundant dev_err call in altera_msi_probe()
87db343f809d PCI: mediatek: Add missing MODULE_DEVICE_TABLE
31d8df9f4ae5 Merge tag 'mhi-for-v5.13' of git://git.kernel.org/pub/scm/linux/kernel/git/mani/mhi into char-misc-next
8859a44ea0df Merge git://git.kernel.org/pub/scm/linux/kernel/git/netdev/net
683e77cadc83 bus: mhi: core: Fix shadow declarations
4f0f586bf0c8 treewide: Change list_sort to use const pointers
5859c926d1f0 PCI: tegra: Fix runtime PM imbalance in pex_ep_event_pex_rst_deassert()
5630c1009bd9 bus: mhi: pci_generic: Constify mhi_controller_config struct definitions
aac426562f56 bus: mhi: pci_generic: Introduce Foxconn T99W175 support
ec32332df764 bus: mhi: core: Sanity check values from remote device before use
213e12205232 PCI: xilinx-nwl: Enable coherent PCIe DMA traffic using CCI
11134390d742 bus: mhi: pci_generic: Add FIREHOSE channels
757072abe1c0 bus: mhi: pci_generic: Implement PCI shutdown callback
8aaa288f709e bus: mhi: core: Remove __ prefix for MHI channel unprepare function
8e06e9fb9909 bus: mhi: core: Check channel execution environment before issuing reset
47705c084659 bus: mhi: core: Clear configuration from channel context during reset
73b7aebcc8cb bus: mhi: core: Hold device wake for channel update commands
cde61bb0470d bus: mhi: core: Update debug messages to use client device
3317dc6cea29 bus: mhi: core: Improvements to the channel handling state machine
4e44ae3d6d9c bus: mhi: core: Clear context for stopped channels from remove()
5a62e39b45b5 bus: mhi: core: Allow sending the STOP channel command
49d38ebb6faa bus: mhi: pci_generic: Add SDX65 based modem support
eee87072e2fb bus: mhi: core: Remove pre_init flag used for power purposes
8f910c8c2a97 bus: mhi: pm: reduce PM state change verbosity
4547a749be99 bus: mhi: core: Fix MHI runtime_pm behavior
3cbf7530a163 qrtr: Convert qrtr_ports from IDR to XArray
79d056976485 bus: mhi: core: Move to polling method to wait for MHI ready
1a42aef25880 bus: mhi: core: Introduce internal register poll helper function
19e60d6e88a6 bus: mhi: core: Improve state strings for debug messages
e72919cebd19 bus: mhi: core: Wait for MHI READY state in most scenarios
d20e82d4d016 bus: mhi: core: Identify Flash Programmer as a mission mode use case
66ac7985b2af bus: mhi: core: Add support for Flash Programmer execution environment
ad416db9fabe bus: mhi: core: Handle EDL mode entry appropriately
4f214496ac74 bus: mhi: core: Wait for ready after an EDL firmware download
418bec695696 bus: mhi: core: Rely on accurate method to determine EDL mode
d4707d79fae0 PCI: xgene: Fix cfg resource mapping
8a03dd925786 net: qrtr: Fix memory leak on qrtr_tx_wait failure
cda1893e9f7c net: mhi: remove pointless conditional before kfree_skb()
3af562a37b7f net: mhi: Allow decoupled MTU/MRU
d9f0713c9217 net: mhi: Add support for non-linear MBIM skb processing
31ec9c274646 PCI: mediatek: Configure FC and FTS for functions other than 0
49e0efdce791 PCI: j721e: Add support to provide refclk to PCIe connector
021a90fe60ea PCI: mobiveil: Improve PCIE_LAYERSCAPE_GEN4 dependencies
10739e2a5e83 PCI: tegra: Fix typo for PCIe endpoint mode in Tegra194
b5d9209d5083 PCI: brcmstb: Fix error return code in brcm_pcie_probe()
1b7996a528b3 PCI: layerscape: Correct syntax by changing comma to semicolon
3d0b2a3a87ce PCI: keystone: Let AM65 use the pci_ops defined in pcie-designware-host.c
6e7628c8c3c1 PCI: microchip: Remove dev_err() when handing an error from platform_get_irq()
2c61f32124b0 PCI: microchip: Make some symbols static
1e83130f01b0 PCI: iproc: Fix return value of iproc_msi_irq_domain_alloc()
ee81ee84f873 PCI: vmd: Disable MSI-X remapping when possible
d895ce703098 PCI: tegra: Constify static structs
be4017cea0ae PCI: hv: Use tasklet_disable_in_atomic()
9e40641f62cd bus: mhi: core: Check state before processing power_down
68731852f6e5 bus: mhi: core: Return EAGAIN if MHI ring is full
70f7025c854c bus: mhi: core: remove redundant initialization of variables state and ee
50535249f624 net: qrtr: fix a kernel-infoleak in qrtr_recvmsg()
43395d9e0912 PCI: Fix kernel-doc errors
6e5a1fff9096 PCI: Avoid building empty drivers
16f7ae5906df PCI: thunder: Fix compile testing
59521c3c4b90 PCI: al: Select CONFIG_PCI_ECAM
6403298c58d4 bus: mhi: core: Fix check for syserr at power_up
aaca4233ea03 bus: mhi: core: Update debug prints to include local device state
ef2126c4e2ea bus: mhi: core: Process execution environment changes serially
4884362f6977 bus: mhi: core: Download AMSS image from appropriate function
925089c1900f bus: mhi: core: Destroy SBL devices when moving to mission mode
020d3b26c07a bus: mhi: Early MHI resume failure in non M3 state
8de5ad994143 bus: mhi: core: Add missing checks for MMIO register entries
e5b53b5be677 bus: mhi: core: Rename debugfs directory name
0ecc1c70dcd3 bus: mhi: core: Fix invalid error returning in mhi_queue
0fccbf0a3b69 bus: mhi: pci_generic: Remove WQ_MEM_RECLAIM flag from state workqueue
d3800c1dce24 bus: mhi: pci_generic: Add support for runtime PM
e89878aa4b79 bus: mhi: pci_generic: Use generic PCI power management
e3e5e6508fc1 bus: mhi: pci_generic: No-Op for device_wake operations
59d05b71729b bus: mhi: pci_generic: Add SDX24 based modem support
ac4bf60bbaa0 bus: mhi: pci_generic: Introduce quectel EM1XXGR-L support
9ea48efdc528 bus: mhi: pci_generic: Parametrable element count for events
e259c2926c01 PCI: pci-dra7xx: Prepare for deferred probe with module_platform_driver
179d0ba0c454 net: qrtr: fix error return code of qrtr_sendmsg()
093b036aa94e net/qrtr: fix __netdev_alloc_skb call
5ad3dbab569a Merge tag 'net-5.12-rc1' of git://git.kernel.org/pub/scm/linux/kernel/git/netdev/net
5b47b10e8fb9 Merge tag 'pci-v5.12-changes' of git://git.kernel.org/pub/scm/linux/kernel/git/helgaas/pci
e18fb64b7986 Merge branch 'remotes/lorenzo/pci/misc'
88d2ec1c0d64 Merge branch 'remotes/lorenzo/pci/xilinx'
0a437c50f896 Merge branch 'remotes/lorenzo/pci/tango'
ce96d1d7b8ea Merge branch 'pci/rockchip'
4ab5718c3146 Merge branch 'remotes/lorenzo/pci/rcar'
9da5366938ad Merge branch 'pci/qcom'
2ef38d7e2b01 Merge branch 'pci/ntb'
52c1de640eae Merge branch 'pci/microchip'
4842b3869e4a Merge branch 'remotes/lorenzo/pci/mediatek'
b994a66a9d98 Merge branch 'pci/layerscape'
29b10c606f1a Merge branch 'pci/dwc'
59189d06e06c Merge branch 'remotes/lorenzo/pci/cadence'
93aed5215dca Merge branch 'remotes/lorenzo/pci/brcmstb'
2cfef1971aea PCI: qcom: Use PHY_REFCLK_USE_PAD only for ipq8064
7081556f81f7 PCI: qcom: Add support for ddrss_sf_tbu clock
e229b429bb4a Merge tag 'char-misc-5.12-rc1' of git://git.kernel.org/pub/scm/linux/kernel/git/gregkh/char-misc
2a34b86f9fc8 PCI: al: Remove useless dw_pcie_ops
a2f882d84406 PCI: dwc: Don't assume the ops in dw_pcie always exist
5b4cf0f65324 PCI: dwc: Add upper limit address for outbound iATU
3856e1c5b88e PCI: dwc: Change size to u64 for EP outbound iATU
2f5ab5afe018 PCI: dwc: Drop support for config space in 'ranges'
7007b745a508 PCI: layerscape: Convert to builtin_platform_driver()
5bfb792f210c PCI: layerscape: Add LX2160A rev2 EP mode support
6104033bd25e PCI: dwc: Work around ECRC configuration issue
fc0494ead639 net: qrtr: Fix memory leak in qrtr_tun_open
58adbfb3ebec PCI: rockchip: Make 'ep-gpios' DT property optional
a62074a9ba85 PCI: cadence: Configure LM_EP_FUNC_CFG based on epc->function_num_map
dbcc542f3608 PCI: cadence: Implement ->msi_map_irq() ops
6f15a9c9f941 PCI: microchip: Add Microchip PolarFire PCIe controller driver
791c9f143c77 PCI: Call platform_set_drvdata earlier in devm_pci_alloc_host_bridge
9c5b80b795e9 Merge tag 'hyperv-next-signed-20210216' of git://git.kernel.org/pub/scm/linux/kernel/git/hyperv/linux
1002573ee33e PCI: cadence: Fix DMA range mapping early return error
b59fb7b60d47 asm-generic/hyperv: update hv_interrupt_entry
163c5e6262ae net: mhi: Add mbim proto
84c55f16dcd7 net: mhi: Add rx_length_errors stat
77e8080e1272 net: mhi: Create mhi.h
b6ec6b894270 net: mhi: Add dedicated folder
dc9d87581d46 Merge git://git.kernel.org/pub/scm/linux/kernel/git/netdev/net
4740b969aaf5 PCI: cadence: Retrain Link to work around Gen2 training defect
db4e8de1935b mhi: Fix double dma free
37f1cda4381f Merge tag 'mhi-for-v5.12' of git://git.kernel.org/pub/scm/linux/kernel/git/mani/mhi into char-misc-next
026c5b1ec29c bus: mhi: pci_generic: Increase num of elements in hw event ring
1e2f29ba83c5 mhi: pci_generic: Print warning in case of firmware crash
2a80c1581237 net/qrtr: restrict user-controlled length in qrtr_tun_write_iter()
2bca263cdab1 Merge branch 'mhi-net-immutable' of https://git.kernel.org/pub/scm/linux/kernel/git/mani/mhi
c77bfb541743 PCI: hv: Fix typo
cc4a08cd09e4 PCI: xgene: Fix CRS SV comment
77f2cb28ae52 Merge branch 'mhi-net-immutable' into mhi-next
87baa23e0236 bus: mhi: core: Add helper API to return number of free TREs
42814c438aac PCI: mediatek: Add missing of_node_put() to fix reference leak
ae191d2e513a PCI: xilinx-cpm: Fix reference count leak on error path
de9427ca87cf PCI: Remove tango host controller driver
a8f75cb348fd mhi: core: Factorize mhi queuing
cdce2663ffb8 Merge branch 'mhi-ath11k-immutable' into mhi-next
6ffcc18d9c0b mhi: use irq_flags if controller driver configures it
b91c3b30e226 mhi: pci_generic: Fix shared MSI vector support
f49b6aeb5c45 bus: mhi: Ensure correct ring update ordering with memory barrier
5ce6697a4460 PCI: brcmstb: Remove chained IRQ handler and data in one go
ff591f7490cf PCI: Drop PCIE_RCAR config option
0cdfaceb9889 PCI: brcmstb: support BCM4908 with external PERST# signal controller
a93c00e5f975 PCI: xgene-msi: Fix race in installing chained irq handler
ad1cc6b75a79 PCI: dwc: Remove IRQ handler and data in one go
3f0ea2360e48 PCI: altera-msi: Remove IRQ handler and data in one go
c4e0fec2f7ee PCI: rcar: Always allocate MSI addresses in 32bit space
4beb17e553b4 net: qrtr: fix null-ptr-deref in qrtr_ns_remove
ec751369d6fb mhi: pci_generic: Set irq moderation value to 1ms for hw channels
4da3d07db8ae mhi: pci_generic: Add diag channels
84026a5bbc11 mhi: pci_generic: Increase controller timeout value
8562d4fe34a3 mhi: pci_generic: Add health-check
b012ee6bfe2a mhi: pci_generic: Add PCI error handlers
7389337f0a78 mhi: pci_generic: Add suspend/resume/recovery procedure
8ccc3279fcad mhi: pci_generic: Add support for reset
eb96787a5da8 mhi: pci_generic: Enable burst mode for hardware channels
d9f23ea69d41 mhi: pci-generic: Increase number of hardware events
b5a8d233a588 bus: mhi: core: Add device hardware reset support
40f78232f973 Merge tag 'pci-v5.11-fixes-1' of git://git.kernel.org/pub/scm/linux/kernel/git/helgaas/pci
99e629f14b47 PCI: dwc: Fix inverted condition of DMA mask setup warning
275e88b06a27 PCI: tegra: Fix host link initialization
3913d00ac51a Merge tag 'irq-core-2020-12-23' of git://git.kernel.org/pub/scm/linux/kernel/git/tip/tip
489e9fea66f3 Merge tag 'pci-v5.11-changes' of git://git.kernel.org/pub/scm/linux/kernel/git/helgaas/pci
2911ed9f47b4 Merge tag 'char-misc-5.11-rc1' of git://git.kernel.org/pub/scm/linux/kernel/git/gregkh/char-misc
d635a69dd498 Merge tag 'net-next-5.11' of git://git.kernel.org/pub/scm/linux/kernel/git/netdev/net-next
f7ce6838763f Merge branch 'remotes/lorenzo/pci/vmd'
b9efb854e9fd Merge branch 'remotes/lorenzo/pci/rcar'
28e77bcf4436 Merge branch 'remotes/lorenzo/pci/keystone'
4cc0a34ae2a1 Merge branch 'remotes/lorenzo/pci/iproc'
ff9f1683b630 Merge branch 'remotes/lorenzo/pci/dwc'
ee4871d0102b Merge branch 'remotes/lorenzo/pci/cadence'
0032242459e7 Merge branch 'remotes/lorenzo/pci/brcmstb'
7546ad5e3c20 Merge branch 'remotes/lorenzo/pci/aardvark'
b8fecfdfb08d PCI: mobiveil: Use irq_data_get_irq_chip_data()
e56427068a8d PCI: xilinx-nwl: Use irq_data_get_irq_chip_data()
148842c98a24 Merge tag 'x86-apic-2020-12-14' of git://git.kernel.org/pub/scm/linux/kernel/git/tip/tip
cddadae9748c PCI: xgene: Removed unused ".bus_shift" initialisers from pci-xgene.c
ce0602990fb7 PCI: vmd: Update type of the __iomem pointers
63eab4944e4f PCI: iproc: Convert to use the new ECAM constants
31a8cdb7ef80 PCI: thunder-pem: Add constant for custom ".bus_shift" initialiser
e7708f5b10e2 PCI: Unify ECAM constants in native PCI Express drivers
7aa256234c4c PCI: j721e: Get offset within "syscon" from "ti,syscon-pcie-ctrl" phandle arg
660c486590aa PCI: dwc: Set 32-bit DMA mask for MSI target address allocation
4c9398822106 PCI: qcom: Add support for configuring BDF to SID mapping for SM8250
e1dd639e374a PCI: qcom: Add SM8250 SoC support
cf68e3b7a6b7 PCI: tegra: Disable LTSSM during L2 entry
3d710af75bcd PCI: tegra: Check return value of tegra_pcie_init_controller()
b8f0d67149ac PCI: tegra: Continue unconfig sequence even if parts fail
01254b6d6bb3 PCI: tegra: Set DesignWare IP version
6b6fafc1abc7 PCI: tegra: Fix ASPM-L1SS advertisement disable code
1d1cd163d0de PCI: aardvark: Update comment about disabling link training
846c3c9cfe8a Merge tag 'wireless-drivers-next-2020-12-03' of git://git.kernel.org/pub/scm/linux/kernel/git/kvalo/wireless-drivers-next
888982a84752 Merge tag 'mhi-for-v5.11' of git://git.kernel.org/pub/scm/linux/kernel/git/mani/mhi into char-misc-next
4ea6fa2cb921 mhi: pci_generic: Fix implicit conversion warning
89828f632dec bus: mhi: core: Fix error handling in mhi_register_controller()
d5353c00cfd9 PCI: tegra: Read "dbi" base address to program in application logic
369b868f4a2e PCI: tegra: Move "dbi" accesses to post common DWC initialization
778f7c194b1d PCI: dwc: exynos: Rework the driver to support Exynos5433 variant
7698c0f1558a PCI: iproc: Enhance PCIe Link information display
89bbcaac3dff PCI: iproc: Invalidate correct PAXB inbound windows
a3ff529f5d36 PCI: iproc: Fix out-of-bound array accesses
10ea8bcda5ae bus: mhi: core: Fix device hierarchy
206e7383b343 bus: mhi: core: Indexed MHI controller name
f6b7bb847ca8 PCI: vmd: Offset Client VMD MSI-X vectors
e87d17ca6af5 PCI: cadence: Do not error if "cdns,max-outbound-regions" is not found
ddaff0af6531 PCI: brcmstb: Initialize "tmp" before use
6e8e137abeab PCI: rcar: Drop unused members from struct rcar_pcie_host
7b7e4cee0299 Merge branch 'mhi-ath11k-immutable' into mhi-next
2ca7e30d3b1e net: qrtr: Unprepare MHI channels during remove
281f1f99cf3a PCI: dwc: Detect number of iATU windows
9ca17af552bc PCI: dwc: Move inbound and outbound windows to common struct
fcde397422ef Revert "PCI: dwc/keystone: Drop duplicated 'num-viewport'"
60f5b73fa0f2 PCI: dwc: Remove unnecessary wrappers around dw_pcie_host_init()
b9ac0f9dc8ea PCI: dwc: Move dw_pcie_setup_rc() to DWC common code
59fbab1ae40e PCI: dwc: Move dw_pcie_msi_init() into core
886a9c134755 PCI: dwc: Move link handling into common code
f78f02638af5 PCI: dwc: Rework MSI initialization
5bcb1757e637 PCI: dwc: Move MSI interrupt setup into DWC common code
331e9bcead52 PCI: dwc: Drop the .set_num_vectors() host op
7f170d35f583 PCI: dwc/dra7xx: Use the common MSI irq_chip
458ad06c4cdd PCI: dwc: Ensure all outbound ATU windows are reset
1cc9a559993a PCI: dwc/intel-gw: Remove some unneeded function wrappers
a0fd361db8e5 PCI: dwc: Move "dbi", "dbi2", and "addr_space" resource setup into common code
1d567aac4610 PCI: dwc/intel-gw: Move ATU offset out of driver match data
476b70b4d1ad PCI: keystone: Enable compile-testing on !ARM
74081de4a1f7 PCI: dwc: Add support to program ATU for >4GB memory
9f9e59a48095 PCI: dwc: Support multiple ATU memory regions
6cc1716102b5 bus: mhi: core: Remove MHI event ring IRQ handlers when powering down
a03c7a86e127 bus: mhi: core: Mark and maintain device states early on after power down
556bbb442bbb bus: mhi: core: Separate system error and power down handling
40c3127187cb bus: mhi: core: Check for IRQ availability during registration
dc53d862eab8 bus: mhi: core: Move to an error state on mission mode failure
faa257075bcc bus: mhi: core: Use appropriate label in firmware load handler API
12e050c77be0 bus: mhi: core: Move to an error state on any firmware load failure
0c76b3fa580d bus: mhi: core: Prevent sending multiple RDDM entry callbacks
3fb81a4d5f2f bus: mhi: core: Move to SYS_ERROR regardless of RDDM capability
8e0559921f9a bus: mhi: core: Skip device wake in error or shutdown states
8f7039787687 bus: mhi: core: Move to using high priority workqueue
1b55c16a5e47 bus: mhi: core: Use appropriate names for firmware load functions
da7bdbf67db2 bus: mhi: core: Skip RDDM download for unknown execution environment
9e1660e5c396 bus: mhi: core: Rename RDDM download function to use proper words
bca7218099e0 bus: mhi: core: Remove unused mhi_fw_load_worker() declaration
78e1d22687ff bus: mhi: core: Expose mhi_get_exec_env() API for controllers
a8ca15a9c73f bus: mhi: core: Add missing EXPORT_SYMBOL for mhi_get_mhi_state()
56c8ea864018 bus: mhi: core: Remove unnecessary counter from mhi_firmware_copy()
a7f422f2f89e bus: mhi: Fix channel close issue on driver remove
f4d0b39c8425 bus: mhi: core: Fix null pointer access when parsing MHI configuration
855a70c12021 bus: mhi: Add MHI PCI support for WWAN modems
8ff3f7bdde45 bus: mhi: core: fix potential operator-precedence with BHI macros
9b627c25e708 bus: mhi: core: Remove double locking from mhi_driver_remove()
a2e2cc0dbb11 net: qrtr: Start MHI channels during init
ed5298c7d500 bus: mhi: Remove auto-start option
90829f07baea net: qrtr: Release distant nodes along the bridge node
f7dec6cb914c net: qrtr: Add GFP flags parameter to qrtr_alloc_ctrl_packet
0baa99ee353c net: qrtr: Allow non-immediate node routing
87f547c108e4 net: qrtr: Allow forwarded services
ae068f561baa net: qrtr: Fix port ID for control messages
ae0d0bb29b31 Merge git://git.kernel.org/pub/scm/linux/kernel/git/netdev/net
d8c4a2236385 bus: mhi: Add mhi_queue_is_full function
832ea234277a PCI: mvebu: Fix duplicate resource requests
9fff3256f93d PCI: dwc: Restore ATU memory resource setup to use last entry
e16c8058a10b PCI: vmd: Use msi_msg shadow structs
721612994f53 x86/apic: Cleanup delivery mode defines
00937f36b09e Merge tag 'pci-v5.10-changes' of git://git.kernel.org/pub/scm/linux/kernel/git/helgaas/pci
28e34e751f6c Merge branch 'remotes/lorenzo/pci/xilinx'
4c0e51f8054c Merge branch 'remotes/lorenzo/pci/xgene'
a2340daa6a8c Merge branch 'pci/vmd'
214b2e042fba Merge branch 'remotes/lorenzo/pci/tegra'
f95f023d11a0 Merge branch 'remotes/lorenzo/pci/rcar'
3b353982202b Merge branch 'remotes/lorenzo/pci/qcom'
be36e9b97144 Merge branch 'remotes/lorenzo/pci/mvebu'
4f317eac2f65 Merge branch 'remotes/lorenzo/pci/mobiveil'
92f27db7b1bd Merge branch 'remotes/lorenzo/pci/meson'
1f287b5ce5e7 Merge branch 'remotes/lorenzo/pci/loongson'
29828fc20ab1 Merge branch 'remotes/lorenzo/pci/kirin'
7ba381c449fd Merge branch 'remotes/lorenzo/pci/iproc'
982f8334262d Merge branch 'remotes/lorenzo/pci/imx6'
9d69d649bbf8 Merge branch 'remotes/lorenzo/pci/hv'
924bb1f9b014 Merge branch 'remotes/lorenzo/pci/dwc'
a78f2e07d047 Merge branch 'remotes/lorenzo/pci/cadence'
a66999a3440a Merge branch 'remotes/lorenzo/pci/brcmstb'
d1640a83073c Merge branch 'remotes/lorenzo/pci/aardvark'
03b482e2432c Merge branch 'remotes/lorenzo/pci/apei'
93c9fce7d5f3 PCI: vmd: Update VMD PM to correctly use generic PCI PM
875b4e2a93bb PCI: vmd: Create IRQ allocation helper
1552b11ba15e PCI: vmd: Create IRQ Domain configuration helper
2e1224183b1b PCI: vmd: Create bus offset configuration helper
030109c0376c PCI: vmd: Create physical offset helper
58e0cd3e23ea PCI: v3-semi: Remove unneeded break
15b23906347c PCI: dwc: Add link up check in dw_child_pcie_ops.map_bus()
726eb70e0d34 Merge tag 'char-misc-5.10-rc1' of git://git.kernel.org/pub/scm/linux/kernel/git/gregkh/char-misc
c6dbef730762 Merge tag 'usb-5.10-rc1' of git://git.kernel.org/pub/scm/linux/kernel/git/gregkh/usb
4907a43da831 Merge tag 'hyperv-next-signed' of git://git.kernel.org/pub/scm/linux/kernel/git/hyperv/linux
07940c369a6b PCI: dwc: Fix MSI page leakage in suspend/resume
742833249198 PCI: dwc: Skip PCIE_MSI_INTR0* programming if MSI is disabled
b101a39897d8 PCI: keystone: Remove iATU register mapping
13ab639ed48c PCI: dwc: Add common iATU register support
cc7343724eb7 Merge tag 'x86-irq-2020-10-12' of git://git.kernel.org/pub/scm/linux/kernel/git/tip/tip
936452941cbe PCI: iproc: Fix using plain integer as NULL pointer in iproc_pcie_pltfm_probe
082bb94fe18e net: qrtr: ns: Fix the incorrect usage of rcu_read_lock()
165563c05088 Merge git://git.kernel.org/pub/scm/linux/kernel/git/netdev/net
a98d2187efd9 PCI: meson: Build as module by default
168ae5a74b4a Merge 5.9-rc8 into usb-next
4d9c3a688a01 Merge tag 'pci-v5.9-fixes-2' of git://git.kernel.org/pub/scm/linux/kernel/git/helgaas/pci
b0c6ae0f8948 PCI: aardvark: Fix initialization with old Marvell's Arm Trusted Firmware
026b940f18bc PCI: xgene: Remove unused assignment to variable msi_val
9846155b00fe PCI: loongson: Simplify loongson_pci_probe() return expression
9aae3af8767c PCI: cadence: Simplify cdns_pcie_host_init_address_translation() return expression
df7fc0556112 PCI: mobiveil: Simplify mobiveil_pcie_init_irq_domain() return expression
0c3c87d2b270 PCI: iproc: Use module_bcma_driver to simplify the code
1f66d95efdb7 PCI: brcmstb: Add bcm7211, bcm7216, bcm7445, bcm7278 to match list
20b1d6ba606c PCI: brcmstb: Set bus max burst size by chip type
3baec684a531 PCI: brcmstb: Accommodate MSI for older chips
52ded9e4f07b PCI: brcmstb: Set additional internal memory DMA viewport sizes
740d6c3708a9 PCI: brcmstb: Add control of rescal reset
915cff7f38c5 PCI: hv: Fix hibernation in case interrupts are not re-created
9e8c8cc44f35 bus: mhi: debugfs: Print channel context read-pointer
5fc4997fd9d0 bus: mhi: core: Fix the building of MHI module
9654ab011e28 bus: mhi: Remove unused nr_irqs_req variable
b0fc0167f254 bus: mhi: core: Allow shared IRQ for event rings
21cb9b18edea bus: mhi: core: Introduce sysfs entries for MHI
c7bd825e52b3 bus: mhi: core: Introduce debugfs entries for MHI
e0af24acdabc bus: mhi: Fix entries based on Kconfig coding style
f38173a731ca bus: mhi: core: Add const qualifier to MHI config information
f42dfbe8f712 bus: mhi: core: Introduce APIs to allocate and free the MHI controller
8e3729bfa7be bus: mhi: core: Read and save device hardware information from BHI
601455dae00a bus: mhi: core: Introduce counters to track MHI device state transitions
a6c1fff8571a bus: mhi: core: Introduce helper function to check device state
5aa93f0576b4 bus: mhi: core: Use generic name field for an MHI device
870f81bd28f2 bus: mhi: core: Trigger host resume if suspended during mhi_device_get()
8b53087cab61 bus: mhi: core: Use helper API to trigger a non-blocking host resume
515847c557dd bus: mhi: core: Abort suspends due to outgoing pending packets
bcbaccdf9fbe bus: mhi: core: Remove double occurrence for mhi_ctrl_ev_task() declaration
a7809ff90ce6 net: qrtr: ns: Protect radix_tree_deref_slot() using rcu read locks
ecc3e424d190 PCI: kirin: Return -EPROBE_DEFER in case the gpio isn't ready
ce31ff786ddf PCI: dwc: Fix 'cast truncates bits from constant value'
cd198909d680 PCI: tegra: Convert to use DEFINE_SEQ_ATTRIBUTE macro
6d2730cb1121 PCI: hv: Document missing hv_pci_protocol_negotiation() parameter
1b6a0e43a1a1 PCI: layerscape: Add EP mode support for ls1088a and ls2088a
e64844b6da31 PCI: layerscape: Modify the MSIX to the doorbell mode
cc255eb0bfbe PCI: layerscape: Modify the way of getting capability with different PEX
20e458fb92af PCI: layerscape: Fix some format issue of the code
47a062609a30 PCI: designware-ep: Modify MSI and MSIX CAP way of finding
6bfc9c3a2c70 PCI: designware-ep: Move the function of getting MSI capability forward
2f7f7001d0e5 PCI: designware-ep: Add the doorbell mode of MSI-X in EP mode
24ede430fa49 PCI: designware-ep: Add multiple PFs support for DWC
04356ac30771 PCI: brcmstb: Add bcm7278 PERST# support
8195b7417018 PCI: brcmstb: Add suspend and resume pm_ops
1cf1b0a6dd95 PCI: brcmstb: Add bcm7278 register info
b927ad3405f9 PCI: brcmstb: PCIE_BRCMSTB depends on ARCH_BRCMSTB
077ee78e3928 PCI/MSI: Make arch_.*_msi_irq[s] fallbacks selectable
d7f954e54079 PCI_vmd_Mark_VMD_irqdomain_with_DOMAIN_BUS_VMD_MSI
9006c133a422 x86/msi: Use generic MSI domain ops
3b9c1d377d67 x86/msi: Consolidate MSI allocation
585dfe8abc44 PCI: vmd: Dont abuse vector irqomain as parent
acb52897cc84 PCI: hip: Add handling of HiSilicon HIP PCIe controller errors
fdd056ff7af4 PCI: dwc: Use DBI accessors
aeaa0bfe8965 PCI: dwc: Move N_FTS setup to common setup
d439e7edd134 PCI: dwc/intel-gw: Drop unused max_width
cf854be2d9a3 PCI: dwc/intel-gw: Move getting PCI_CAP_ID_EXP offset to intel_pcie_link_setup()
b02b06a74b01 PCI: dwc/intel-gw: Drop unnecessary checking of DT 'device_type' property
441e48fdf0b4 PCI: dwc: Set PORT_LINK_DLL_LINK_EN in common setup code
39bc5006501c PCI: dwc: Centralize link gen setting
3ca1a42a52ca net: qrtr: check skb_put_padto() return value
e338eecf3fe7 PCI: rockchip: Fix bus checks in rockchip_pcie_valid_device()
eb7eacaa5b9e PCI: iproc: Set affinity mask on MSI interrupts
d5071f086bac PCI: mvebu: Remove useless msi_controller pointer allocation
b04a6b9d395d PCI: dwc: Make ATU accessors private
903d69f83c6b PCI: dwc: Remove read_dbi2 code
84667a416d42 PCI: dwc/tegra: Use common Designware port logic register definitions
fb7652327101 PCI: dwc: Remove hardcoded PCI_CAP_ID_EXP offset
7b87ddc04b36 PCI: dwc/qcom: Use common PCI register definitions
201a8df89952 PCI: dwc/imx6: Use common PCI register definitions
2f2cea1ea70a PCI: dwc/meson: Rework PCI config and DW port logic register accesses
15efab2b8934 PCI: dwc/meson: Drop unnecessary RC config space initialization
244c40cc28b1 PCI: dwc/meson: Drop the duplicate number of lanes setup
cff9244432e8 PCI: dwc: Ensure FAST_LINK_MODE is cleared
6ffc02d23631 PCI: dwc: Add a 'num_lanes' field to struct dw_pcie
574523dcfc63 PCI: dwc/imx6: Remove duplicate define PCIE_LINK_WIDTH_SPEED_CONTROL
cf627713e3c0 PCI: dwc: Check CONFIG_PCI_MSI inside dw_pcie_msi_init()
421063efaf1e PCI: dwc/keystone: Drop duplicated 'num-viewport'
2ef6b06a0475 PCI: dwc: Simplify config space handling
0f71c60ffd26 PCI: dwc: Remove storing of PCI resources
5808d43e7c91 PCI: dwc: Remove root_bus pointer
1df793054859 PCI: dwc: Convert to use pci_host_probe()
6ab15b5e7057 PCI: dwc: keystone: Convert .scan_bus() callback to use add_bus
c2b0c098fbd1 PCI: dwc: Use generic config accessors
7975c8cc8ed8 PCI: dwc: Remove dwc specific config accessor ops
c4a42ee9acfb PCI: dwc: histb: Use pci_ops for root config space accessors
08d2209e798a PCI: dwc: exynos: Use pci_ops for root config space accessors
6408e6a7f9ee PCI: dwc: kirin: Use pci_ops for root config space accessors
e0ceb8f90b80 PCI: dwc: meson: Use pci_ops for root config space accessors
692ccce7f0c5 PCI: dwc: tegra: Use pci_ops for root config space accessors
10a797c6e54a PCI: dwc: keystone: Use pci_ops for config space accessors
fffbb0ba8e75 PCI: dwc: al: Use pci_ops for child config space accessors
27e7ed018113 PCI: dwc: Add a default pci_ops.map_bus for root port
c7e592a6a541 PCI: cadence-ep: Remove obsolete path from comment
61660dbf08e1 PCI: imx6: Do not output error message when devm_clk_get() failed with -EPROBE_DEFER
73abd0bf89d2 PCI: imx6: Use fallthrough pseudo-keyword
44c9b4cc3467 PCI: rcar-gen2: Use fallthrough pseudo-keyword
d0c6a3475b03 PCI: aardvark: Move PCIe reset card code to advk_pcie_train_link()
526a76991b7b PCI: aardvark: Implement driver 'remove' function and allow to build it as module
7862a6134456 PCI: aardvark: Check for errors from pci_bridge_emul_init() call
b32c012e4b98 PCI: aardvark: Fix compilation on s390
d3d4d028afb7 PCI: qcom: Make sure PCIe is reset before init for rev 2.1.0
7d69b117c313 PCI: xilinx-cpm: Remove leftover bridge initialization
d27b1cdc10e7 PCI: tegra: No need to check return value of debugfs_create() functions
444ddca52484 PCI: dwc: Allow overriding bridge pci_ops
f81c770df72e PCI: dwc: Use DBI accessors instead of own config accessors
16270a923557 PCI: designware-ep: Fix the Header Type check
5fedf0d295d3 Merge 5.9-rc3 into usb-next
df561f6688fe treewide: Use fallthrough pseudo-keyword
f48cc509c935 Revert "PCI: brcmstb: Wait for Raspberry Pi's firmware when present"
8dfddfb79653 net: qrtr: fix usage of idr in port assignment to socket
049eb096da48 Merge tag 'pci-v5.9-changes' of git://git.kernel.org/pub/scm/linux/kernel/git/helgaas/pci
47ec5303d73e Merge git://git.kernel.org/pub/scm/linux/kernel/git/netdev/net-next
6f119ec8d9c8 Merge branch 'pci/irq-error'
65c2bc6ce972 Merge branch 'pci/doc'
49e427e6bdd1 Merge branch 'pci/host-probe-refactor'
f8917db95667 Merge branch 'pci/xilinx-cpm'
3f379177e44f Merge branch 'remotes/lorenzo/pci/vmd'
fa6cc79a3edf Merge branch 'remotes/lorenzo/pci/tegra'
21c04e050e5c Merge branch 'remotes/lorenzo/pci/runtime-pm'
a07a20b191c6 Merge branch 'remotes/lorenzo/pci/mvebu'
64d293d8ac87 Merge branch 'remotes/lorenzo/pci/loongson'
98f5c57a4e8f Merge branch 'remotes/lorenzo/pci/hv'
26418025ce0b Merge branch 'remotes/lorenzo/pci/dwc'
13a77336f4f5 Merge branch 'remotes/lorenzo/pci/cadence'
5b17dbab2630 Merge branch 'remotes/lorenzo/pci/aardvark'
9b41d19aff40 PCI: Fix kerneldoc warnings
508f610648b9 PCI: xilinx-cpm: Add Versal CPM Root Port driver
b64aa11eb2dd PCI: Set bridge map_irq and swizzle_irq to default functions
669cbc708122 PCI: Move DT resource setup into devm_pci_alloc_host_bridge()
4a957563fe02 PCI: rcar-gen2: Convert to use modern host bridge probe functions
3b4b84b2ea99 Merge tag 'irq-urgent-2020-08-02' of git://git.kernel.org/pub/scm/linux/kernel/git/tip/tip
caecb05c8000 PCI: Remove dev_err() when handing an error from platform_get_irq()
f3e25911a430 PCI: j721e: Add TI J721E PCIe driver
3ef5d16f50f8 PCI: cadence: Add MSI-X support to Endpoint driver
a459d9e10788 PCI: hv: Make some functions static
a6fbb4a4a7f0 PCI: tegra: Remove PLL power supplies
c2fa6cf76d20 PCI: dwc: hisi: Remove non-ECAM HiSilicon hip05/hip06 driver
e3bca37d15dc PCI: cadence: Fix updating Vendor ID and Subsystem Vendor ID register
d07701a17aec PCI: cadence: Add new *ops* for CPU addr fixup
c4c10c0125a7 PCI: cadence: Allow pci_host_bridge to have custom pci_ops
40d957e6f9eb PCI: cadence: Add support to start link and verify link status
a8b661eb50ab PCI: cadence: Convert all r/w accessors to perform only 32-bit accesses
19abcd790b51 PCI: cadence: Fix cdns_pcie_{host|ep}_setup() error path
5d3d063abb27 PCI: cadence: Use "dma-ranges" instead of "cdns,no-bar-match-nbits" property
d6af2ed29c7c PCI: hv: Fix a timing issue which causes kdump to fail occasionally
a57066b1a019 Merge git://git.kernel.org/pub/scm/linux/kernel/git/netdev/net
1b64b2e2444c Merge git://git.kernel.org/pub/scm/linux/kernel/git/netdev/net into master
af9f691f0f5b qrtr: orphan socket in qrtr_release()
b411b2e1adb9 PCI: rcar: Use struct pci_host_bridge.windows list directly
61f11f8250e2 PCI: rcar: Use devm_pci_alloc_host_bridge()
ec64e2795988 PCI: cadence: Remove private bus number and range storage
06ff98fcc4a7 PCI: cadence: Use bridge resources for outbound window setup
4f5c883d7815 PCI: Move setting pci_host_bridge.busnr out of host drivers
6176a5f32751 PCI: rcar: Use pci_is_root_bus() to check if bus is root bus
d84c572de1a3 PCI: rockchip: Use pci_is_root_bus() to check if bus is root bus
49169c255c99 PCI: xilinx: Use pci_is_root_bus() to check if bus is root bus
77fc9aa96943 PCI: xilinx-nwl: Use pci_is_root_bus() to check if bus is root bus
388637d972db PCI: mobiveil: Use pci_is_root_bus() to check if bus is root bus
552549386624 PCI: designware: Use pci_is_root_bus() to check if bus is root bus
11e97973607f PCI: aardvark: Use pci_is_root_bus() to check if bus is root bus
d3bb94d06aae PCI: Drop unnecessary zeroing of bridge fields
6a589900d050 PCI: Set default bridge parent device
79cbde56f98b PCI: versatile: Drop flag PCI_ENABLE_PROC_DOMAINS
da30e8bc9acc PCI: controller: Remove duplicate error message
a68e06e729b1 PCI: rcar: Fix runtime PM imbalance on error
ec0160891e38 irqdomain/treewide: Free firmware node after domain removal
70e380250c36 PCI: aardvark: Don't touch PCIe registers if no card connected
14110af60696 PCI: loongson: Use DECLARE_PCI_FIXUP_EARLY for bridge_class_quirk()
e7b856dfcec6 PCI: tegra: Revert tegra124 raw_violation_fixup
a44d9e72100f net: make ->{get,set}sockopt in proto_ops optional
9413cd7792dc Merge tag 'irq-urgent-2020-07-19' of git://git.kernel.org/pub/scm/linux/kernel/git/tip/tip into master
936fa5cd7b8e PCI: dwc: Convert to devm_platform_ioremap_resource_byname()
e3beca48a45b irqdomain/treewide: Keep firmware node unconditionally allocated
216f8e95aacc PCI: mvebu: Setup BAR0 in order to fix MSI
3cf0eead9fb8 PCI: controller: Convert to devm_platform_ioremap_resource()
e2dcd20b1645 PCI: controller: Convert to devm_platform_ioremap_resource_byname()
78aada4b05bd PCI: xilinx: Use pci_host_probe() to register host
dd58950f9875 PCI: xilinx-nwl: Use pci_host_probe() to register host
f473182c7524 PCI: rockchip: Use pci_host_probe() to register host
56d292348470 PCI: rcar: Use pci_host_probe() to register host
81ce3cf4a246 PCI: iproc: Use pci_host_probe() to register host
c63aed7334c2 PCI: altera: Use pci_host_probe() to register host
97c5372aeb5b PCI: xgene: Use pci_host_probe() to register host
a4b21b858b56 PCI: versatile: Use pci_host_probe() to register host
d7169a94f1ba PCI: v3: Use pci_host_probe() to register host
67047e8bc8aa PCI: tegra: Use pci_host_probe() to register host
1f9b751220ce PCI: mobiveil: Use pci_host_probe() to register host
a37571fa9c04 PCI: brcmstb: Use pci_host_probe() to register host
e63434f4cc0d PCI: host-common: Use struct pci_host_bridge.windows list directly
824001cb64c0 PCI: qcom: Replace define with standard value
51ed2c2b6026 PCI: qcom: Support pci speed set for ipq806x
8df093fe2ae1 PCI: qcom: Add ipq8064 rev2 variant
de3c4bf64897 PCI: qcom: Add support for tx term offset for rev 2.1.0
5149901e9e6d PCI: qcom: Define some PARF params needed for ipq8064 SoC
6a114526af46 PCI: qcom: Use bulk clk api and assert on error
ee367e2cdd22 PCI: qcom: Add missing reset for ipq806x
dd58318c019f PCI: qcom: Change duplicate PCI reset to phy reset
8b6f0330b5f9 PCI: qcom: Add missing ipq806x clocks in PCIe driver
b1bd5714472c PCI: aardvark: Indicate error in 'val' when config read fails
cb52a4020242 PCI: qcom: Fix runtime PM imbalance on error
7a790087c1ad PCI: cadence: Fix runtime PM imbalance on error
c2615d620a85 PCI: dwc: pci-dra7xx: Fix runtime PM imbalance on error
51f939b11cb1 PCI: vmd: Use Shadow MEMBAR registers for QEMU/KVM guests
c322fa0b3fa9 PCI: mvebu: Use struct pci_host_bridge.windows list directly
24344226f66b PCI: cadence: Use struct pci_host_bridge.windows list directly
8ff41cc21714 net: qrtr: Fix an out of bounds read qrtr_endpoint_post()
28541f3d324f net: qrtr: free flow in __qrtr_node_release
7ecd4a817510 PCI: Replace http:// links with https://
a7f7f6248d97 treewide: replace '---help---' in Kconfig files with 'help'
9aa900c8094d Merge tag 'char-misc-5.8-rc1' of git://git.kernel.org/pub/scm/linux/kernel/git/gregkh/char-misc
3925c3bbdf88 Merge tag 'pci-v5.8-changes' of git://git.kernel.org/pub/scm/linux/kernel/git/helgaas/pci
2bd81cd04a3f Merge branch 'remotes/lorenzo/pci/vmd'
5a881eb3d138 Merge branch 'remotes/lorenzo/pci/v3-semi'
62e8a5ad4732 Merge branch 'remotes/lorenzo/pci/tegra'
51755de7398c Merge branch 'remotes/lorenzo/pci/rcar'
7c9908d3c8ef Merge branch 'remotes/lorenzo/pci/hv'
d388e541e2e3 Merge branch 'remotes/lorenzo/pci/host-generic'
b9fcf4910b72 Merge branch 'remotes/lorenzo/pci/dwc'
712879510fa4 Merge branch 'remotes/lorenzo/pci/cadence'
a1dcc1aa6f67 Merge branch 'remotes/lorenzo/pci/brcmstb'
754262d1befb Merge branch 'remotes/lorenzo/pci/altera'
075a383389d7 Merge branch 'remotes/lorenzo/pci/aardvark'
9f91d05e4aac Merge branch 'pci/misc'
8d7e33d6811f PCI: uniphier: Add Socionext UniPhier Pro5 PCIe endpoint controller driver
cb8e59cc8720 Merge git://git.kernel.org/pub/scm/linux/kernel/git/netdev/net-next
6b2591c21273 Merge tag 'hyperv-next-signed' of git://git.kernel.org/pub/scm/linux/kernel/git/hyperv/linux
8226f11318bd Merge tag 'mips_5.8' of git://git.kernel.org/pub/scm/linux/kernel/git/mips/linux
fcee90cdf6f3 PCI: tegra: Fix runtime PM imbalance on error
1806c13dc253 Merge git://git.kernel.org/pub/scm/linux/kernel/git/netdev/net
c6e08d6251f3 net: qrtr: Allocate workqueue before kernel_bind
3e5095eebe01 PCI: vmd: Filter resource type bits from shadow register
1c1dbb2c0262 PCI: tegra194: Fix runtime PM imbalance on error
d0684fd0bd79 PCI: hv: Use struct_size() helper
1f58cca5cf2b PCI: Add Loongson PCI Controller support
13209a8f7304 Merge git://git.kernel.org/pub/scm/linux/kernel/git/netdev/net
caffb99b6929 Merge git://git.kernel.org/pub/scm/linux/kernel/git/netdev/net
03f8c1b350d0 PCI: dwc: Use private data pointer of "struct irq_domain" to get pcie_port
87dccf09323f PCI: amlogic: meson: Don't use FAST_LINK_MODE to set up link
0414b93e78d8 PCI: dwc: Fix inner MSI IRQ domain registration
c8a119779f56 PCI: dwc: pci-dra7xx: Use devm_platform_ioremap_resource_byname()
558c1225a2f3 PCI: dwc: intel: Make intel_pcie_cpu_addr() static
668b4490a3a5 PCI: dwc: Program outbound ATU upper limit register
2a6d0d63d999 PCI: rcar: Add endpoint mode support
d45e3c1a5979 PCI: endpoint: Add support to handle multiple base for mapping outbound memory
e18d4e9fa79b bus: mhi: core: Handle syserr during power_up
3bc1a5f43161 bus: mhi: core: Handle write lock properly in mhi_pm_m0_transition
30b7892417c5 bus: mhi: core: Do not process SYS_ERROR if RDDM is supported
ada5e1def5da bus: mhi: core: Skip handling BHI irq if MHI reg access is not allowed
3c1bd0047124 bus: mhi: core: Handle disable transitions in state worker
bc7ccce5a519 bus: mhi: core: Remove the system error worker thread
0ab9fcd0e7b2 bus: mhi: core: Ensure non-zero session or sequence ID values are used
0a895f091ebd bus: mhi: core: Improve debug logs for loading firmware
a21eaf592fad bus: mhi: core: Return appropriate error codes for AMSS load failure
560e3a045961 bus: mhi: core: Handle firmware load using state worker
ee75cedf82d8 bus: mhi: core: Read transfer length from an event properly
020960685041 bus: mhi: core: Add range check for channel id received in event ring
44d4e063d18b bus: mhi: core: Cache intmod from mhi event to mhi channel
cd116318803f bus: mhi: core: Refactor mhi queue APIs
d28ea1fbbf43 net: qrtr: Fix passing invalid reference to qrtr_local_enqueue()
7fb39bf2a1de PCI: cadence: Fix to read 32-bit Vendor ID/Device ID property from DT
9e2618c3f1a9 PCI: cadence: Remove "cdns,max-outbound-regions" DT property
96be36dbffac PCI: aardvark: Replace custom macros by standard linux/pci_regs.h macros
366697018c9a PCI: aardvark: Add PHY support
b2a56469d550 PCI: aardvark: Add FIXME comment for PCIE_CORE_CMD_STATUS_REG access
5169a9851daa PCI: aardvark: Issue PERST via GPIO
43fc679ced18 PCI: aardvark: Improve link training
90c6cb4a355e PCI: aardvark: Don't blindly enable ASPM L0s and don't write to read-only register
6964494582f5 PCI: aardvark: Train link immediately after enabling training
da07f52d3caf Merge git://git.kernel.org/pub/scm/linux/kernel/git/netdev/net
1ea34b298855 bus: mhi: core: Fix some error return code
44331189f908 PCI: brcmstb: Wait for Raspberry Pi's firmware when present
0584bff09629 PCI: Check for platform_get_irq() failure consistently
c81992e7f4aa PCI: hv: Retry PCI bus D0 entry on invalid device state
83cc3508ffaa PCI: hv: Fix the PCI HyperV probe failure path to release resource properly
caab002d5069 PCI: brcmstb: Disable L0s component of ASPM if requested
077a4fa92a61 PCI: brcmstb: Fix window register offset from 4 to 8
b382e4a0a18f PCI: brcmstb: Don't clk_put() a managed clock
22e21e51ce75 PCI: brcmstb: Assert fundamental reset on initialization
975cf23e3aa8 PCI: endpoint: Pass page size as argument to pci_epc_mem_init()
328263687148 PCI: rcar: Fix calculating mask for PCIEPAMR register
78a0d7f2f5a3 PCI: rcar: Move shareable code to a common file
a18f4b6ea50b PCI: rcar: Rename pcie-rcar.c to pcie-rcar-host.c
63605f1cfcc5 PCI: tegra: Fix reporting GPIO error value
dd92b0133a78 Merge 5.7-rc5 into char-misc-next
e42671084361 net: qrtr: Do not depend on ARCH_QCOM
6e728f321393 net: qrtr: Add MHI transport layer
ce351636c67f PCI: rcar: Add suspend/resume
2b9f217433e3 PCI: rcar: Fix incorrect programming of OB windows
b2f75a41eaa6 PCI: host-generic: Eliminate pci_host_common_probe wrappers
f0e1d3ac2d7c bus: mhi: core: Fix channel device name conflict
45723a44845c bus: mhi: core: Offload register accesses to the controller
85a087df4a71 bus: mhi: core: Remove link_status() callback
ce312258084e bus: mhi: core: Make sure to powerdown if mhi_sync_power_up fails
c96efe265692 PCI: altera: Clean up indentation issue on a return statement
bca718988b90 PCI: v3-semi: Fix a memory leak in v3_pci_probe() error handling paths
819482a96790 PCI: dwc: Make hisi_pcie_platform_ops static
bf7116204657 PCI: dwc: Clean up computing of msix_tbl
0c59c06a7c90 PCI: host-generic: Support building as modules
0b104773b4f7 PCI: Constify struct pci_ecam_ops
522587e7c008 bus: mhi: core: Fix a NULL vs IS_ERR check in mhi_create_devices()
0c6b20a1d720 bus: mhi: core: Add support for MHI suspend and resume
fbedda4e4dc5 PCI: keystone: Don't select CONFIG_PCI_KEYSTONE_HOST by default
94b84ac1979b PCI: dra7xx: Don't select CONFIG_PCI_DRA7XX_HOST by default
240ad77cb50d PCI: hv: Prepare hv_compose_msi_msg() for the VMBus-channel-interrupt-to-vCPU reassignment functionality
dfddb54043f0 net: qrtr: Add tracepoint support
6dbf02acef69 net: qrtr: send msgs from local of same id as broadcast
86f26a77cb0c Merge tag 'pci-v5.7-changes' of git://git.kernel.org/pub/scm/linux/kernel/git/helgaas/pci
0ad5b053d438 Merge tag 'char-misc-5.7-rc1' of git://git.kernel.org/pub/scm/linux/kernel/git/gregkh/char-misc
5f38dec435b2 Merge branch 'remotes/lorenzo/pci/tegra'
a9dcb025d31e Merge branch 'remotes/lorenzo/pci/qcom'
d09fca9ecddb Merge branch 'remotes/lorenzo/pci/mobiveil'
a29a44c19711 Merge branch 'remotes/lorenzo/pci/hv'
b16f2ab280f9 Merge branch 'remotes/lorenzo/pci/endpoint'
cc36a451e403 Merge branch 'remotes/lorenzo/pci/dwc'
d620d86426ba Merge branch 'remotes/lorenzo/pci/amlogic'
54455238be89 PCI: tegra: Print -EPROBE_DEFER error message at debug level
146d32880796 PCI: keystone: Allow AM654 PCIe Endpoint to raise MSI-X interrupt
6f5e193bfb55 PCI: dwc: Fix dw_pcie_ep_raise_msix_irq() to get correct MSI-X table address
83153d9f36e2 PCI: endpoint: Fix ->set_msix() to take BIR and offset as arguments
c57247f940e8 PCI: tegra: Add support for PCIe endpoint mode in Tegra194
9a5595ab21a9 PCI: dwc: pci-dra7xx: Fix MSI IRQ handling
3eb583a6d0ae bus: mhi: core: Drop the references to mhi_dev in mhi_destroy_device()
93e17a44347a bus: mhi: core: Initialize bhie field in mhi_cntrl for RDDM capture
3316ab2b45f6 bus: mhi: core: Add support for reading MHI info from device
821747386cb6 bus: mhi: core: Pass module owner during client driver registration
3baf89abca19 bus/mhi: fix printk format for size_t
e6b0de469c5b bus: mhi: core: Add uevent support for module autoloading
189ff97cca53 bus: mhi: core: Add support for data transfer
1d3173a3bae7 bus: mhi: core: Add support for processing events from client device
6fdfdd27328c bus: mhi: core: Add support for downloading RDDM image during panic
cd457afb1667 bus: mhi: core: Add support for downloading firmware over BHIe
3000f85b8f47 bus: mhi: core: Add support for basic PM operations
a6e2e3522f29 bus: mhi: core: Add support for PM state transitions
6cd330ae76ff bus: mhi: core: Add support for ringing channel/event ring doorbells
da1c4f856924 bus: mhi: core: Add support for creating and destroying MHI devices
e755cadb0171 bus: mhi: core: Add support for registering MHI client drivers
0cbf260820fa bus: mhi: core: Add support for registering MHI controllers
863bba34d2f4 PCI: mobiveil: Fix unmet dependency warning for PCIE_MOBIVEIL_PLAT
92a17e5c7949 PCI: mobiveil: Fix sparse different address space warnings
1d3435793123 Merge git://git.kernel.org/pub/scm/linux/kernel/git/netdev/net
6348a34dcb98 PCI: Use pci_speed_string() for all PCI/PCI-X/PCIe strings
1cf106d93245 PCI: hv: Introduce hv_msi_entry
61bfd920abbf PCI: hv: Move retarget related structures into tlfs header
b00f80fcfaa0 PCI: hv: Move hypercall related definitions into tlfs header
067fb6c97e7e PCI: hv: Replace zero-length array with flexible-array member
999dd956d838 PCI: hv: Add support for protocol 1.3 and support PCI_BUS_RELATIONS2
f9ad0f361cf3 PCI: hv: Decouple the func definition in hv_dr_state from VSP message
1e6bbc468893 PCI: amlogic: Use AXG PCIE
71046abfffe9 net: qrtr: Fix FIXME related to qrtr_ns_init()
a1dc1d6a05a7 net: qrtr: Respond to HELLO message
73a7a271b3ee PCI: brcmstb: Fix build on 32bit ARM platforms with older compilers
9baeea50718f net: qrtr: Fix error pointer vs NULL bugs
604f3956524a PCI: qcom: Fix the fixup of PCI_VENDOR_ID_QCOM
ac37dde72177 PCI: dwc: Add API to notify core initialization completion
e966f7390da9 PCI: dwc: Refactor core initialization code for EP mode
13ef6ae8c0d9 net: qrtr: fix spelling mistake "serivce" -> "service"
94e99b194e5f PCI: tegra: Use pci_parse_request_of_pci_ranges()
42c3d41832ef PCI: hv: Add missing kfree(hbus) in hv_pci_probe()'s error handling path
e658a4fea8ef PCI: hv: Remove unnecessary type casting from kzalloc
31d6cbeeb880 net: qrtr: Fix the local node ID as 1
0c2204a4ad71 net: qrtr: Migrate nameservice to kernel from userspace
d29ad70a813b PCI: mobiveil: Add PCIe Gen4 RC driver for Layerscape SoCs
11d22cc395ca PCI: mobiveil: Add Header Type field check
029dea3cdc67 PCI: mobiveil: Add 8-bit and 16-bit CSR register accessors
52cae4c7082f PCI: mobiveil: Allow mobiveil_host_init() to be used to re-init host
fc99b3311af7 PCI: mobiveil: Add callback function for link up check
ed620e96541f PCI: mobiveil: Add callback function for interrupt initialization
03bdc3884019 PCI: mobiveil: Modularize the Mobiveil PCIe Host Bridge IP driver
39e3a03eea5b PCI: mobiveil: Collect the interrupt related operations into a function
2ba24842d6b4 PCI: mobiveil: Move the host initialization into a function
1f442218d657 PCI: mobiveil: Introduce a new structure mobiveil_root_port
45586c7078d4 treewide: remove redundant IS_ERR() before error code check
26dca6dbd62d Merge tag 'pci-v5.6-changes' of git://git.kernel.org/pub/scm/linux/kernel/git/helgaas/pci
01b810ed7187 Merge branch 'remotes/lorenzo/pci/uniphier'
b647d2bd8064 Merge branch 'remotes/lorenzo/pci/tegra'
c11dfed9caa2 Merge branch 'remotes/lorenzo/pci/qcom'
d86936363c10 Merge branch 'remotes/lorenzo/pci/misc'
518fc4a3a609 Merge branch 'remotes/lorenzo/pci/keystone'
4c6a8fe3aaa5 Merge branch 'remotes/lorenzo/pci/dwc'
61d02c37fcd0 Merge branch 'remotes/lorenzo/pci/brcmstb'
db83c269d225 Merge branch 'pci/host-vmd'
db51b4c85fb7 PCI: vmd: Add two VMD Device IDs
bd2463ac7d7e Merge git://git.kernel.org/pub/scm/linux/kernel/git/netdev/net-next
40ca1bf580ef PCI: brcmstb: Add MSI support
c0452137034b PCI: brcmstb: Add Broadcom STB PCIe host controller driver
6a1000bd2703 Merge tag 'ioremap-5.6' of git://git.infradead.org/users/hch/ioremap
962e329d888c PCI: vmd: Remove dma_map_ops overrides
34067c56fa17 x86/PCI: Expose VMD's pci_dev in struct pci_sysdata
b0de922af53e PCI: keystone: Fix error handling when "num-viewport" DT property is not populated
e04df98adf7d net: qrtr: Remove receive worker
f16a4b26f31f net: qrtr: Make qrtr_port_lookup() use RCU
0a7e0d0ef054 net: qrtr: Migrate node lookup tree to spinlock
5fdeb0d372ab net: qrtr: Implement outgoing flow control
cb6530b99faf net: qrtr: Move resume-tx transmission to recvmsg
d36925be5382 PCI: uniphier: remove module code from built-in driver
a0601a1f1dee PCI: exynos: Rename Exynos to lowercase
21a92676e1fe PCI: tegra: Fix afi_pex2_ctrl reg offset for Tegra30
885199148442 PCI: tegra: Fix return value check of pm_runtime_get_sync()
2d0c3fbe43fa PCI: keystone: Fix outbound region mapping
6df19872d881 PCI: keystone: Fix link training retries initiation
ed8cc3b1fc84 PCI: qcom: Add support for SDM845 PCIe controller
6fd622c226e6 PCI: artpec6: Configure FTS with dwc helper function
ed22aaaede44 PCI: dwc: intel: PCIe RC controller driver
4bdc0d676a64 remove ioremap_nocache and devm_ioremap_nocache
ce57785bf91b net: qrtr: fix len of skb_put_padto in qrtr_node_enqueue
574f29036fce PCI: iproc: Apply quirk_paxc_bridge() for module as well as built-in
ca01e7987463 PCI: rockchip: Fix IO outbound ATU register number
c3bed3b20e40 Merge tag 'pci-v5.5-changes' of git://git.kernel.org/pub/scm/linux/kernel/git/helgaas/pci
7e124c405172 Merge branch 'pci/trivial'
48617f03c940 Merge branch 'remotes/lorenzo/pci/misc'
7bd4c4a7b0ff Merge branch 'remotes/lorenzo/pci/mmio-dma-ranges'
d8ddab63635d Merge branch 'remotes/lorenzo/pci/vmd'
77471510559c Merge branch 'remotes/lorenzo/pci/uniphier'
b19c3f46caf8 Merge branch 'remotes/lorenzo/pci/tegra'
069ade5dfec9 Merge branch 'remotes/lorenzo/pci/rockchip'
21cea0c0eaba Merge branch 'remotes/lorenzo/pci/rcar'
4940330a3696 Merge branch 'remotes/lorenzo/pci/mobiveil'
30c50d3a26a5 Merge branch 'remotes/lorenzo/pci/meson'
e63758e2790f Merge branch 'remotes/lorenzo/pci/layerscape'
132c4a6b544a Merge branch 'remotes/lorenzo/pci/iproc'
4eb87ddf390e Merge branch 'remotes/lorenzo/pci/hv'
d76d273dc861 Merge branch 'remotes/lorenzo/pci/dwc'
ba7e87c5dd63 Merge branch 'remotes/lorenzo/pci/cadence'
318ed91f36f9 Merge branch 'remotes/lorenzo/pci/aardvark'
774800cb099f Merge branch 'pci/resource'
877b911a5ba0 PCI: hv: Avoid a kmemleak false positive caused by the hbus buffer
14ef39fddd23 PCI: hv: Change pci_protocol_version to per-hbus
ac82fc832708 PCI: hv: Add hibernation support
a8e37506e79a PCI: hv: Reorganize the code in preparation of hibernation
36533f355b1a PCI: Fix indentation
4b1140ade8f5 PCI: uniphier: Set mode register to host mode
bbd8810d3998 PCI: Remove unused includes and superfluous struct declaration
65e3c803e7a4 x86/PCI: Correct SPDX comment style
1e4d40186026 PCI: rockchip: Make some regulators non-optional
085f793984ad PCI: rcar: Use inbound resources for setup
b9ae59b30bcf PCI: iproc: Use inbound resources for setup
6dce5aa59e0b PCI: xgene: Use inbound resources for setup
070d7d70291c PCI: v3-semi: Use inbound resources for setup
ea4f718e8455 PCI: ftpci100: Use inbound resources for setup
331f63457165 PCI: of: Add inbound resource parsing to helpers
ec11e5c213cc PCI: vmd: Add device id for VMD device 8086:9A0B
08bcdd22ecdb PCI: vmd: Add bus 224-255 restriction decode
7c7e53e1c93d PCI: rcar: Fix missing MACCTLR register setting in initialization sequence
de80f95ccb9c PCI: cadence: Move all files to per-device cadence directory
bd22885aa188 PCI: cadence: Refactor driver to use as a core library
767c7846419c PCI: rcar: Recalculate inbound range alignment for each controller entry
85bff4c3d320 PCI: rcar: Move the inbound index check
af072edb8355 PCI: rcar: Remove unnecessary header include (../pci.h)
7973eb13aecf PCI: layerscape: Add LS1028a support
21d8bd123ac4 net: qrtr: Simplify 'qrtr_tun_release()'
ecf8fd6d917d PCI: versatile: Enable COMPILE_TEST
2999dea8e94a PCI: versatile: Remove usage of PHYS_OFFSET
f9f4fdaa3509 PCI: versatile: Use pci_parse_request_of_pci_ranges()
3c65ebff8fae PCI: xilinx-nwl: Use pci_parse_request_of_pci_ranges()
ee352c272e41 PCI: xilinx: Use pci_parse_request_of_pci_ranges()
83083e241d48 PCI: xgene: Use pci_parse_request_of_pci_ranges()
e0aebfe84a2f PCI: v3-semi: Use pci_parse_request_of_pci_ranges()
62240a88004b PCI: rockchip: Drop storing driver private outbound resource data
5c1306a0fde6 PCI: rockchip: Use pci_parse_request_of_pci_ranges()
6c6a0dff0641 PCI: mobiveil: Use pci_parse_request_of_pci_ranges()
8a26f861b815 PCI: mediatek: Use pci_parse_request_of_pci_ranges()
7ef1c871da16 PCI: iproc: Use pci_parse_request_of_pci_ranges()
783a862563f7 PCI: faraday: Use pci_parse_request_of_pci_ranges()
7fe71aa84b43 PCI: dwc: Use pci_parse_request_of_pci_ranges()
e634e3e0b790 PCI: altera: Use pci_parse_request_of_pci_ranges()
4e5be6f81be7 PCI: aardvark: Use pci_parse_request_of_pci_ranges()
9415743e4c8a PCI: iproc: Invalidate PAXB address mapping before programming it
ff5c2bb9c6f5 PCI: tegra: Fix CLKREQ dependency programming
e078723f9ccc PCI: aardvark: Fix big endian support
80aed7dc6d36 PCI: mvebu: mvebu_pcie_map_registers __iomem fix
8990e381d188 PCI: mvebu: Make mvebu_pci_bridge_emul_ops static
a243bf39d8be PCI: iproc-msi: Fix __iomem annotation in decode_msi_hwirq()
1137e61dcb99 PCI: dwc: Fix find_next_bit() usage
4906c05b87d4 PCI: mobiveil: Fix csr_read()/write() build issue
4ff9f68f8378 PCI: amlogic: meson: Add support for G12A
eacaf7dcf08e PCI: amlogic: Fix probed clock names
4d3186a525b3 PCI: amlogic: Fix reset assertion via gpio descriptor
7fbcb5da811b PCI: aardvark: Don't rely on jiffies while holding spinlock
c0f05a6ab525 PCI: aardvark: Fix PCI_EXP_RTCTL register configuration
f4c7d053d7f7 PCI: aardvark: Wait for endpoint to be ready before training link
364b3f1ff8f0 PCI: aardvark: Use LTSSM state to build link training flag
c9c13ba428ef PCI: Add PCI_STD_NUM_BARS for the number of standard BARs
02dc96ef6c25 Merge git://git.kernel.org/pub/scm/linux/kernel/git/netdev/net
299d14d4c31a Merge tag 'pci-v5.4-changes' of git://git.kernel.org/pub/scm/linux/kernel/git/helgaas/pci
c5048a73b477 Merge branch 'pci/trivial'
cdc7e184abb3 Merge branch 'remotes/lorenzo/pci/vmd'
3efa7f1febe6 Merge branch 'lorenzo/pci/tegra'
4597905ee429 Merge branch 'remotes/lorenzo/pci/mobiveil'
e4faafbf5c3f Merge branch 'remotes/lorenzo/pci/misc'
8b38b5f2cf92 Merge branch 'remotes/lorenzo/pci/mediatek'
5adc7d510627 Merge branch 'remotes/lorenzo/pci/layerscape'
708824167830 Merge branch 'remotes/lorenzo/pci/imx'
a40c4b379f57 Merge branch 'remotes/lorenzo/pci/hv'
b83e445d462a Merge branch 'remotes/lorenzo/pci/dwc'
af47f25f33f7 Merge branch 'remotes/lorenzo/pci/al'
73f0c11d1132 net: qrtr: Stop rx_worker before freeing node
0a901f213080 PCI: tegra: Add support to enable slot regulators
f4ff4faf894d PCI: tegra: Add support to configure sideband pins
81160dda9a7a Merge git://git.kernel.org/pub/scm/linux/kernel/git/netdev/net-next
a572ba63298d Merge branch 'irq-core-for-linus' of git://git.kernel.org/pub/scm/linux/kernel/git/tip/tip
a1a30170138c PCI: vmd: Fix shadow offsets to reflect spec changes
e3dffa4f6c36 PCI: vmd: Fix config addressing when using bus offsets
0b24134f7888 PCI: dwc: Add validation that PCIe core is set to correct mode
a8daea947549 PCI: dwc: al: Add Amazon Annapurna Labs PCIe controller driver
aa2eaa8c272a Merge git://git.kernel.org/pub/scm/linux/kernel/git/netdev/net
a21b7f0cff19 net: qrtr: fix memort leak in qrtr_tun_write_iter
f73f8a504e27 PCI: hv: Use bytes 4 and 5 from instance ID as the PCI domain numbers
56e15a238d92 PCI: tegra: Add Tegra194 PCIe support
c1e33666c94f PCI: iproc: Propagate errors for optional PHYs
8f9e1641ba44 PCI: histb: Propagate errors for optional regulators
e7a877b2fa79 PCI: armada8x: Propagate errors for optional PHYs
2170a09fb4b0 PCI: imx6: Propagate errors for optional regulators
ddd6960087d4 PCI: exynos: Propagate errors for optional PHYs
0e3ff0ac5f71 PCI: rockchip: Propagate errors for optional regulators
55507aea5882 PCI: Remove unnecessary returns
66de33f09fd9 PCI: dwc: Return directly when num-lanes is not found
348dd93e40c1 PCI: hv: Add a Hyper-V PCI interface driver for software backchannel interface
e5d2f910cfec PCI: hv: Add a paravirtual backchannel in software
df901c85cc28 PCI: mobiveil: Fix the CPU base address setup in inbound window
5ae6393e6d41 PCI: kirin: Make structure kirin_dw_pcie_ops constant
be700103efd1 PCI: hv: Detect and fix Hyper-V PCI domain number collision
075af61c19cd PCI: imx6: Limit DBI register length
b5b24617987f PCI: layerscape: Add CONFIG_PCI_LAYERSCAPE_EP to build EP/RC separately
fd5d16531a39 PCI: layerscape: Add the bar_fixed_64bit property to the endpoint driver
07f123def73e PCI: dwc: Add support to enable CDM register check
feee519ae55c PCI: dwc: Export dw_pcie_wait_for_link() API
5b0841fa653f PCI: dwc: Add extended configuration space capability search API
7a6854f6874f PCI: dwc: Move config space capability search API
3924bc2fd1b6 PCI: dwc: Group DBI registers writes requiring unlocking
533ca1feed98 PCI: hv: Avoid use of hv_pci_dev->pci_slot after freeing it
9e38e690ace3 PCI: tegra: Fix OF node reference leak
467a3bb97432 PCI: hv: Allocate a named fwnode instead of an address-based one
0cccd42e6193 PCI: mediatek: Add controller support for MT7629
befa45fb5bdd PCI: Use devm_add_action_or_reset()
fb4da215ed92 Merge tag 'pci-v5.3-changes' of git://git.kernel.org/pub/scm/linux/kernel/git/helgaas/pci
7b4b0f6b34d8 Merge branch 'pci/trivial'
916f12e494d7 Merge branch 'remotes/lorenzo/pci/xilinx'
6bfc0c07cdb7 Merge branch 'remotes/lorenzo/pci/tegra'
757410bd97ca Merge branch 'remotes/lorenzo/pci/qcom'
3d663fc0f2b0 Merge branch 'remotes/lorenzo/pci/mobiveil'
caa98440ac53 Merge branch 'remotes/lorenzo/pci/hv'
6c90132f0e5f Merge branch 'remotes/lorenzo/pci/dwc'
8e7bc41cdcfe Merge branch 'remotes/lorenzo/pci/armada'
381ed79c8655 PCI: dwc: pci-dra7xx: Fix compilation when !CONFIG_GPIOLIB
f6b6aefee70a PCI: Fix typos and whitespace errors
8a4f9fea2697 PCI: mobiveil: Fix INTx interrupt clearing in mobiveil_pcie_isr()
526c101dde64 PCI: mobiveil: Fix infinite-loop in the INTx handling function
fe83fa7e7eac PCI: mobiveil: Move PCIe PIO enablement out of inbound window routine
4e00aca3ba0b PCI: mobiveil: Add upper 32-bit PCI base address setup in inbound window
6f7374b871d5 PCI: mobiveil: Add upper 32-bit CPU base address setup in outbound window
7717c7d7da31 PCI: mobiveil: Mask out hardcoded bits in inbound/outbound windows setup
cf22c591f93d PCI: mobiveil: Clear the control fields before updating it
4b7e2e59f0e5 PCI: mobiveil: Add configured inbound windows counter
ccd34dac2ed5 PCI: mobiveil: Fix the valid check for inbound and outbound windows
ea0f1c959fb7 PCI: mobiveil: Clean-up program_{ib/ob}_windows()
afd899d3c854 PCI: mobiveil: Remove an unnecessary return value check
e0a7e56368a4 PCI: mobiveil: Fix error return values
f97441f4c398 PCI: mobiveil: Refactor the MEM/IO outbound window initialization
91347af1c5c3 PCI: mobiveil: Make some register updates more readable
e369faf6255d PCI: mobiveil: Reformat the code for readability
cbd50b3ca396 PCI: mobiveil: Fix devfn check in mobiveil_pcie_valid_device()
6f3ab451aa5c PCI: mobiveil: Initialize Primary/Secondary/Subordinate bus numbers
284441a9662c PCI: mobiveil: Move IRQ chained handler setup out of DT parse
40af900c5f12 PCI: mobiveil: Move the link up waiting out of mobiveil_host_init()
0122af0a0824 PCI: mobiveil: Fix the Class Code field
f7fee1b42fe4 PCI: mobiveil: Use the 1st inbound window for MEM inbound transactions
f39ed3d09b34 PCI: mobiveil: Use WIN_NUM_0 explicitly for CFG outbound window
9815d3288ed0 PCI: mobiveil: Update the resource list traversal function
f99536e9d2f5 PCI: mobiveil: Fix PCI base address in MEM/IO outbound windows
a131fb6364c1 PCI: mobiveil: Remove the flag MSI_FLAG_MULTI_PCI_MSI
bcbe0d9a8d93 PCI: mobiveil: Unify register accessors
7e8ab1b268b1 PCI: imx6: Simplify Kconfig depends on
4df591b20b80 PCI: hv: Fix a use-after-free bug in hv_eject_device_work()
7be142caabc4 PCI: tegra: Enable Relaxed Ordering only for Tegra20 & Tegra30
4b16a8227907 PCI: tegra: Change link retry log level to debug
dbdcc22c845b PCI: tegra: Add support for GPIO based PERST#
ca98329d3b58 PCI: dwc: Export APIs to support .remove() implementation
7bc082d7e970 PCI: dwc: Cleanup DBI,ATU read and write APIs
9d071cade30a PCI: dwc: Add API support to de-initialize host
181fa434d051 PCI: xilinx-nwl: Fix Multi MSI data programming
2d8c7361585f PCI: tegra: Put PEX CLK & BIAS pads in DPD mode
adb2653b3d2e PCI: tegra: Add AFI_PEX2_CTRL reg offset as part of SoC struct
c894121d0142 PCI: tegra: Change PRSNT_SENSE IRQ log to debug
b5b4717ea0dd PCI: tegra: Program AFI_CACHE_BAR_{0,1}_{ST,SZ} registers only for Tegra20
eef4a3502661 PCI: tegra: Fix PLLE power down issue due to CLKREQ# signal
c23ae2aec5bc PCI: tegra: Set target speed as Gen1 before starting LTSSM
9f570b6c240e PCI: tegra: Update flow control timer frequency in Tegra210
191cd6fb5d2c PCI: tegra: Add SW fixup for RAW violations
b2634cd0d26d PCI: tegra: Increase the deskew retry time
f1178099a6e4 PCI: tegra: Enable PCIe xclk clock clamping
52db2fd89e1a PCI: tegra: Process pending DLL transactions before entering L1 or L2
92bd94f1fdde PCI: tegra: Disable AFI dynamic clock gating
7763cc24e210 PCI: tegra: Enable opportunistic UpdateFC and ACK
2513a4ee4735 PCI: tegra: Program UPHY electrical settings for Tegra210
c635a815c8c7 PCI: tegra: Advertise PCIe Advanced Error Reporting (AER) capability
538123a29aeb PCI: tegra: Add PCIe Gen2 link speed support
d1f9113faf8a PCI: tegra: Fix PCIe host power up sequence
316b9ef1ee14 PCI: tegra: Mask AFI_INTR in runtime suspend
973d7499c51c PCI: tegra: Rearrange Tegra PCIe driver functions
1056dda8a8d6 PCI: tegra: Handle failure cases in tegra_pcie_power_on()
7a28db0a251e PCI: altera: Fix configuration type based on secondary number
c369b536f8e3 PCI: armada8k: Add PHYs support
97fb5e8d9b57 treewide: Replace GPLv2 boilerplate/reference with SPDX - rule 284
64adde31c8e9 PCI: qcom: Ensure that PERST is asserted for at least 100 ms
c7ddfd3514f2 PCI: altera-msi: Allow building as module
ec15c4d0d5d2 PCI: altera: Allow building as module
67021ae0bbe9 PCI: qcom: Add QCS404 PCIe controller support
5aa180974e4d PCI: qcom: Use clk bulk API for 2.4.0 controllers
f75b6f303bd8 Merge git://git.kernel.org/pub/scm/linux/kernel/git/davem/net
ec8f24b7faaf treewide: Add SPDX license identifier - Makefile/Kconfig
7036e621455f net: qrtr: Fix message type of outgoing packets
414147d99b92 Merge tag 'pci-v5.2-changes' of git://git.kernel.org/pub/scm/linux/kernel/git/helgaas/pci
c7a1c2bbb65e Merge branch 'pci/trivial'
f2e946831625 Merge branch 'pci/iova-dma-ranges'
ee6df38da848 Merge branch 'remotes/lorenzo/pci/misc'
ed0eaf320571 Merge branch 'remotes/lorenzo/pci/xilinx'
cdf4315502a5 Merge branch 'remotes/lorenzo/pci/tegra'
673525c5c2da Merge branch 'remotes/lorenzo/pci/rockchip'
bac9789e535a Merge branch 'remotes/lorenzo/pci/rcar'
fb8a85fabdc8 Merge branch 'remotes/lorenzo/pci/mediatek'
0b8439d37482 Merge branch 'remotes/lorenzo/pci/keystone'
b138f67d7bad Merge branch 'remotes/lorenzo/pci/iproc'
5349abcf8e5f Merge branch 'remotes/lorenzo/pci/imx'
29fa3bbd6c20 Merge branch 'pci/dwc'
4014eb8b6117 Merge branch 'remotes/lorenzo/pci/controller-fixes'
83d82352827a Merge branch 'pci/host/al'
8f5e24514cbd net: qrtr: use protocol endiannes variable
80f232121b69 Merge git://git.kernel.org/pub/scm/linux/kernel/git/davem/net-next
1b8df7aa7874 PCI: imx6: Allow asynchronous probing
fe23274f72f4 PCI: dwc: Save root bus for driver remove hooks
e6fdd3bf5aec PCI: dwc: Use devm_pci_alloc_host_bridge() to simplify code
9e2b5de5604a PCI: dwc: Free MSI in dw_pcie_host_init() error path
dc69a3d56794 PCI: dwc: Free MSI IRQ page in dw_pcie_free_msi()
3ebc269c197e PCI: dwc: Fix dw_pcie_free_msi() if msi_irq is invalid
322f03436692 PCI: qcom: Use default config space read function
90199c951bd2 PCI: iproc: Add sorted dma ranges resource entries to host bridge
6b7330303a81 PCI: designware-ep: Use aligned ATU window for raising MSI interrupts
fc9a77040b04 PCI: designware-ep: Configure Resizable BAR cap to advertise the smallest size
23284ad677a9 PCI: keystone: Add support for PCIe EP in AM654x Platforms
87cb312777b5 PCI: imx6: Use usleep_range() in imx6_pcie_enable_ref_clk()
76d6dc26331d PCI: imx6: Use flags to indicate support for suspend
37d5d32ae091 PCI: imx6: Restrict PHY register data to 16-bit
c2c708bc1dbf PCI: imx6: Simplify pcie_phy_poll_ack()
3ca4133253a7 PCI: imx6: Simplify bit operations in PHY functions
276c76d7a15a PCI: imx6: Make use of BIT() in constant definitions
60ef4b072ba0 PCI: dwc: imx6: Share PHY debug register definitions
680728e4cbee PCI: imx6: Remove PCIE_PL_PFLR_* constants
c377690cffaf PCI: imx6: Return -ETIMEOUT from imx6_pcie_wait_for_speed_change()
ee6f37175b3f PCI: imx6: Drop imx6_pcie_wait_for_link()
9e303be2e5d0 PCI: imx6: Simplify imx7d_pcie_wait_for_phy_pll_lock()
8cff995405eb PCI: iproc: Enable iProc config read for PAXBv2
8cb081746c03 netlink: make validation more configurable for future strictness
4166bfe53093 PCI: al: Add Amazon Annapurna Labs PCIe host controller driver
15854edd193a x86/pci: Clean up usage of X86_DEV_DMA_OPS
c7cbdbf29f48 net: rework SIOCGSTAMP ioctl handling
21e2079fe493 PCI: tegra: Use the DMA-API to get the MSI address
ddf567e3d994 PCI: dwc: Add callbacks for accessing dbi2 address space
421db1ab287e PCI: dwc: Fix dw_pcie_ep_find_capability() to return correct capability offset
626961dd6d32 PCI: dwc: Add const qualifier to struct dw_pcie_ep_ops
fbb2de891cc4 PCI: keystone: Add support to set the max link speed from DT
b22af42b3e57 PCI: keystone: Invoke phy_reset() API before enabling PHY
18b0415bc802 PCI: keystone: Add support for PCIe RC in AM654x Platforms
f316a2b53cd7 PCI: keystone: Prevent ARM32 specific code to be compiled for ARM64
2aadcb0cd391 PCI: dwc: Fix ATU identification for designware version >= 4.80
a9f4c2d2f99e PCI: dwc: Enable iATU unroll for endpoint too
156c6fef75a4 PCI: keystone: Explicitly set the PCIe mode
b1dee41b7692 PCI: keystone: Move resources initialization to prepare for EP support
c577f4a5a08b PCI: rockchip: Fix rockchip_pcie_ep_assert_intx() bitwise operations
74356addc0b3 PCI: Fix comment typos
2341ab4fd5d7 PCI: keystone: Use platform_get_resource_byname() to get memory resources
f3560a9f88ae PCI: keystone: Perform host initialization in a single function
0790eb175ee0 PCI: keystone: Cleanup error_irq configuration
9afb20d600da PCI: keystone: Add start_link()/stop_link() dw_pcie_ops
6be22343cc54 PCI: mediatek: Get optional clocks with devm_clk_get_optional()
fd8a44bd5b76 PCI: dwc: Remove default MSI initialization for platform specific MSI chips
dad5258999e9 PCI: dwc: Remove Keystone specific dw_pcie_host_ops
117c3b60bd53 PCI: keystone: Use Keystone specific msi_irq_chip
9f67437b3a08 PCI: dwc: Add support to use non default msi_irq_chip
66c10eca5952 PCI: keystone: Cleanup ks_pcie_msi_irq_handler()
f6f2900ca9b7 PCI: keystone: Use hwirq to get the MSI IRQ number offset
1146c2953dcb PCI: keystone: Add separate functions for configuring MSI and legacy interrupt
1beb55126937 PCI: keystone: Cleanup interrupt related macros
a27beb5820d1 PCI: rcar: Do not shadow the 'irq' variable
f0d14edd2ba4 PCI: rcar: Fix a potential NULL pointer dereference
954b4b752a4c PCI: rcar: Fix 64bit MSI message address handling
42a58f73e9ea PCI: rcar: Clean up debug messages
29ffa6db4043 PCI: rcar: Replace (8 * n) with (BITS_PER_BYTE * n)
d8fa26609b91 PCI: rcar: Replace various variable types with unsigned ones for register values
7dc13a7939e0 PCI: rcar: Replace unsigned long with u32/unsigned int in register accessors
b2c615457b28 PCI: rcar: Clean up remaining macros defining bits
ea2df11f7221 PCI: iproc: Allow outbound configuration for 32-bit I/O region
73b9e4d3309c PCI: iproc: Add CRS check in config read
ff7a5a0a8562 PCI: mediatek: Fix a leaked reference by adding missing of_node_put()
8956388d3670 PCI: iproc: Fix a leaked reference by adding missing of_node_put()
3842f5166bf1 PCI: aardvark: Fix a leaked reference by adding missing of_node_put()
69adea738eb2 PCI: rockchip: Fix a leaked reference by adding missing of_node_put()
b35c0e454394 PCI: dwc: layerscape: Fix a leaked reference by adding missing of_node_put()
e12bfa013c09 PCI: uniphier: Fix a leaked reference by adding missing of_node_put()
91e0a58e663f PCI: dwc: pci-dra7xx: Fix a leaked reference by adding missing of_node_put()
699ca3016268 PCI: xilinx: Check for __get_free_pages() failure
340d45569940 PCI: hv: Add pci_destroy_slot() in pci_devices_present_work(), if necessary
15becc2b56c6 PCI: hv: Add hv_pci_remove_slots() when we unload the driver
05f151a73ec2 PCI: hv: Fix a memory leak in hv_eject_device_work()
be20bbcb0a8c PCI: rcar: Add the initialization of PCIe link in resume_noirq()
fc2786545395 PCI/MSI: Remove unused mask_msi_irq() and unmask_msi_irq()
2901752c14b8 Merge tag 'pci-v5.1-changes' of git://git.kernel.org/pub/scm/linux/kernel/git/helgaas/pci
dd92b6677e3d Merge branch 'remotes/lorenzo/pci/vmd'
5b90fc562cbc Merge branch 'remotes/lorenzo/pci/misc'
d00aaa88c33a Merge branch 'remotes/lorenzo/pci/mediatek'
a8e04a7a7f54 Merge branch 'remotes/lorenzo/pci/hv'
7e5b22ddb2d4 Merge branch 'remotes/lorenzo/pci/endpoint'
2506419e06d4 Merge branch 'remotes/lorenzo/pci/dwc'
98fa15f34cb3 mm: replace all open encodings for NUMA_NO_NODE
5fd831cd1677 PCI: altera: Enable driver on ARM64
49fdbd7cfece PCI: altera: Add Stratix 10 PCIe support
d3b34d048b7c PCI: aardvark: Make symbol 'advk_pci_bridge_emul_ops' static
3afc8299f39a PCI: dwc: skip MSI init if MSIs have been explicitly disabled
c8ccf7599dda PCI: hv: Refactor hv_irq_unmask() to use cpumask_to_vpset()
9bc1174280dd PCI: hv: Replace hv_vp_set with hv_vpset
6ae91579061c PCI: hv: Add __aligned(8) to struct retarget_msi_interrupt
cbe3a7728c7a PCI: mediatek: Enlarge PCIe2AHB window size to support 4GB DRAM
c61df57343bf PCI: mediatek: Fix memory mapped IO range size computation
44ddb77b2fdc PCI: dwc: Remove superfluous shifting in definitions
a991f748962d PCI: dwc: Make use of GENMASK/FIELD_PREP
0e11faa48b07 PCI: dwc: Make use of BIT() in constant definitions
689e349a1a6c PCI: dwc: Share code for dw_pcie_rd/wr_other_conf()
4f8bbd2f8e7c PCI: dwc: Make use of IS_ALIGNED()
5278f65107b1 PCI: imx6: Add code to request/control "pcie_aux" clock for i.MX8MQ
02b485e31d98 PCI: qcom: Don't deassert reset GPIO during probe
33776d059630 PCI: pci-bridge-emul: Extend pci_bridge_emul_init() with flags
a805770d8a22 PCI: layerscape: Add EP mode support
92f2b028418c PCI: designware-plat: Remove setting epc->features in Designware plat EP driver
f1267978457e PCI: rockchip: Remove pci_epf_linkup() from Rockchip EP driver
c274c9f4ea75 PCI: cadence: Remove pci_epf_linkup() from Cadence EP driver
67c777e6015d PCI: cadence: Populate ->get_features() cdns_pcie_epc_ops
146221768c74 PCI: rockchip: Populate ->get_features() dw_pcie_ep_ops
4894467e7861 PCI: pci-dra7xx: Populate ->get_features() dw_pcie_ep_ops
3b4322e589a6 PCI: designware-plat: Populate ->get_features() dw_pcie_ep_ops
fee35cb76a54 PCI: dwc: Add ->get_features() callback function to dw_pcie_ep_ops
1df82ec46600 PCI: imx: Add workaround for e10728, IMX7d PCIe PLL failure
0380cf843c54 PCI: dwc: Print debug error message when MSI-X entry control mask bit is set
2d8ed461dbc9 PCI: imx6: Add support for i.MX8MQ
4c458bb347ae PCI: imx6: Convert DIRECT_SPEED_CHANGE quirk code to use a flag
2f532d07f0cc PCI: imx6: Mark PHY functions as i.MX6 specific
e8e4d4e95701 PCI: imx6: Introduce drvdata
657722570a55 PCI: dwc: Replace bit rotation operation (1 << bit) with BIT(bit)
a348d015f0de PCI: dwc: Improve code readability and simplify mask/unmask operations
4cfae0f1f8ce PCI: dwc: Rename variable name from data to d on dw_pcie_irq_domain_free()
fd5288a362ab PCI: dwc: Rename variable name from data to d on dw_pci_msi_set_affinity()
59ea68b3f172 PCI: dwc: Rename variable name from data to d on dw_pci_setup_msi_msg()
40e9892ef94c PCI: dwc: Rename variable name from data to d on dw_pci_bottom_mask/unmask()
3630c4aaae21 PCI: dwc: Remove unnecessary header include (signal.h)
12de16ae0d6c PCI: dwc: Remove unnecessary header include (of_gpio.h)
44e56f325b7d Merge tag 'pci-v5.0-fixes-3' of git://git.kernel.org/pub/scm/linux/kernel/git/helgaas/pci
f14bcc0add3a Revert "PCI: armada8k: Add support for gpio controlled reset signal"
a4ace4fa2007 PCI: imx: Fix checking pd_pcie_phy device link addition
a6093ad7fc49 PCI: imx: Fix probe failure without power domain
65c839a134e6 PCI: dwc: dra7xx: Invoke phy_set_mode() API to set PHY mode to PHY_MODE_PCIE
c232c0df9610 PCI: dwc: dra7xx: Enable x2 mode support for dra74x, dra76x and dra72x
0294951030eb PCI/VMD: Configure MPS settings before adding devices
66c56cfa64d9 Merge tag 'remove-dma_zalloc_coherent-5.0' of git://git.infradead.org/users/hch/dma-mapping
a3869d43c980 PCI: amlogic: Fix build failure due to missing gpio header
750afb08ca71 cross-tree: phase out dma_zalloc_coherent()
926b02d3eb54 Merge tag 'pci-v4.21-changes' of git://git.kernel.org/pub/scm/linux/kernel/git/helgaas/pci
72199051af62 Merge branch 'pci/imx6'
cdf4f4dc118b Merge branch 'remotes/lorenzo/pci/uniphier'
c266b026ae7a Merge branch 'remotes/lorenzo/pci/mediatek'
c8778707c23a Merge branch 'remotes/lorenzo/pci/dwc-msi'
6a790bf0eac4 Merge branch 'remotes/lorenzo/pci/dwc'
75cb8d20c112 PCI: imx: Enable MSI from downstream components
af7ddd8a627c Merge tag 'dma-mapping-4.21' of git://git.infradead.org/users/hch/dma-mapping
7e6d5cd88a6f PCI: uniphier: Add UniPhier PCIe host controller support
9c0ef6d34fdb PCI: amlogic: Add the Amlogic Meson PCIe controller driver
7b96dc91be5e PCI: mediatek: Remove un-used variant in struct mtk_pcie_port
6d6b05e3d533 PCI: dwc: Don't hard-code DBI/ATU offset
9e56f0df3684 PCI: imx: Add imx6sx suspend/resume support
3d71746c420c PCI: armada8k: Add support for gpio controlled reset signal
a3ed1446520e PCI: dwc: Adjust Kconfig to allow IMX6 PCIe host on IMX7
edfd39f0a417 PCI: dwc: layerscape: Constify driver data
3f7cceeab895 PCI: imx: Add multi-pd support
190d4e5916a2 vmd: use the proper dma_* APIs instead of direct methods calls
3f7bb2ec20ce PCI: dwc: Move interrupt acking into the proper callback
fce5423e4f43 PCI: dwc: Take lock when ACKing an interrupt
830920e065e9 PCI: dwc: Use interrupt masking instead of disabling
68c9ac1d1fd5 dma-mapping: remove the mapping_error dma_map_ops method
0c0f2f93e708 PCI: mediatek: Use devm_of_pci_get_host_bridge_resources() to parse DT
15cb127e3c8f PCI: dwc: Fix MSI-X EP framework address calculation bug
c6fd6fe9dea4 PCI: layerscape: Fix wrong invocation of outbound window disable accessor
68bc10bf9921 PCI: imx6: Fix link training status detection in link up check
b69f4abc125f PCI: histb: Constify dw_pcie_host_ops structure
bd6bf7c10484 Merge tag 'pci-v4.20-changes' of git://git.kernel.org/pub/scm/linux/kernel/git/helgaas/pci
cff229491af5 Merge tag 'dma-mapping-4.20' of git://git.infradead.org/users/hch/dma-mapping
7e4e95897663 Merge branch 'remotes/lorenzo/pci/vmd'
4dd4d9963677 Merge branch 'remotes/lorenzo/pci/mediatek'
fc23af0cb1ef Merge branch 'remotes/lorenzo/pci/keystone'
deab1f261cd3 Merge branch 'remotes/lorenzo/pci/iproc'
525fde075039 Merge branch 'remotes/lorenzo/pci/dwc'
b7c18dc06ad1 Merge branch 'remotes/lorenzo/pci/controller-misc'
8a3ebd8de328 PCI: aardvark: Implement emulated root PCI bridge config space
1f08673eef12 PCI: mvebu: Convert to PCI emulated bridge config space
eae6aaf8488e PCI: mvebu: Drop unused PCI express capability code
dc8af3a827df PCI: vmd: Detach resources after stopping root bus
031337ace2d1 PCI: mediatek: Add loadable kernel module support
97d2932fee4b PCI: mediatek: Add system PM support for MT2712 and MT7622
3828d60fd2ef PCI: mediatek: Fixup MSI enablement logic by enabling MSI before clocks
57cb3152b360 PCI: mediatek: Convert to use pci_host_probe()
88c0e230bb4a PCI: mediatek: Remove the redundant dev->pm_domain check
261de72f0169 PCI: keystone: Cleanup macros defined in pci-keystone.c
c0b8558648c2 PCI: keystone: Reorder header file in alphabetical order
daaaa665ca01 PCI: keystone: Add debug error message for all errors
0523cdc6e775 PCI: keystone: Use ERR_IRQ_STATUS instead of ERR_IRQ_STATUS_RAW to get interrupt status
23fe5bd4be90 PCI: keystone: Cleanup ks_pcie_link_up()
f9127db9fbad PCI: keystone: Cleanup set_dbi_mode() and get_dbi_mode()
e75043ad9792 PCI: keystone: Cleanup outbound window configuration
b4f1af8352fd PCI: keystone: Get number of outbound windows from DT
44c747af2be7 PCI: keystone: Cleanup configuration space access
8047eb55129a PCI: keystone: Invoke runtime PM APIs to enable clock
49229238ab47 PCI: keystone: Cleanup PHY handling
b51a625b784a PCI: keystone: Use SYSCON APIs to get device ID from control module
a1cabd2b42fd PCI: keystone: Use uniform function naming convention
c81ab8013672 PCI: keystone: Remove redundant platform_set_drvdata() invocation
b492aca35c98 PCI: keystone: Merge pci-keystone-dw.c and pci-keystone.c
1f79f98f0575 PCI: keystone: Remove unused argument from ks_dw_pcie_host_init()
2433a182ad9c PCI: keystone: Do not initiate link training multiple times
1e10f73e4cb0 PCI: keystone: Move dw_pcie_setup_rc() out of ks_pcie_establish_link()
00a2c4094f8e PCI: keystone: Use quirk to set MRRS for PCI host bridge
148e340c0696 PCI: keystone: Use quirk to limit MRRS for K2G
a7f172ab6a8e PCI: mediatek: Fix class type for MT7622 to PCI_CLASS_BRIDGE_PCI
074d6f32689c PCI: mediatek: Fix mtk_pcie_find_port() endpoint/port matching logic
e81e36a96bb5 PCI: cadence: Write MSI data with 32bits
0652d4b6b56f PCI: cadence: Use AXI region 0 to signal interrupts from EP
834d3cd294ab Merge tag 'alloc-args-v4.19-rc8' of https://git.kernel.org/pub/scm/linux/kernel/git/kees/linux
329e09893909 treewide: Replace more open-coded allocation size multiplications
5943a9bbbb98 Merge tag 'pci-v4.19-fixes-3' of ssh://gitolite.kernel.org/pub/scm/linux/kernel/git/helgaas/pci
f4e833ba2a95 PCI: imx: Add PME_Turn_Off support
95375f2ab296 PCI: mvebu: Fix PCI I/O mapping creation sequence
6870b6735097 PCI: kirin: Fix section mismatch warning
c6d4381220a0 dma-mapping: make the get_required_mask method available unconditionally
278e59a00741 Merge tag 'pci-v4.19-fixes-2' of ssh://gitolite.kernel.org/pub/scm/linux/kernel/git/helgaas/pci
aa77e55d4812 PCI: cadence: Correct probe behaviour when failing to get PHY
726d75a6d243 PCI: dwc: pci-dra7xx: Enable errata i870 for both EP and RC mode
de17c5200237 PCI: Remove unnecessary check of device_type == pci
54be5b8ce33f PCI: hv: Fix return value check in hv_pci_assign_slots()
9024143e700f PCI: dwc: Fix scheduling while atomic issues
17a0a1e5f6c4 PCI: mediatek: Fix unchecked return value
6e5da6f7d824 PCI: qcom: Fix error handling in runtime PM support
0ee2c1f2429f PCI: imx: Initial imx7d pm support
f18f42d7497d PCI: imx6: Support MPLL reconfiguration for 100MHz and 200MHz refclock
4da6b4480766 PCI: iproc: Remove PAXC slot check to allow VF support
a15f2c08c708 PCI: hv: support reporting serial number as slot information
4e31843f681c Merge tag 'pci-v4.19-changes' of git://git.kernel.org/pub/scm/linux/kernel/git/helgaas/pci
fa687fb9ced4 Merge branch 'remotes/lorenzo/pci/vmd'
323fc7509a2a Merge branch 'remotes/lorenzo/pci/mvebu'
732c47019de9 Merge branch 'remotes/lorenzo/pci/mobiveil'
0ea77d2b209a Merge branch 'remotes/lorenzo/pci/iproc'
1974704eadb2 Merge branch 'remotes/lorenzo/pci/hv'
0c38011aba35 Merge branch 'remotes/lorenzo/pci/dwc'
37f0e311bca6 Merge branch 'remotes/lorenzo/pci/cadence'
ce342a1aa8c6 Merge branch 'remotes/lorenzo/pci/aardvark'
0d56768651fc Merge branch 'remotes/lorenzo/pci/controller/misc'
958f338e96f8 Merge branch 'l1tf-final' of git://git.kernel.org/pub/scm/linux/kernel/git/tip/tip
f23d0d449c16 PCI: mvebu: Drop bogus comment above mvebu_pcie_map_registers()
42342073e38b PCI: mvebu: Convert to use pci_host_bridge directly
5a553d6ba103 PCI: mvebu: Use resource_size() to remap I/O space
ee1604381a37 PCI: mvebu: Only remap I/O space if configured
dfd0309fd7b3 PCI: mvebu: Fix I/O space end address calculation
6554f9501915 PCI: mvebu: Remove redundant platform_set_drvdata() call
34dbc9c6584d PCI/xilinx: Depend on OF instead of the ARCH
f2701b77bbd9 Merge 4.18-rc7 into master to pick up the KVM dependcy
447ae3166702 x86: Don't include linux/irq.h from asm/hardirq.h
ef46808b79eb Merge tag 'pci-v4.18-fixes-5' of git://git.kernel.org/pub/scm/linux/kernel/git/helgaas/pci
6f2c73c124b1 PCI: mobiveil: Add Kconfig/Makefile entries
d3743012230f PCI: mobiveil: Add missing ../pci.h include
af3f606e0bbb PCI: mobiveil: Fix struct mobiveil_pcie.pcie_reg_base address type
a54e43f993f8 PCI: mobiveil: Avoid integer overflow in IB_WIN_SIZE
014562071c96 PCI: mobiveil: Integer overflow in IB_WIN_SIZE
fb7d1bcf1602 Merge tag 'pci-v4.18-fixes-3' of git://git.kernel.org/pub/scm/linux/kernel/git/helgaas/pci
c2e00e31087e pci-epf-test/pci_endpoint_test: Add MSI-X support
cb22d40b5f2b PCI: dwc: Add legacy interrupt callback handler
3920a5d7b24d PCI: dwc: Rework MSI callbacks handler
beb4641a787d PCI: dwc: Add MSI-X callbacks handler
d3c70a98d7d6 PCI: Update xxx_pcie_ep_raise_irq() and pci_epc_raise_irq() signatures
4e965ede1856 PCI: dwc: Fix EP link notification implementation
024ddc0ce104 Merge git://git.kernel.org/pub/scm/linux/kernel/git/davem/net
270ed733e689 PCI: v3-semi: Fix I/O space page leak
438477b9a089 PCI: mediatek: Fix I/O space page leak
e30609454b39 PCI: faraday: Fix I/O space page leak
1df3e5b3feeb PCI: aardvark: Fix I/O space page leak
fd07f5e19c6f PCI: designware: Fix I/O space page leak
0018b265adf7 PCI: versatile: Fix I/O space page leak
925652d03589 PCI: xgene: Fix I/O space page leak
eb1e39f784e8 PCI: pcie-cadence-ep: Remove redundant variable mmc
53dd0c51f16b PCI: spear13xx: Drop unnecessary root_bus_nr setting
739cd35918b7 PCI: qcom: Drop unnecessary root_bus_nr setting
73fb9924d26b PCI: histb: Drop unnecessary root_bus_nr setting
3513f81816ef PCI: designware-plat: Drop unnecessary root_bus_nr setting
84b88219553a PCI: artpec6: Drop unnecessary root_bus_nr setting
53b801fd020d PCI: armada8k: Drop unnecessary root_bus_nr setting
8519bc8fe88f PCI: keystone: Drop unnecessary root_bus_nr setting
39f712e989c5 PCI: imx6: Drop unnecessary root_bus_nr setting
a0476b3a678b PCI: exynos: Drop unnecessary root_bus_nr setting
0043d4ae812e PCI: iproc: Reduce inbound/outbound mapping print level
f78e60a29d4f PCI: iproc: Reject unconfigured physical functions from PAXC
1e5748c27ad6 PCI: iproc: Disable MSI parsing in certain PAXC blocks
3bc70825e436 PCI: iproc: Fix up corrupted PAXC root complex config registers
0ae7383e83c6 PCI: cadence: Add shutdown callback to host driver
ee12c9efe685 PCI: cadence: Add Power Management ops for host and EP
141cb3d4ee52 PCI: kirin: Add MSI support
dfb80534692d PCI: cadence: Add generic PHY support to host and EP drivers
7e37dc1db594 PCI: cadence: Update cdns_pcie_writel() function signature
35a88a18d7ea PCI: hv: Disable/enable IRQs rather than BH in hv_compose_msi_msg()
8979319f2d36 Merge tag 'pci-v4.18-fixes-2' of git://git.kernel.org/pub/scm/linux/kernel/git/helgaas/pci
c8e144f8ab00 PCI: aardvark: Convert to use pci_host_probe()
91a2968e245d PCI: aardvark: Size bridges before resources allocation
d27e77a3de28 net: qrtr: Reset the node and port ID of broadcast messages
fdf5fd397566 net: qrtr: Broadcast messages only from control port
3dc6ddfedc28 PCI: faraday: Add missing of_node_put()
342639d996f1 PCI: xilinx-nwl: Add missing of_node_put()
8c3f9bd851a4 PCI: xilinx: Add missing of_node_put()
9bc5f0833a55 PCI: controller: dwc: Do not let PCIE_DW_PLAT_HOST default to yes
3c5777c372b6 PCI: rcar: Clean up PHY init on failure
4050360f9646 PCI: rcar: Shut the PHY down in failpath
7403bd14d7b5 PCI: hv: Replace GFP_ATOMIC with GFP_KERNEL in new_pcichild_device()
cd993fc4316d Merge tag 'pci-v4.18-fixes-1' of git://git.kernel.org/pub/scm/linux/kernel/git/helgaas/pci
a11e1d432b51 Revert changes to convert to ->poll_mask() and aio IOCB_CMD_POLL
a7f58b9ecfd3 PCI: vmd: White list for fast interrupt handlers
6df6ba974a55 PCI: aardvark: Remove PCIe outbound window configuration
248d4e59616c PCI: aardvark: Introduce an advk_pcie_valid_device() helper
925d31668d5b PCI: controller: Move PCI_DOMAINS selection to arch Kconfig
b08fc5277aaa Merge tag 'overflow-v4.18-rc1-part2' of git://git.kernel.org/pub/scm/linux/kernel/git/kees/linux
6e0832fa432e PCI: Collect all native drivers under drivers/pci/controller/
1c8c5a9d38f6 Merge git://git.kernel.org/pub/scm/linux/kernel/git/davem/net-next
db5051ead64a net: convert datagram_poll users tp ->poll_mask
28fb4e59a47d net: qrtr: Expose tunneling endpoint to user space
77ac725e0c5b net: qrtr: add MODULE_ALIAS_NETPROTO macro
0f3e9c97eb5a Merge git://git.kernel.org/pub/scm/linux/kernel/git/davem/net
c77f5fbbefc0 qrtr: add MODULE_ALIAS macro to smd
9b2c45d479d0 net: make getname() functions return length rather than use int* parameter
c1c502b51150 net: use rtnl_register_module where needed
4dc6758d7824 Merge git://git.kernel.org/pub/scm/linux/kernel/git/davem/net
b7e732fa3171 qrtr: Move to postcore_initcall
2a171788ba7b Merge git://git.kernel.org/pub/scm/linux/kernel/git/davem/net
b24413180f56 License cleanup: add SPDX GPL-2.0 license identifier to files with no license
194ccc88297a net: qrtr: Support decoding incoming v2 packets
f507a9b6e63b net: qrtr: Use sk_buff->cb in receive path
1a7959c76641 net: qrtr: Clean up control packet handling
e7044482c8ac net: qrtr: Pass source and destination to enqueue functions
da7653f0faab net: qrtr: Add control packet definition to uapi
28978713c51b net: qrtr: Move constants to header file
ae85bfa87821 net: qrtr: Invoke sk_error_report() after setting sk_err
b97bac64a589 rtnetlink: make rtnl_register accept a flags parameter
4df864c1d9af networking: make skb_put & friends return void pointers
59ae1d127ac0 networking: introduce and use skb_put_data()
b080db585384 networking: convert many more places to skb_put_zero()
b24844b1b537 net: qrtr: Inform open sockets about new controller
1784473b2425 net: qrtr: Broadcast DEL_CLIENT message when endpoint is closed
8acc8ee465e6 net: qrtr: Inject BYE on remote termination
64f9eca06415 net: qrtr: Refactor packet allocation
fb796707d7a6 Merge git://git.kernel.org/pub/scm/linux/kernel/git/davem/net
6f60f438108c net: qrtr: potential use after free in qrtr_sendmsg()
c21ef3e343ae net: rtnetlink: plumb extended ack to doit function
fceb6435e852 netlink: pass extended ACK struct to parsing functions
5052de8deff5 soc: qcom: smd: Transition client drivers from smd to rpmsg
3512a1ad5617 net: qrtr: Mark 'buf' as little endian
08a6ee580771 Merge tag 'net-next-qcom-soc-4.7-2-merge' of git://github.com/andersson/kernel
a986a05de95b net: qrtr: fix build problems
f79a917e69e1 Merge tag 'qcom-soc-for-4.7-2' into net-next
bdabad3e363d net: Add Qualcomm IPC router

=== 19. SALAMI DTS WIFI / PCI / MHI REFERENCES ===
arch/arm64/boot/dts/qcom/sm8550-oneplus-salami.dts:190:		adsp_mhi_mem: adsp-mhi-region@81f00000 {
arch/arm64/boot/dts/qcom/sm8550-oneplus-salami.dts:371:	wcn7850-pmu {
arch/arm64/boot/dts/qcom/sm8550-oneplus-salami.dts:372:		compatible = "qcom,wcn7850-pmu";
arch/arm64/boot/dts/qcom/sm8550-oneplus-salami.dts:375:		pinctrl-0 = <&wlan_en>, <&bt_default>, <&pmk8550_sleep_clk>;
arch/arm64/boot/dts/qcom/sm8550-oneplus-salami.dts:377:		wlan-enable-gpios = <&tlmm 80 GPIO_ACTIVE_HIGH>;
arch/arm64/boot/dts/qcom/sm8550-oneplus-salami.dts:378:		bt-enable-gpios = <&tlmm 81 GPIO_ACTIVE_HIGH>;
arch/arm64/boot/dts/qcom/sm8550-oneplus-salami.dts:404:			vreg_pmu_btcmx_0p85: ldo4 {
arch/arm64/boot/dts/qcom/sm8550-oneplus-salami.dts:405:				regulator-name = "vreg_pmu_btcmx_0p85";
arch/arm64/boot/dts/qcom/sm8550-oneplus-salami.dts:420:			vreg_pmu_pcie_0p9: ldo8 {
arch/arm64/boot/dts/qcom/sm8550-oneplus-salami.dts:421:				regulator-name = "vreg_pmu_pcie_0p9";
arch/arm64/boot/dts/qcom/sm8550-oneplus-salami.dts:424:			vreg_pmu_pcie_1p8: ldo9 {
arch/arm64/boot/dts/qcom/sm8550-oneplus-salami.dts:425:				regulator-name = "vreg_pmu_pcie_1p8";
arch/arm64/boot/dts/qcom/sm8550-oneplus-salami.dts:1064:&pcie0 {
arch/arm64/boot/dts/qcom/sm8550-oneplus-salami.dts:1066:	pinctrl-0 = <&pcie0_default_state>;
arch/arm64/boot/dts/qcom/sm8550-oneplus-salami.dts:1071:&pcie0_port0 {
arch/arm64/boot/dts/qcom/sm8550-oneplus-salami.dts:1076:	wifi@0 {
arch/arm64/boot/dts/qcom/sm8550-oneplus-salami.dts:1077:		compatible = "pci17cb,1107";
arch/arm64/boot/dts/qcom/sm8550-oneplus-salami.dts:1087:		vddpcie0p9-supply = <&vreg_pmu_pcie_0p9>;
arch/arm64/boot/dts/qcom/sm8550-oneplus-salami.dts:1088:		vddpcie1p8-supply = <&vreg_pmu_pcie_1p8>;
arch/arm64/boot/dts/qcom/sm8550-oneplus-salami.dts:1093:&pcie0_phy {
arch/arm64/boot/dts/qcom/sm8550-oneplus-salami.dts:1100:&pcie1 {
arch/arm64/boot/dts/qcom/sm8550-oneplus-salami.dts:1105:	pinctrl-0 = <&pcie1_default_state>;
arch/arm64/boot/dts/qcom/sm8550-oneplus-salami.dts:1110:&pcie1_phy {
arch/arm64/boot/dts/qcom/sm8550-oneplus-salami.dts:1282:	bt_default: bt-default-state {
arch/arm64/boot/dts/qcom/sm8550-oneplus-salami.dts:1283:		bt-en-pins {
arch/arm64/boot/dts/qcom/sm8550-oneplus-salami.dts:1327:	wlan_en: wlan-en-state {
arch/arm64/boot/dts/qcom/sm8550-oneplus-salami.dts:1443:	bluetooth {
arch/arm64/boot/dts/qcom/sm8550-oneplus-salami.dts:1444:		compatible = "qcom,wcn7850-bt";
arch/arm64/boot/dts/qcom/sm8550.dtsi:958:		adsp_mhi_mem: adsp-mhi-region@81f00000 {
arch/arm64/boot/dts/qcom/sm8550.dtsi:1257:				 <&pcie0_phy>,
arch/arm64/boot/dts/qcom/sm8550.dtsi:1258:				 <&pcie1_phy QMP_PCIE_PIPE_CLK>,
arch/arm64/boot/dts/qcom/sm8550.dtsi:1259:				 <&pcie1_phy QMP_PCIE_PHY_AUX_CLK>,
arch/arm64/boot/dts/qcom/sm8550.dtsi:2346:		pcie_noc: interconnect@16c0000 {
arch/arm64/boot/dts/qcom/sm8550.dtsi:2347:			compatible = "qcom,sm8550-pcie-anoc";
arch/arm64/boot/dts/qcom/sm8550.dtsi:2350:			clocks = <&gcc GCC_AGGRE_NOC_PCIE_AXI_CLK>,
arch/arm64/boot/dts/qcom/sm8550.dtsi:2351:				 <&gcc GCC_CFG_NOC_PCIE_ANOC_AHB_CLK>;
arch/arm64/boot/dts/qcom/sm8550.dtsi:2384:		pcie0: pcie@1c00000 {
arch/arm64/boot/dts/qcom/sm8550.dtsi:2385:			device_type = "pci";
arch/arm64/boot/dts/qcom/sm8550.dtsi:2386:			compatible = "qcom,pcie-sm8550";
arch/arm64/boot/dts/qcom/sm8550.dtsi:2398:				    "mhi";
arch/arm64/boot/dts/qcom/sm8550.dtsi:2407:			linux,pci-domain = <0>;
arch/arm64/boot/dts/qcom/sm8550.dtsi:2435:			clocks = <&gcc GCC_PCIE_0_AUX_CLK>,
arch/arm64/boot/dts/qcom/sm8550.dtsi:2436:				 <&gcc GCC_PCIE_0_CFG_AHB_CLK>,
arch/arm64/boot/dts/qcom/sm8550.dtsi:2437:				 <&gcc GCC_PCIE_0_MSTR_AXI_CLK>,
arch/arm64/boot/dts/qcom/sm8550.dtsi:2438:				 <&gcc GCC_PCIE_0_SLV_AXI_CLK>,
arch/arm64/boot/dts/qcom/sm8550.dtsi:2439:				 <&gcc GCC_PCIE_0_SLV_Q2A_AXI_CLK>,
arch/arm64/boot/dts/qcom/sm8550.dtsi:2440:				 <&gcc GCC_DDRSS_PCIE_SF_QTB_CLK>,
arch/arm64/boot/dts/qcom/sm8550.dtsi:2441:				 <&gcc GCC_AGGRE_NOC_PCIE_AXI_CLK>;
arch/arm64/boot/dts/qcom/sm8550.dtsi:2450:			interconnects = <&pcie_noc MASTER_PCIE_0 QCOM_ICC_TAG_ALWAYS
arch/arm64/boot/dts/qcom/sm8550.dtsi:2453:					 &cnoc_main SLAVE_PCIE_0 QCOM_ICC_TAG_ACTIVE_ONLY>;
arch/arm64/boot/dts/qcom/sm8550.dtsi:2454:			interconnect-names = "pcie-mem", "cpu-pcie";
arch/arm64/boot/dts/qcom/sm8550.dtsi:2461:			resets = <&gcc GCC_PCIE_0_BCR>;
arch/arm64/boot/dts/qcom/sm8550.dtsi:2462:			reset-names = "pci";
arch/arm64/boot/dts/qcom/sm8550.dtsi:2464:			power-domains = <&gcc PCIE_0_GDSC>;
arch/arm64/boot/dts/qcom/sm8550.dtsi:2466:			phys = <&pcie0_phy>;
arch/arm64/boot/dts/qcom/sm8550.dtsi:2467:			phy-names = "pciephy";
arch/arm64/boot/dts/qcom/sm8550.dtsi:2469:			operating-points-v2 = <&pcie0_opp_table>;
arch/arm64/boot/dts/qcom/sm8550.dtsi:2473:			pcie0_opp_table: opp-table {
arch/arm64/boot/dts/qcom/sm8550.dtsi:2525:			pcie0_port0: pcie@0 {
arch/arm64/boot/dts/qcom/sm8550.dtsi:2526:				device_type = "pci";
arch/arm64/boot/dts/qcom/sm8550.dtsi:2536:		pcie0_phy: phy@1c06000 {
arch/arm64/boot/dts/qcom/sm8550.dtsi:2537:			compatible = "qcom,sm8550-qmp-gen3x2-pcie-phy";
arch/arm64/boot/dts/qcom/sm8550.dtsi:2540:			clocks = <&gcc GCC_PCIE_0_AUX_CLK>,
arch/arm64/boot/dts/qcom/sm8550.dtsi:2541:				 <&gcc GCC_PCIE_0_CFG_AHB_CLK>,
arch/arm64/boot/dts/qcom/sm8550.dtsi:2542:				 <&tcsr TCSR_PCIE_0_CLKREF_EN>,
arch/arm64/boot/dts/qcom/sm8550.dtsi:2543:				 <&gcc GCC_PCIE_0_PHY_RCHNG_CLK>,
arch/arm64/boot/dts/qcom/sm8550.dtsi:2544:				 <&gcc GCC_PCIE_0_PIPE_CLK>;
arch/arm64/boot/dts/qcom/sm8550.dtsi:2548:			resets = <&gcc GCC_PCIE_0_PHY_BCR>;
arch/arm64/boot/dts/qcom/sm8550.dtsi:2551:			assigned-clocks = <&gcc GCC_PCIE_0_PHY_RCHNG_CLK>;
arch/arm64/boot/dts/qcom/sm8550.dtsi:2554:			power-domains = <&gcc PCIE_0_PHY_GDSC>;
arch/arm64/boot/dts/qcom/sm8550.dtsi:2557:			clock-output-names = "pcie0_pipe_clk";
arch/arm64/boot/dts/qcom/sm8550.dtsi:2564:		pcie1: pcie@1c08000 {
arch/arm64/boot/dts/qcom/sm8550.dtsi:2565:			device_type = "pci";
arch/arm64/boot/dts/qcom/sm8550.dtsi:2566:			compatible = "qcom,pcie-sm8550";
arch/arm64/boot/dts/qcom/sm8550.dtsi:2578:				    "mhi";
arch/arm64/boot/dts/qcom/sm8550.dtsi:2587:			linux,pci-domain = <1>;
arch/arm64/boot/dts/qcom/sm8550.dtsi:2615:			clocks = <&gcc GCC_PCIE_1_AUX_CLK>,
arch/arm64/boot/dts/qcom/sm8550.dtsi:2616:				 <&gcc GCC_PCIE_1_CFG_AHB_CLK>,
arch/arm64/boot/dts/qcom/sm8550.dtsi:2617:				 <&gcc GCC_PCIE_1_MSTR_AXI_CLK>,
arch/arm64/boot/dts/qcom/sm8550.dtsi:2618:				 <&gcc GCC_PCIE_1_SLV_AXI_CLK>,
arch/arm64/boot/dts/qcom/sm8550.dtsi:2619:				 <&gcc GCC_PCIE_1_SLV_Q2A_AXI_CLK>,
arch/arm64/boot/dts/qcom/sm8550.dtsi:2620:				 <&gcc GCC_DDRSS_PCIE_SF_QTB_CLK>,
arch/arm64/boot/dts/qcom/sm8550.dtsi:2621:				 <&gcc GCC_AGGRE_NOC_PCIE_AXI_CLK>,
arch/arm64/boot/dts/qcom/sm8550.dtsi:2622:				 <&gcc GCC_CNOC_PCIE_SF_AXI_CLK>;
arch/arm64/boot/dts/qcom/sm8550.dtsi:2632:			assigned-clocks = <&gcc GCC_PCIE_1_AUX_CLK>;
arch/arm64/boot/dts/qcom/sm8550.dtsi:2635:			interconnects = <&pcie_noc MASTER_PCIE_1 QCOM_ICC_TAG_ALWAYS
arch/arm64/boot/dts/qcom/sm8550.dtsi:2638:					 &cnoc_main SLAVE_PCIE_1 QCOM_ICC_TAG_ACTIVE_ONLY>;
arch/arm64/boot/dts/qcom/sm8550.dtsi:2639:			interconnect-names = "pcie-mem", "cpu-pcie";
arch/arm64/boot/dts/qcom/sm8550.dtsi:2646:			resets = <&gcc GCC_PCIE_1_BCR>,
arch/arm64/boot/dts/qcom/sm8550.dtsi:2647:				<&gcc GCC_PCIE_1_LINK_DOWN_BCR>;
arch/arm64/boot/dts/qcom/sm8550.dtsi:2648:			reset-names = "pci", "link_down";
arch/arm64/boot/dts/qcom/sm8550.dtsi:2650:			power-domains = <&gcc PCIE_1_GDSC>;
arch/arm64/boot/dts/qcom/sm8550.dtsi:2652:			phys = <&pcie1_phy>;
arch/arm64/boot/dts/qcom/sm8550.dtsi:2653:			phy-names = "pciephy";
arch/arm64/boot/dts/qcom/sm8550.dtsi:2655:			operating-points-v2 = <&pcie1_opp_table>;
arch/arm64/boot/dts/qcom/sm8550.dtsi:2659:			pcie1_opp_table: opp-table {
arch/arm64/boot/dts/qcom/sm8550.dtsi:2727:			pcie1_port0: pcie@0 {
arch/arm64/boot/dts/qcom/sm8550.dtsi:2728:				device_type = "pci";
arch/arm64/boot/dts/qcom/sm8550.dtsi:2738:		pcie1_phy: phy@1c0e000 {
arch/arm64/boot/dts/qcom/sm8550.dtsi:2739:			compatible = "qcom,sm8550-qmp-gen4x2-pcie-phy";
arch/arm64/boot/dts/qcom/sm8550.dtsi:2742:			clocks = <&gcc GCC_PCIE_1_PHY_AUX_CLK>,
arch/arm64/boot/dts/qcom/sm8550.dtsi:2743:				 <&gcc GCC_PCIE_1_CFG_AHB_CLK>,
arch/arm64/boot/dts/qcom/sm8550.dtsi:2744:				 <&tcsr TCSR_PCIE_1_CLKREF_EN>,
arch/arm64/boot/dts/qcom/sm8550.dtsi:2745:				 <&gcc GCC_PCIE_1_PHY_RCHNG_CLK>,
arch/arm64/boot/dts/qcom/sm8550.dtsi:2746:				 <&gcc GCC_PCIE_1_PIPE_CLK>;
arch/arm64/boot/dts/qcom/sm8550.dtsi:2750:			resets = <&gcc GCC_PCIE_1_PHY_BCR>,
arch/arm64/boot/dts/qcom/sm8550.dtsi:2751:				 <&gcc GCC_PCIE_1_NOCSR_COM_PHY_BCR>;
arch/arm64/boot/dts/qcom/sm8550.dtsi:2754:			assigned-clocks = <&gcc GCC_PCIE_1_PHY_RCHNG_CLK>;
arch/arm64/boot/dts/qcom/sm8550.dtsi:2757:			power-domains = <&gcc PCIE_1_PHY_GDSC>;
arch/arm64/boot/dts/qcom/sm8550.dtsi:2760:			clock-output-names = "pcie1_pipe_clk";
arch/arm64/boot/dts/qcom/sm8550.dtsi:5210:			pcie0_default_state: pcie0-default-state {
arch/arm64/boot/dts/qcom/sm8550.dtsi:5220:					function = "pcie0_clk_req_n";
arch/arm64/boot/dts/qcom/sm8550.dtsi:5233:			pcie1_default_state: pcie1-default-state {
arch/arm64/boot/dts/qcom/sm8550.dtsi:5243:					function = "pcie1_clk_req_n";

=== 20. KERNEL VERSION / SOURCE VERSION ===
7.3.0-rc5

v7.3-rc5-90-g33de5a8680b5-dirty

=== 21. UNCOMMITTED DIFF SUMMARY ===
 arch/arm64/boot/dts/qcom/sm8550-oneplus-salami.dts | 8 ++------
 1 file changed, 2 insertions(+), 6 deletions(-)

M	arch/arm64/boot/dts/qcom/sm8550-oneplus-salami.dts

=== 22. UNCOMMITTED DTS DIFF ===
diff --git a/arch/arm64/boot/dts/qcom/sm8550-oneplus-salami.dts b/arch/arm64/boot/dts/qcom/sm8550-oneplus-salami.dts
index 61e6d49e6aa8..f9bc943e9e47 100644
--- a/arch/arm64/boot/dts/qcom/sm8550-oneplus-salami.dts
+++ b/arch/arm64/boot/dts/qcom/sm8550-oneplus-salami.dts
@@ -1062,9 +1062,6 @@ &mdss_dsi0_phy {
 };
 
 &pcie0 {
-	wake-gpios = <&tlmm 96 GPIO_ACTIVE_HIGH>;
-	perst-gpios = <&tlmm 94 GPIO_ACTIVE_LOW>;
-
 	pinctrl-names = "default";
 	pinctrl-0 = <&pcie0_default_state>;
 
@@ -1073,6 +1070,8 @@ &pcie0 {
 
 &pcie0_port0 {
 	status = "okay";
+	wake-gpios = <&tlmm 96 GPIO_ACTIVE_HIGH>;
+	perst-gpios = <&tlmm 94 GPIO_ACTIVE_LOW>;
 	
 	wifi@0 {
 		compatible = "pci17cb,1107";
@@ -1221,9 +1220,6 @@ &remoteproc_cdsp {
 	status = "okay";
 };
 
-
-
-
 &remoteproc_mpss {
 	firmware-name = "qcom/sm8550/salami/modem.mbn",
 			"qcom/sm8550/salami/modem_dtb.mbn";

============================================================
 END
============================================================
